model,train_size,run,n_train,n_test,train_id_hash,test_id_hash,mae,rmse,r2
DummyMean,20,0,20,20,bdc829126d09b5bff2c06022a09dd5a2576c2d0cb4f3902548361c9fd06a4e5b,a9ba1277297a5c1d8666e8271a6aec46e6ebad0497153b83dc2be5fe7e56b7ee,17.102496000000002,24.239602629009312,-0.01625936329852129
SizeOnlyRidge,20,0,20,20,bdc829126d09b5bff2c06022a09dd5a2576c2d0cb4f3902548361c9fd06a4e5b,a9ba1277297a5c1d8666e8271a6aec46e6ebad0497153b83dc2be5fe7e56b7ee,16.397495266189758,23.803823283328704,0.019952775749433882
MorganRBFGPR,20,0,20,20,bdc829126d09b5bff2c06022a09dd5a2576c2d0cb4f3902548361c9fd06a4e5b,a9ba1277297a5c1d8666e8271a6aec46e6ebad0497153b83dc2be5fe7e56b7ee,16.621420255181253,27.363561655985002,-0.2950866229209046
DummyMean,20,1,20,20,aa53a5f8996d1ed7884f08cb23d7e3a1aefcd58270d9ae894877472d58937080,a9ba1277297a5c1d8666e8271a6aec46e6ebad0497153b83dc2be5fe7e56b7ee,18.022525000000005,24.093804109926275,-0.004070755914227453
SizeOnlyRidge,20,1,20,20,aa53a5f8996d1ed7884f08cb23d7e3a1aefcd58270d9ae894877472d58937080,a9ba1277297a5c1d8666e8271a6aec46e6ebad0497153b83dc2be5fe7e56b7ee,18.64283196321463,24.29909542104055,-0.021254024589960396
MorganRBFGPR,20,1,20,20,aa53a5f8996d1ed7884f08cb23d7e3a1aefcd58270d9ae894877472d58937080,a9ba1277297a5c1d8666e8271a6aec46e6ebad0497153b83dc2be5fe7e56b7ee,13.944332179244233,21.852421944207677,0.17405196683002233
DummyMean,20,2,20,20,8a2b3b9420745dec8bc66b33bd25a991c955762661c42668f3fc05e240c81242,a9ba1277297a5c1d8666e8271a6aec46e6ebad0497153b83dc2be5fe7e56b7ee,16.4322645,24.886502848700562,-0.07122651118535206
SizeOnlyRidge,20,2,20,20,8a2b3b9420745dec8bc66b33bd25a991c955762661c42668f3fc05e240c81242,a9ba1277297a5c1d8666e8271a6aec46e6ebad0497153b83dc2be5fe7e56b7ee,16.140812896436973,24.20348517707193,-0.013233129417175693
MorganRBFGPR,20,2,20,20,8a2b3b9420745dec8bc66b33bd25a991c955762661c42668f3fc05e240c81242,a9ba1277297a5c1d8666e8271a6aec46e6ebad0497153b83dc2be5fe7e56b7ee,13.44102833880211,23.316187419851417,0.05969522122384019
DummyMean,20,3,20,20,8026f162d1f501641c347e503917d4c7ed484d6b8ade80f619bd5449b1a87844,a9ba1277297a5c1d8666e8271a6aec46e6ebad0497153b83dc2be5fe7e56b7ee,17.92369,24.067391902206083,-0.001870589475622575
SizeOnlyRidge,20,3,20,20,8026f162d1f501641c347e503917d4c7ed484d6b8ade80f619bd5449b1a87844,a9ba1277297a5c1d8666e8271a6aec46e6ebad0497153b83dc2be5fe7e56b7ee,17.180471538125914,23.539666396264867,0.04158373467473797
MorganRBFGPR,20,3,20,20,8026f162d1f501641c347e503917d4c7ed484d6b8ade80f619bd5449b1a87844,a9ba1277297a5c1d8666e8271a6aec46e6ebad0497153b83dc2be5fe7e56b7ee,15.075351025508567,22.973294327538824,0.08714852544950957
DummyMean,20,4,20,20,0c992fce578de5a80b1c5647a76b6884f21c1a2e9e542d538c82a351366b86a0,a9ba1277297a5c1d8666e8271a6aec46e6ebad0497153b83dc2be5fe7e56b7ee,17.921085,24.066832611033384,-0.0018240259868618214
SizeOnlyRidge,20,4,20,20,0c992fce578de5a80b1c5647a76b6884f21c1a2e9e542d538c82a351366b86a0,a9ba1277297a5c1d8666e8271a6aec46e6ebad0497153b83dc2be5fe7e56b7ee,19.980293488845323,25.312288852403842,-0.10819555459002617
MorganRBFGPR,20,4,20,20,0c992fce578de5a80b1c5647a76b6884f21c1a2e9e542d538c82a351366b86a0,a9ba1277297a5c1d8666e8271a6aec46e6ebad0497153b83dc2be5fe7e56b7ee,17.962116429081163,25.660235917837934,-0.13887184861198
DummyMean,40,0,40,20,01ce2e60246015cc7cdb5bf4dc409ef0d190668e30dbb535374bf29b99f6f18e,a9ba1277297a5c1d8666e8271a6aec46e6ebad0497153b83dc2be5fe7e56b7ee,16.281375,25.24375321721696,-0.10220257116172182
SizeOnlyRidge,40,0,40,20,01ce2e60246015cc7cdb5bf4dc409ef0d190668e30dbb535374bf29b99f6f18e,a9ba1277297a5c1d8666e8271a6aec46e6ebad0497153b83dc2be5fe7e56b7ee,16.14443812873688,25.08791195894273,-0.08863577458963712
MorganRBFGPR,40,0,40,20,01ce2e60246015cc7cdb5bf4dc409ef0d190668e30dbb535374bf29b99f6f18e,a9ba1277297a5c1d8666e8271a6aec46e6ebad0497153b83dc2be5fe7e56b7ee,13.058335086578353,23.311503555760947,0.06007296886619862
DummyMean,40,1,40,20,f3b3508f5541468a7a20728b67bccf64caf2edded8637fb2f01ea16c27806b57,a9ba1277297a5c1d8666e8271a6aec46e6ebad0497153b83dc2be5fe7e56b7ee,17.083326250000002,24.251912727949968,-0.017291841443768607
SizeOnlyRidge,40,1,40,20,f3b3508f5541468a7a20728b67bccf64caf2edded8637fb2f01ea16c27806b57,a9ba1277297a5c1d8666e8271a6aec46e6ebad0497153b83dc2be5fe7e56b7ee,16.443828267912753,23.544753750322226,0.0411694272101194
MorganRBFGPR,40,1,40,20,f3b3508f5541468a7a20728b67bccf64caf2edded8637fb2f01ea16c27806b57,a9ba1277297a5c1d8666e8271a6aec46e6ebad0497153b83dc2be5fe7e56b7ee,14.173206115763202,24.829959363111147,-0.06636427152064583
DummyMean,40,2,40,20,7be8c030b744f0bd3195726619e06acb2d3bafedc80b3aa645a6eb332fcf9225,a9ba1277297a5c1d8666e8271a6aec46e6ebad0497153b83dc2be5fe7e56b7ee,16.664268,24.612915069887094,-0.04780308860689719
SizeOnlyRidge,40,2,40,20,7be8c030b744f0bd3195726619e06acb2d3bafedc80b3aa645a6eb332fcf9225,a9ba1277297a5c1d8666e8271a6aec46e6ebad0497153b83dc2be5fe7e56b7ee,16.162766228723605,23.943563972425416,0.00841223761226706
MorganRBFGPR,40,2,40,20,7be8c030b744f0bd3195726619e06acb2d3bafedc80b3aa645a6eb332fcf9225,a9ba1277297a5c1d8666e8271a6aec46e6ebad0497153b83dc2be5fe7e56b7ee,14.3794523319142,20.601057031834557,0.2659382801580683
DummyMean,40,3,40,20,2ef4de1fcb17a29cc10d6581c161d86c0da6cfb1fa0263d192ef9df6b41b7488,a9ba1277297a5c1d8666e8271a6aec46e6ebad0497153b83dc2be5fe7e56b7ee,17.35511,24.11241351823527,-0.005622389565931751
SizeOnlyRidge,40,3,40,20,2ef4de1fcb17a29cc10d6581c161d86c0da6cfb1fa0263d192ef9df6b41b7488,a9ba1277297a5c1d8666e8271a6aec46e6ebad0497153b83dc2be5fe7e56b7ee,16.462332267255647,23.42085832764789,0.05123384869880321
MorganRBFGPR,40,3,40,20,2ef4de1fcb17a29cc10d6581c161d86c0da6cfb1fa0263d192ef9df6b41b7488,a9ba1277297a5c1d8666e8271a6aec46e6ebad0497153b83dc2be5fe7e56b7ee,15.615192692302827,21.061073759159537,0.2327894146211762
DummyMean,40,4,40,20,79027a0c596b0739427d706e7c3d13bfed9a0f9c3750365952978629773130a8,a9ba1277297a5c1d8666e8271a6aec46e6ebad0497153b83dc2be5fe7e56b7ee,17.52543125,24.063726060245514,-0.0015654114525132101
SizeOnlyRidge,40,4,40,20,79027a0c596b0739427d706e7c3d13bfed9a0f9c3750365952978629773130a8,a9ba1277297a5c1d8666e8271a6aec46e6ebad0497153b83dc2be5fe7e56b7ee,16.489244696860645,23.499885063823584,0.044820387107904924
MorganRBFGPR,40,4,40,20,79027a0c596b0739427d706e7c3d13bfed9a0f9c3750365952978629773130a8,a9ba1277297a5c1d8666e8271a6aec46e6ebad0497153b83dc2be5fe7e56b7ee,12.118113747517967,22.42295465065966,0.1303605248938121
DummyMean,60,0,60,20,de749e9ca44c83400e9081c3af5809bc77c84780e1adbb8e9caed42e11b9a12c,a9ba1277297a5c1d8666e8271a6aec46e6ebad0497153b83dc2be5fe7e56b7ee,16.530391833333333,24.764525903417624,-0.060751377544413954
SizeOnlyRidge,60,0,60,20,de749e9ca44c83400e9081c3af5809bc77c84780e1adbb8e9caed42e11b9a12c,a9ba1277297a5c1d8666e8271a6aec46e6ebad0497153b83dc2be5fe7e56b7ee,16.035678708388517,24.19278010167267,-0.012337032161721995
MorganRBFGPR,60,0,60,20,de749e9ca44c83400e9081c3af5809bc77c84780e1adbb8e9caed42e11b9a12c,a9ba1277297a5c1d8666e8271a6aec46e6ebad0497153b83dc2be5fe7e56b7ee,14.719136988791638,21.60176168099019,0.1928915224531902
DummyMean,60,1,60,20,c4a6704af19ad00ebc0799e7b43f407ecb3ce2e4af11a7d5d6248563e586210c,a9ba1277297a5c1d8666e8271a6aec46e6ebad0497153b83dc2be5fe7e56b7ee,16.809299499999998,24.46828362660285,-0.03552498061270071
SizeOnlyRidge,60,1,60,20,c4a6704af19ad00ebc0799e7b43f407ecb3ce2e4af11a7d5d6248563e586210c,a9ba1277297a5c1d8666e8271a6aec46e6ebad0497153b83dc2be5fe7e56b7ee,16.1288846622946,23.882914821796,0.013429267617977803
MorganRBFGPR,60,1,60,20,c4a6704af19ad00ebc0799e7b43f407ecb3ce2e4af11a7d5d6248563e586210c,a9ba1277297a5c1d8666e8271a6aec46e6ebad0497153b83dc2be5fe7e56b7ee,16.809299499999998,24.46828362660285,-0.03552498061270071
DummyMean,60,2,60,20,54030b128f40b05313ed0014c0bc24df1c20d2b0701b27db4be18f099bab94f7,a9ba1277297a5c1d8666e8271a6aec46e6ebad0497153b83dc2be5fe7e56b7ee,17.313951333333332,24.12867395343321,-0.006979148913317523
SizeOnlyRidge,60,2,60,20,54030b128f40b05313ed0014c0bc24df1c20d2b0701b27db4be18f099bab94f7,a9ba1277297a5c1d8666e8271a6aec46e6ebad0497153b83dc2be5fe7e56b7ee,16.54733731588066,23.508781993228137,0.04409699852610949
MorganRBFGPR,60,2,60,20,54030b128f40b05313ed0014c0bc24df1c20d2b0701b27db4be18f099bab94f7,a9ba1277297a5c1d8666e8271a6aec46e6ebad0497153b83dc2be5fe7e56b7ee,12.119940654123297,20.720483002663435,0.2574027824989844
DummyMean,60,3,60,20,70132567fd35ec8a7503e708b2648e00ed07e8b4cc6c63ca6ed022092461740d,a9ba1277297a5c1d8666e8271a6aec46e6ebad0497153b83dc2be5fe7e56b7ee,17.151249166666666,24.20997677721196,-0.013776719429162698
SizeOnlyRidge,60,3,60,20,70132567fd35ec8a7503e708b2648e00ed07e8b4cc6c63ca6ed022092461740d,a9ba1277297a5c1d8666e8271a6aec46e6ebad0497153b83dc2be5fe7e56b7ee,16.402197565591173,23.587874339094025,0.03765414734482031
MorganRBFGPR,60,3,60,20,70132567fd35ec8a7503e708b2648e00ed07e8b4cc6c63ca6ed022092461740d,a9ba1277297a5c1d8666e8271a6aec46e6ebad0497153b83dc2be5fe7e56b7ee,13.417211834896957,25.012590978149117,-0.08210880453471203
DummyMean,60,4,60,20,9480094d530fc699b5bc19f896dbe84f5f82a4f1f7996b28e7290e9918a4055a,a9ba1277297a5c1d8666e8271a6aec46e6ebad0497153b83dc2be5fe7e56b7ee,17.293301500000002,24.13748887709596,-0.0077150422955740705
SizeOnlyRidge,60,4,60,20,9480094d530fc699b5bc19f896dbe84f5f82a4f1f7996b28e7290e9918a4055a,a9ba1277297a5c1d8666e8271a6aec46e6ebad0497153b83dc2be5fe7e56b7ee,16.412896381965528,23.519245708457674,0.04324586784658413
MorganRBFGPR,60,4,60,20,9480094d530fc699b5bc19f896dbe84f5f82a4f1f7996b28e7290e9918a4055a,a9ba1277297a5c1d8666e8271a6aec46e6ebad0497153b83dc2be5fe7e56b7ee,13.394012175511014,25.90046632894428,-0.1602958395658538
DummyMean,80,0,80,20,0ecc8141f02f93456952b3b841a32cc50b97265469c0b38e30f4611b2937e7f3,a9ba1277297a5c1d8666e8271a6aec46e6ebad0497153b83dc2be5fe7e56b7ee,17.068573375000003,24.26164006598631,-0.018108067880337808
SizeOnlyRidge,80,0,80,20,0ecc8141f02f93456952b3b841a32cc50b97265469c0b38e30f4611b2937e7f3,a9ba1277297a5c1d8666e8271a6aec46e6ebad0497153b83dc2be5fe7e56b7ee,16.335219727953266,23.592482394400513,0.037278108706607416
MorganRBFGPR,80,0,80,20,0ecc8141f02f93456952b3b841a32cc50b97265469c0b38e30f4611b2937e7f3,a9ba1277297a5c1d8666e8271a6aec46e6ebad0497153b83dc2be5fe7e56b7ee,11.534501426486319,21.08209132476301,0.2312573992274417
DummyMean,80,1,80,20,0ecc8141f02f93456952b3b841a32cc50b97265469c0b38e30f4611b2937e7f3,a9ba1277297a5c1d8666e8271a6aec46e6ebad0497153b83dc2be5fe7e56b7ee,17.068573375000003,24.26164006598631,-0.018108067880337808
SizeOnlyRidge,80,1,80,20,0ecc8141f02f93456952b3b841a32cc50b97265469c0b38e30f4611b2937e7f3,a9ba1277297a5c1d8666e8271a6aec46e6ebad0497153b83dc2be5fe7e56b7ee,16.335219727953262,23.592482394400513,0.037278108706607194
MorganRBFGPR,80,1,80,20,0ecc8141f02f93456952b3b841a32cc50b97265469c0b38e30f4611b2937e7f3,a9ba1277297a5c1d8666e8271a6aec46e6ebad0497153b83dc2be5fe7e56b7ee,11.534501426486361,21.082091324763155,0.23125739922743116
DummyMean,80,2,80,20,0ecc8141f02f93456952b3b841a32cc50b97265469c0b38e30f4611b2937e7f3,a9ba1277297a5c1d8666e8271a6aec46e6ebad0497153b83dc2be5fe7e56b7ee,17.068573375000003,24.26164006598631,-0.018108067880337808
SizeOnlyRidge,80,2,80,20,0ecc8141f02f93456952b3b841a32cc50b97265469c0b38e30f4611b2937e7f3,a9ba1277297a5c1d8666e8271a6aec46e6ebad0497153b83dc2be5fe7e56b7ee,16.335219727953266,23.592482394400516,0.03727810870660708
MorganRBFGPR,80,2,80,20,0ecc8141f02f93456952b3b841a32cc50b97265469c0b38e30f4611b2937e7f3,a9ba1277297a5c1d8666e8271a6aec46e6ebad0497153b83dc2be5fe7e56b7ee,11.534501426486296,21.082091324763116,0.23125739922743405
DummyMean,80,3,80,20,0ecc8141f02f93456952b3b841a32cc50b97265469c0b38e30f4611b2937e7f3,a9ba1277297a5c1d8666e8271a6aec46e6ebad0497153b83dc2be5fe7e56b7ee,17.068573375000003,24.26164006598631,-0.018108067880337808
SizeOnlyRidge,80,3,80,20,0ecc8141f02f93456952b3b841a32cc50b97265469c0b38e30f4611b2937e7f3,a9ba1277297a5c1d8666e8271a6aec46e6ebad0497153b83dc2be5fe7e56b7ee,16.335219727953266,23.592482394400516,0.03727810870660708
MorganRBFGPR,80,3,80,20,0ecc8141f02f93456952b3b841a32cc50b97265469c0b38e30f4611b2937e7f3,a9ba1277297a5c1d8666e8271a6aec46e6ebad0497153b83dc2be5fe7e56b7ee,11.534501426486404,21.082091324763105,0.23125739922743482
DummyMean,80,4,80,20,0ecc8141f02f93456952b3b841a32cc50b97265469c0b38e30f4611b2937e7f3,a9ba1277297a5c1d8666e8271a6aec46e6ebad0497153b83dc2be5fe7e56b7ee,17.068573375000003,24.26164006598631,-0.018108067880337808
SizeOnlyRidge,80,4,80,20,0ecc8141f02f93456952b3b841a32cc50b97265469c0b38e30f4611b2937e7f3,a9ba1277297a5c1d8666e8271a6aec46e6ebad0497153b83dc2be5fe7e56b7ee,16.335219727953266,23.592482394400513,0.037278108706607194
MorganRBFGPR,80,4,80,20,0ecc8141f02f93456952b3b841a32cc50b97265469c0b38e30f4611b2937e7f3,a9ba1277297a5c1d8666e8271a6aec46e6ebad0497153b83dc2be5fe7e56b7ee,11.534501426486397,21.08209132476304,0.2312573992274396
