scenario,qid,size,singleton,n_ring,n_acyclic,unique_inchikeys,pair_capacity,smiles_examples
scaffold_butina_qid,acyclic_cluster:0,15,False,0,15,15,105,CCCCCO;CCCCCCCO;CCCCCCCCC
scaffold_butina_qid,acyclic_cluster:1,7,False,0,7,7,21,CCOC(=O)OCC;CC(=O)OCCO;CCOC(=O)CC(=O)OCC
scaffold_butina_qid,acyclic_cluster:10,3,False,0,3,3,3,CCCC(C)=O;CCC(=O)CC;CCC(C)=O
scaffold_butina_qid,acyclic_cluster:11,2,False,0,2,2,1,CCCO;CCO
scaffold_butina_qid,acyclic_cluster:12,2,False,0,2,2,1,CCC(O)CO;OCC(O)CO
scaffold_butina_qid,acyclic_cluster:13,2,False,0,2,2,1,OCCN(CCO)CCO;CC(O)C(=O)O.OCCN(CCO)CCO
scaffold_butina_qid,acyclic_cluster:14,2,False,0,2,2,1,CN(CCO)CCO;CN(C)CCO
scaffold_butina_qid,acyclic_cluster:15,2,False,0,2,2,1,COC(=O)OC;COC(C)=O
scaffold_butina_qid,acyclic_cluster:16,2,False,0,2,2,1,CCCC(=O)O;CCCCC(=O)O
scaffold_butina_qid,acyclic_cluster:17,2,False,0,2,2,1,CC(=O)CC(C)C;CC(C)CC(=O)O
scaffold_butina_qid,acyclic_cluster:18,2,False,0,2,2,1,CCC(C)O;CCC(C)C
scaffold_butina_qid,acyclic_cluster:19,2,False,0,2,2,1,CC/C=C\CC;CC/C=C/CC
scaffold_butina_qid,acyclic_cluster:2,7,False,0,7,7,21,N#CCCCCC#N;N#CCCCCCCC#N;N#CCCCCCC#N
scaffold_butina_qid,acyclic_cluster:20,2,False,0,2,2,1,ClC(Cl)=C(Cl)C(Cl)=C(Cl)Cl;ClC(Cl)=C(Cl)Cl
scaffold_butina_qid,acyclic_cluster:21,2,False,0,2,2,1,Cl/C=C\Cl;Cl/C=C/Cl
scaffold_butina_qid,acyclic_cluster:22,2,False,0,2,2,1,C=C/C=C/C;CC=CC=CC
scaffold_butina_qid,acyclic_cluster:23,2,False,0,2,2,1,C=CCCC;C=CCCCCC
scaffold_butina_qid,acyclic_cluster:24,2,False,0,2,2,1,FC(F)C(F)(F)OCC(F)(F)F;FC(F)C(F)(F)OCC(F)(F)C(F)F
scaffold_butina_qid,acyclic_cluster:25,2,False,0,2,2,1,CCC(=O)OC;CCCC(=O)OC
scaffold_butina_qid,acyclic_cluster:26,1,True,0,1,1,0,CCCCC[N+](CC)(CC)CC.O=S(=O)([N-]S(=O)(=O)C(F)(F)F)C(F)(F)F
scaffold_butina_qid,acyclic_cluster:27,1,True,0,1,1,0,CC(C)(N)CO
scaffold_butina_qid,acyclic_cluster:28,1,True,0,1,1,0,CC(C)(C)O
scaffold_butina_qid,acyclic_cluster:29,1,True,0,1,1,0,CCCCOCCCC
scaffold_butina_qid,acyclic_cluster:3,5,False,0,5,5,10,NCCO;CC(O)C(=O)O.NCCO;CC(=O)O
scaffold_butina_qid,acyclic_cluster:30,1,True,0,1,1,0,CC(=O)N(C)C
scaffold_butina_qid,acyclic_cluster:31,1,True,0,1,1,0,FC(F)C(F)C(F)(F)F
scaffold_butina_qid,acyclic_cluster:32,1,True,0,1,1,0,CS(C)=O
scaffold_butina_qid,acyclic_cluster:33,1,True,0,1,1,0,CC(C)O
scaffold_butina_qid,acyclic_cluster:34,1,True,0,1,1,0,CC(O)CNCC(C)O
scaffold_butina_qid,acyclic_cluster:35,1,True,0,1,1,0,O=[N+]([O-])[O-].[NH3+]CCO
scaffold_butina_qid,acyclic_cluster:36,1,True,0,1,1,0,CN=C(C)O
scaffold_butina_qid,acyclic_cluster:37,1,True,0,1,1,0,CO
scaffold_butina_qid,acyclic_cluster:38,1,True,0,1,1,0,CC(F)(F)CC(F)(F)F
scaffold_butina_qid,acyclic_cluster:39,1,True,0,1,1,0,O
scaffold_butina_qid,acyclic_cluster:4,5,False,0,5,5,10,COCCOCCOC;COCCOC;COCCOCCOCCOC
scaffold_butina_qid,acyclic_cluster:40,1,True,0,1,1,0,FC(C(F)(F)F)C(F)(F)F
scaffold_butina_qid,acyclic_cluster:41,1,True,0,1,1,0,CCCCC(CC)CO
scaffold_butina_qid,acyclic_cluster:42,1,True,0,1,1,0,OCCNCCO
scaffold_butina_qid,acyclic_cluster:43,1,True,0,1,1,0,N=CO
scaffold_butina_qid,acyclic_cluster:44,1,True,0,1,1,0,CN(C)C=O
scaffold_butina_qid,acyclic_cluster:45,1,True,0,1,1,0,CCCCCOC=O
scaffold_butina_qid,acyclic_cluster:46,1,True,0,1,1,0,CC(=O)OCC(C)C
scaffold_butina_qid,acyclic_cluster:47,1,True,0,1,1,0,CC(=O)CC(C)(C)O
scaffold_butina_qid,acyclic_cluster:48,1,True,0,1,1,0,CC(C)=O
scaffold_butina_qid,acyclic_cluster:49,1,True,0,1,1,0,CCOCC
scaffold_butina_qid,acyclic_cluster:5,5,False,0,5,5,10,OCCOCCO;OCCOCCOCCOCCO;CCCOCCO
scaffold_butina_qid,acyclic_cluster:50,1,True,0,1,1,0,O=C(O)C(F)(F)F
scaffold_butina_qid,acyclic_cluster:51,1,True,0,1,1,0,OC[C@@H](O)C(O)[C@@H](O)CO
scaffold_butina_qid,acyclic_cluster:52,1,True,0,1,1,0,CCOS(=O)OCC
scaffold_butina_qid,acyclic_cluster:53,1,True,0,1,1,0,CCSC#N
scaffold_butina_qid,acyclic_cluster:54,1,True,0,1,1,0,COC(C)OC
scaffold_butina_qid,acyclic_cluster:55,1,True,0,1,1,0,CC(O)CC(C)(C)O
scaffold_butina_qid,acyclic_cluster:56,1,True,0,1,1,0,CCOC(C)OCC
scaffold_butina_qid,acyclic_cluster:57,1,True,0,1,1,0,CC#N
scaffold_butina_qid,acyclic_cluster:58,1,True,0,1,1,0,COC
scaffold_butina_qid,acyclic_cluster:59,1,True,0,1,1,0,CCC#N
scaffold_butina_qid,acyclic_cluster:6,4,False,0,4,4,6,CCCCO;OCCO;OCCCO
scaffold_butina_qid,acyclic_cluster:60,1,True,0,1,1,0,C/C=C/C#N
scaffold_butina_qid,acyclic_cluster:61,1,True,0,1,1,0,CCC(C)(C)O
scaffold_butina_qid,acyclic_cluster:62,1,True,0,1,1,0,CC(C)OC(C)C
scaffold_butina_qid,acyclic_cluster:63,1,True,0,1,1,0,S=C=S
scaffold_butina_qid,acyclic_cluster:64,1,True,0,1,1,0,C=C(C)CC
scaffold_butina_qid,acyclic_cluster:65,1,True,0,1,1,0,C[Si](C)(C)O[Si](C)(C)C
scaffold_butina_qid,acyclic_cluster:66,1,True,0,1,1,0,NCCN
scaffold_butina_qid,acyclic_cluster:67,1,True,0,1,1,0,CNC
scaffold_butina_qid,acyclic_cluster:68,1,True,0,1,1,0,CN(C)C
scaffold_butina_qid,acyclic_cluster:69,1,True,0,1,1,0,CCCCS
scaffold_butina_qid,acyclic_cluster:7,4,False,0,4,4,6,ClCCCl;ClCCCCl;ClCCCCCl
scaffold_butina_qid,acyclic_cluster:70,1,True,0,1,1,0,CCSCC
scaffold_butina_qid,acyclic_cluster:71,1,True,0,1,1,0,CCC(C)(C)F
scaffold_butina_qid,acyclic_cluster:72,1,True,0,1,1,0,CCN(CC)CC
scaffold_butina_qid,acyclic_cluster:73,1,True,0,1,1,0,C=CC
scaffold_butina_qid,acyclic_cluster:74,1,True,0,1,1,0,C=CC(=C)C
scaffold_butina_qid,acyclic_cluster:75,1,True,0,1,1,0,C=C(C)C=CC
scaffold_butina_qid,acyclic_cluster:76,1,True,0,1,1,0,C=C/C(C)=C/C
scaffold_butina_qid,acyclic_cluster:77,1,True,0,1,1,0,C=CC=C(C)C
scaffold_butina_qid,acyclic_cluster:78,1,True,0,1,1,0,C=C(C)C(=C)C
scaffold_butina_qid,acyclic_cluster:79,1,True,0,1,1,0,CCCC=C(C)C
scaffold_butina_qid,acyclic_cluster:8,3,False,0,3,3,3,C=CC(=O)OC;C=CC(=O)OCCCC;C=CC(=O)OCC
scaffold_butina_qid,acyclic_cluster:80,1,True,0,1,1,0,FC(F)(F)COCC(F)(F)F
scaffold_butina_qid,acyclic_cluster:81,1,True,0,1,1,0,ClCCOCCCl
scaffold_butina_qid,acyclic_cluster:82,1,True,0,1,1,0,CC(Cl)CCl
scaffold_butina_qid,acyclic_cluster:9,3,False,0,3,3,3,CC(O)CO;CC(C)CO;CC(C)CCO
scaffold_butina_qid,ring:C1=CCCCC1,1,True,1,0,1,0,C1=CCCCC1
scaffold_butina_qid,ring:C1CC1,1,True,1,0,1,0,CCC1CC1
scaffold_butina_qid,ring:C1CCC1,1,True,1,0,1,0,CCC1CCC1
scaffold_butina_qid,ring:C1CCCC1,3,False,3,0,3,3,OC1CCCC1;C1CCCC1;CC1CCCC1
scaffold_butina_qid,ring:C1CCCCC1,6,False,6,0,6,15,OC1CCCCC1;CC1CCCCC1;C1CCCCC1
scaffold_butina_qid,ring:C1CCOC1,2,False,2,0,2,1,C1CCOC1;CC1CCCO1
scaffold_butina_qid,ring:C1CC[NH2+]C1,2,False,2,0,2,1,CCCC[N+]1(C)CCCC1.N#C[N-]C#N;CCCCC[N+]1(C)CCCC1.O=S(=O)([N-]S(=O)(=O)C(F)(F)F)C(F)(F)F
scaffold_butina_qid,ring:C1COCCN1,1,True,1,0,1,0,C1COCCN1
scaffold_butina_qid,ring:C1COCCO1,1,True,1,0,1,0,C1COCCO1
scaffold_butina_qid,ring:C1COCCOCCOCCO1,1,True,1,0,1,0,C1COCCOCCOCCO1
scaffold_butina_qid,ring:C1COCCOCCOCCOCCO1,1,True,1,0,1,0,C1COCCOCCOCCOCCO1
scaffold_butina_qid,ring:C1COCO1,1,True,1,0,1,0,C1COCO1
scaffold_butina_qid,ring:C1OCOCO1,1,True,1,0,1,0,CC1OC(C)OC(C)O1
scaffold_butina_qid,ring:O=C1CCC1,1,True,1,0,1,0,O=C1CCC1
scaffold_butina_qid,ring:O=C1CCCC1,1,True,1,0,1,0,O=C1CCCC1
scaffold_butina_qid,ring:O=C1CCCCC1,4,False,4,0,4,6,O=C1CCCCC1;CC1CCCCC1=O;CC1CCCC(=O)C1
scaffold_butina_qid,ring:O=C1CCCCCC1,1,True,1,0,1,0,O=C1CCCCCC1
scaffold_butina_qid,ring:O=C1CCCCCCC1,1,True,1,0,1,0,O=C1CCCCCCC1
scaffold_butina_qid,ring:O=C1CCCN1,1,True,1,0,1,0,CN1CCCC1=O
scaffold_butina_qid,ring:O=C1CCCO1,2,False,2,0,2,1,O=C1CCCO1;CC1CCC(=O)O1
scaffold_butina_qid,ring:O=S1(=O)CCCC1,1,True,1,0,1,0,O=S1(=O)CCCC1
scaffold_butina_qid,ring:c1c[nH+]c[nH]1,14,False,14,0,14,91,CCCCn1cc[n+](C)c1.O=S(=O)([O-])C(F)(F)F;CCCCn1c(C)c(C)[n+](C)c1C.O=S(=O)([N-]S(=O)(=O)C(F)(F)F)C(F)(F)F;CCOP(=O)([O-])OCC.CCn1cc[n+](C)c1
scaffold_butina_qid,ring:c1c[nH]cn1,3,False,3,0,3,3,Cn1ccnc1;Br.Cn1ccnc1;Cl.Cn1ccnc1
scaffold_butina_qid,ring:c1ccccc1,31,False,31,0,31,465,CNc1ccccc1;Cc1ccccc1;N#Cc1ccccc1
scaffold_butina_qid,ring:c1ccncc1,1,True,1,0,1,0,c1ccncc1
scaffold_butina_qid,ring:c1ccoc1,1,True,1,0,1,0,c1ccoc1
scaffold_butina_qid,ring:c1ccsc1,1,True,1,0,1,0,CC(=O)c1cccs1
scaffold_butina_qid,ring:c1cnccn1,1,True,1,0,1,0,Cc1cnc(C)cn1
inchikey_singleton_negative_control,AFBPFSWMIHJQDM-UHFFFAOYSA-N,1,True,0,0,1,0,CNc1ccccc1
inchikey_singleton_negative_control,AILKHAQXUAOOFU-UHFFFAOYSA-N,1,True,0,0,1,0,CCCCCC#N
inchikey_singleton_negative_control,ALYCOCULEAWWJO-UHFFFAOYSA-N,1,True,0,0,1,0,CCCCC[N+](CC)(CC)CC.O=S(=O)([N-]S(=O)(=O)C(F)(F)F)C(F)(F)F
inchikey_singleton_negative_control,AMQJEAYHLZJPGS-UHFFFAOYSA-N,1,True,0,0,1,0,CCCCCO
inchikey_singleton_negative_control,APPOKADJQUIAHP-UHFFFAOYSA-N,1,True,0,0,1,0,CC=CC=CC
inchikey_singleton_negative_control,BAPJBEWLBFYGME-UHFFFAOYSA-N,1,True,0,0,1,0,C=CC(=O)OC
inchikey_singleton_negative_control,BBMCTIGTTCKYKF-UHFFFAOYSA-N,1,True,0,0,1,0,CCCCCCCO
inchikey_singleton_negative_control,BDERNNFJNOPAEC-UHFFFAOYSA-N,1,True,0,0,1,0,CCCO
inchikey_singleton_negative_control,BGTOWKSIORTVQH-UHFFFAOYSA-N,1,True,0,0,1,0,O=C1CCCC1
inchikey_singleton_negative_control,BKIMMITUMNQMOS-UHFFFAOYSA-N,1,True,0,0,1,0,CCCCCCCCC
inchikey_singleton_negative_control,BMRWNKZVCUKKSR-UHFFFAOYSA-N,1,True,0,0,1,0,CCC(O)CO
inchikey_singleton_negative_control,BOGRNZQRTNVZCZ-AATRIKPKSA-N,1,True,0,0,1,0,C=C/C(C)=C/C
inchikey_singleton_negative_control,BTANRVKWQNVYAZ-UHFFFAOYSA-N,1,True,0,0,1,0,CCC(C)O
inchikey_singleton_negative_control,BTGRAWJCKBQKAO-UHFFFAOYSA-N,1,True,0,0,1,0,N#CCCCCC#N
inchikey_singleton_negative_control,BTNXBLUGMAMSSH-UHFFFAOYSA-N,1,True,0,0,1,0,N#CCCCCCCC#N
inchikey_singleton_negative_control,BTQZKHUEUDPRST-UHFFFAOYSA-N,1,True,0,0,1,0,Cc1cccc(F)c1
inchikey_singleton_negative_control,BWEKDYGHDCHWEN-UHFFFAOYSA-N,1,True,0,0,1,0,CCCC=C(C)C
inchikey_singleton_negative_control,CBTVGIZVANVGBH-UHFFFAOYSA-N,1,True,0,0,1,0,CC(C)(N)CO
inchikey_singleton_negative_control,CGZZMOTZOONQIA-UHFFFAOYSA-N,1,True,0,0,1,0,O=C1CCCCCC1
inchikey_singleton_negative_control,CJSBUWDGPXGFGA-UHFFFAOYSA-N,1,True,0,0,1,0,C=CC=C(C)C
inchikey_singleton_negative_control,CQEYYJKEWSMYFG-UHFFFAOYSA-N,1,True,0,0,1,0,C=CC(=O)OCCCC
inchikey_singleton_negative_control,CRVGTESFCCXCTH-UHFFFAOYSA-N,1,True,0,0,1,0,CN(CCO)CCO
inchikey_singleton_negative_control,CSCPPACGZOOCGX-UHFFFAOYSA-N,1,True,0,0,1,0,CC(C)=O
inchikey_singleton_negative_control,CWIFAKBLLXGZIC-UHFFFAOYSA-N,1,True,0,0,1,0,FC(F)C(F)(F)OCC(F)(F)F
inchikey_singleton_negative_control,CYTYCFOTNPOANT-UHFFFAOYSA-N,1,True,0,0,1,0,ClC(Cl)=C(Cl)Cl
inchikey_singleton_negative_control,DHKHKXVYLBGOIT-UHFFFAOYSA-N,1,True,0,0,1,0,CCOC(C)OCC
inchikey_singleton_negative_control,DIQMPQMYFZXDAX-UHFFFAOYSA-N,1,True,0,0,1,0,CCCCCOC=O
inchikey_singleton_negative_control,DKGAVHZHDRPRBM-UHFFFAOYSA-N,1,True,0,0,1,0,CC(C)(C)O
inchikey_singleton_negative_control,DKPFZGUDAPQIHT-UHFFFAOYSA-N,1,True,0,0,1,0,CCCCOC(C)=O
inchikey_singleton_negative_control,DLRJIFUOBPOJNS-UHFFFAOYSA-N,1,True,0,0,1,0,CCOc1ccccc1
inchikey_singleton_negative_control,DNIAPMSPPWPWGF-UHFFFAOYSA-N,1,True,0,0,1,0,CC(O)CO
inchikey_singleton_negative_control,DTQVDTLACAAQTR-UHFFFAOYSA-N,1,True,0,0,1,0,O=C(O)C(F)(F)F
inchikey_singleton_negative_control,DURPTKYDGMDSBL-UHFFFAOYSA-N,1,True,0,0,1,0,CCCCOCCCC
inchikey_singleton_negative_control,FDPIMTJIUBPUKL-UHFFFAOYSA-N,1,True,0,0,1,0,CCC(=O)CC
inchikey_singleton_negative_control,FERIUCNNQQJTOY-UHFFFAOYSA-N,1,True,0,0,1,0,CCCC(=O)O
inchikey_singleton_negative_control,FOTXAJDDGPYIFU-UHFFFAOYSA-N,1,True,0,0,1,0,CCC1CC1
inchikey_singleton_negative_control,FRZPYEHDSAQGAS-UHFFFAOYSA-M,1,True,0,0,1,0,CCCCn1cc[n+](C)c1.O=S(=O)([O-])C(F)(F)F
inchikey_singleton_negative_control,FVSKHRXBFJPNKK-UHFFFAOYSA-N,1,True,0,0,1,0,CCC#N
inchikey_singleton_negative_control,FXHOOIRPVKKKFG-UHFFFAOYSA-N,1,True,0,0,1,0,CC(=O)N(C)C
inchikey_singleton_negative_control,FYIRUPZTYPILDH-UHFFFAOYSA-N,1,True,0,0,1,0,FC(F)C(F)C(F)(F)F
inchikey_singleton_negative_control,GAEKPEKOJKCEMS-UHFFFAOYSA-N,1,True,0,0,1,0,CC1CCC(=O)O1
inchikey_singleton_negative_control,GDOPTJXRTPNYNR-UHFFFAOYSA-N,1,True,0,0,1,0,CC1CCCC1
inchikey_singleton_negative_control,GETQZCLCWQTVFV-UHFFFAOYSA-N,1,True,0,0,1,0,CN(C)C
inchikey_singleton_negative_control,GETTZEONDQJALK-UHFFFAOYSA-N,1,True,0,0,1,0,FC(F)(F)c1ccccc1
inchikey_singleton_negative_control,GJRQTCIYDGXPES-UHFFFAOYSA-N,1,True,0,0,1,0,CC(=O)OCC(C)C
inchikey_singleton_negative_control,GOYDNIKZWGIXJT-UHFFFAOYSA-N,1,True,0,0,1,0,Fc1ccccc1F
inchikey_singleton_negative_control,GRYUVYIMDGRRLN-UHFFFAOYSA-N,1,True,0,0,1,0,CCCCn1c(C)c(C)[n+](C)c1C.O=S(=O)([N-]S(=O)(=O)C(F)(F)F)C(F)(F)F
inchikey_singleton_negative_control,GSEJCLTVZPLZKY-UHFFFAOYSA-N,1,True,0,0,1,0,OCCN(CCO)CCO
inchikey_singleton_negative_control,GWYFCOCPABKNJV-UHFFFAOYSA-N,1,True,0,0,1,0,CC(C)CC(=O)O
inchikey_singleton_negative_control,HBZDPWBWBJMYRY-UHFFFAOYSA-N,1,True,0,0,1,0,CCCCCCCCCC#N
inchikey_singleton_negative_control,HCBRSIIGBBDDCD-UHFFFAOYSA-N,1,True,0,0,1,0,FC(F)C(F)(F)OCC(F)(F)C(F)F
inchikey_singleton_negative_control,HEBKCHPVOIAQTA-NGQZWQHPSA-N,1,True,0,0,1,0,OC[C@@H](O)C(O)[C@@H](O)CO
inchikey_singleton_negative_control,HGCIXCUEYOPUTN-UHFFFAOYSA-N,1,True,0,0,1,0,C1=CCCCC1
inchikey_singleton_negative_control,HLLCNVLEVVFTJB-UHFFFAOYSA-N,1,True,0,0,1,0,CCC(C)(C)F
inchikey_singleton_negative_control,HPXRVTGHNJAIIH-UHFFFAOYSA-N,1,True,0,0,1,0,OC1CCCCC1
inchikey_singleton_negative_control,HQWOEDCLDNFWEV-UHFFFAOYSA-M,1,True,0,0,1,0,CCOP(=O)([O-])OCC.CCn1cc[n+](C)c1
inchikey_singleton_negative_control,HTSABYAWKQAHBT-UHFFFAOYSA-N,1,True,0,0,1,0,CC1CCCC(O)C1
inchikey_singleton_negative_control,HXDLWJWIAHWIKI-UHFFFAOYSA-N,1,True,0,0,1,0,CC(=O)OCCO
inchikey_singleton_negative_control,HXJUTPCZVOIRIF-UHFFFAOYSA-N,1,True,0,0,1,0,O=S1(=O)CCCC1
inchikey_singleton_negative_control,HZAXFHJVJLSVMW-UHFFFAOYSA-N,1,True,0,0,1,0,NCCO
inchikey_singleton_negative_control,HZKDSQCZNUUQIF-UHFFFAOYSA-M,1,True,0,0,1,0,CCn1cc[n+](C)c1.O=S(=O)([O-])O
inchikey_singleton_negative_control,IAZDPXIOMUYVGZ-UHFFFAOYSA-N,1,True,0,0,1,0,CS(C)=O
inchikey_singleton_negative_control,IBSQPLPBRSHTTG-UHFFFAOYSA-N,1,True,0,0,1,0,Cc1ccccc1Cl
inchikey_singleton_negative_control,IEJIGPNLZYLLBP-UHFFFAOYSA-N,1,True,0,0,1,0,COC(=O)OC
inchikey_singleton_negative_control,IIRFCWANHMSDCG-UHFFFAOYSA-N,1,True,0,0,1,0,O=C1CCCCCCC1
inchikey_singleton_negative_control,IMNFDUFMRHMDMM-UHFFFAOYSA-N,1,True,0,0,1,0,CCCCCCC
inchikey_singleton_negative_control,ISPYQTSUDJAMAB-UHFFFAOYSA-N,1,True,0,0,1,0,Oc1ccccc1Cl
inchikey_singleton_negative_control,IYXGSMUGOJNHAZ-UHFFFAOYSA-N,1,True,0,0,1,0,CCOC(=O)CC(=O)OCC
inchikey_singleton_negative_control,JBTWLSYIZRCDFO-UHFFFAOYSA-N,1,True,0,0,1,0,CCOC(=O)OC
inchikey_singleton_negative_control,JFDZBHWFFUWGJE-UHFFFAOYSA-N,1,True,0,0,1,0,N#Cc1ccccc1
inchikey_singleton_negative_control,JHIVVAPYMSGYDF-UHFFFAOYSA-N,1,True,0,0,1,0,O=C1CCCCC1
inchikey_singleton_negative_control,JIGUQPWFLRLWPJ-UHFFFAOYSA-N,1,True,0,0,1,0,C=CC(=O)OCC
inchikey_singleton_negative_control,JRGGUPZKKTVKOV-UHFFFAOYSA-N,1,True,0,0,1,0,Clc1cccc(Br)c1
inchikey_singleton_negative_control,JSRLURSZEMLAFO-UHFFFAOYSA-N,1,True,0,0,1,0,Brc1cccc(Br)c1
inchikey_singleton_negative_control,JUJWROOIHBZHMG-UHFFFAOYSA-N,1,True,0,0,1,0,c1ccncc1
inchikey_singleton_negative_control,JWUJQDFVADABEY-UHFFFAOYSA-N,1,True,0,0,1,0,CC1CCCO1
inchikey_singleton_negative_control,JYPJLAPMBJKRDG-UHFFFAOYSA-M,1,True,0,0,1,0,CCCCS(=O)(=O)[O-].CCn1cc[n+](C)c1
inchikey_singleton_negative_control,KBPLFHHGFOOTCA-UHFFFAOYSA-N,1,True,0,0,1,0,CCCCCCCCO
inchikey_singleton_negative_control,KFUSEUYYWQURPO-OWOJBTEDSA-N,1,True,0,0,1,0,Cl/C=C/Cl
inchikey_singleton_negative_control,KFUSEUYYWQURPO-UPHRSURJSA-N,1,True,0,0,1,0,Cl/C=C\Cl
inchikey_singleton_negative_control,KFZMGEQAYNKOFK-UHFFFAOYSA-N,1,True,0,0,1,0,CC(C)O
inchikey_singleton_negative_control,KGPPDNUWZNWPSI-UHFFFAOYSA-N,1,True,0,0,1,0,FC(F)(F)COCC(F)(F)F
inchikey_singleton_negative_control,KJDRSWPQXHESDQ-UHFFFAOYSA-N,1,True,0,0,1,0,ClCCCCCl
inchikey_singleton_negative_control,KLTUZFZUYLXTFF-UHFFFAOYSA-N,1,True,0,0,1,0,C[n+]1ccn(CCO)c1.F[B-](F)(F)F
inchikey_singleton_negative_control,KNKRKFALVUDBJE-UHFFFAOYSA-N,1,True,0,0,1,0,CC(Cl)CCl
inchikey_singleton_negative_control,KVNRLNFWIYMESJ-UHFFFAOYSA-N,1,True,0,0,1,0,CCCC#N
inchikey_singleton_negative_control,KXKVLQRXCPHEJC-UHFFFAOYSA-N,1,True,0,0,1,0,COC(C)=O
inchikey_singleton_negative_control,LBHLGZNUPKUZJC-UHFFFAOYSA-N,1,True,0,0,1,0,CCCC[N+]1(C)CCCC1.N#C[N-]C#N
inchikey_singleton_negative_control,LCGLNKUTAGEVQW-UHFFFAOYSA-N,1,True,0,0,1,0,COC
inchikey_singleton_negative_control,LCZUOKDVTBMCMX-UHFFFAOYSA-N,1,True,0,0,1,0,Cc1cnc(C)cn1
inchikey_singleton_negative_control,LFQSCWFLJHTTHZ-UHFFFAOYSA-N,1,True,0,0,1,0,CCO
inchikey_singleton_negative_control,LFSAPCRASZRSKS-UHFFFAOYSA-N,1,True,0,0,1,0,CC1CCCCC1=O
inchikey_singleton_negative_control,LJSQFQKUNVCTIA-UHFFFAOYSA-N,1,True,0,0,1,0,CCSCC
inchikey_singleton_negative_control,LLEVMYXEJUDBTA-UHFFFAOYSA-N,1,True,0,0,1,0,N#CCCCCCC#N
inchikey_singleton_negative_control,LRHPLDYGYMQRHN-UHFFFAOYSA-N,1,True,0,0,1,0,CCCCO
inchikey_singleton_negative_control,LSBXQLQATZTAPE-UHFFFAOYSA-N,1,True,0,0,1,0,CCCCn1cc[n+](C)c1.F[B-](F)(F)F
inchikey_singleton_negative_control,LVTYICIALWPMFW-UHFFFAOYSA-N,1,True,0,0,1,0,CC(O)CNCC(C)O
inchikey_singleton_negative_control,LYCAIKOWRPUZTN-UHFFFAOYSA-N,1,True,0,0,1,0,OCCO
inchikey_singleton_negative_control,LZJIBRSVPKKOSI-UHFFFAOYSA-O,1,True,0,0,1,0,O=[N+]([O-])[O-].[NH3+]CCO
inchikey_singleton_negative_control,MCTWTZJPVLRJOU-UHFFFAOYSA-N,1,True,0,0,1,0,Cn1ccnc1
inchikey_singleton_negative_control,MHNNAWXXUZQSNM-UHFFFAOYSA-N,1,True,0,0,1,0,C=C(C)CC
inchikey_singleton_negative_control,MMZYCBHLNZVROM-UHFFFAOYSA-N,1,True,0,0,1,0,Cc1ccccc1F
inchikey_singleton_negative_control,MQWCXKGKQLNYQG-UHFFFAOYSA-N,1,True,0,0,1,0,CC1CCC(O)CC1
inchikey_singleton_negative_control,MSXVEPNJUHWQHW-UHFFFAOYSA-N,1,True,0,0,1,0,CCC(C)(C)O
inchikey_singleton_negative_control,MTHSVFCYNBDYFN-UHFFFAOYSA-N,1,True,0,0,1,0,OCCOCCO
inchikey_singleton_negative_control,MVPPADPHJFYWMZ-UHFFFAOYSA-N,1,True,0,0,1,0,Clc1ccccc1
inchikey_singleton_negative_control,MWKFXSUHUHTGQN-UHFFFAOYSA-N,1,True,0,0,1,0,CCCCCCCCCCO
inchikey_singleton_negative_control,NDVWOBYBJYUSMF-UHFFFAOYSA-N,1,True,0,0,1,0,CC1CCCCC1O
inchikey_singleton_negative_control,NEQXUPRFDXNNTA-UHFFFAOYSA-N,1,True,0,0,1,0,CC(O)C(=O)O.NCCO
inchikey_singleton_negative_control,NEZRFXZYPAIZAD-UHFFFAOYSA-N,1,True,0,0,1,0,CCC1CCC1
inchikey_singleton_negative_control,NKKMVIVFRUYPLQ-NSCUHMNNSA-N,1,True,0,0,1,0,C/C=C/C#N
inchikey_singleton_negative_control,NPDACUSDTOMAMK-UHFFFAOYSA-N,1,True,0,0,1,0,Cc1ccc(Cl)cc1
inchikey_singleton_negative_control,NQPDZGIKBAWPEJ-UHFFFAOYSA-N,1,True,0,0,1,0,CCCCC(=O)O
inchikey_singleton_negative_control,NTIZESTWPVYFNL-UHFFFAOYSA-N,1,True,0,0,1,0,CC(=O)CC(C)C
inchikey_singleton_negative_control,NVJBFARDFTXOTO-UHFFFAOYSA-N,1,True,0,0,1,0,CCOS(=O)OCC
inchikey_singleton_negative_control,OEPRBXUJOQLYID-UHFFFAOYSA-N,1,True,0,0,1,0,CCCCCF
inchikey_singleton_negative_control,OFBQJSOFQDEBGM-UHFFFAOYSA-N,1,True,0,0,1,0,CCCCC
inchikey_singleton_negative_control,OHLUUHNLEMFGTQ-UHFFFAOYSA-N,1,True,0,0,1,0,CN=C(C)O
inchikey_singleton_negative_control,OIFBSDVPJOWBCH-UHFFFAOYSA-N,1,True,0,0,1,0,CCOC(=O)OCC
inchikey_singleton_negative_control,OKKJLVBELUTLKV-UHFFFAOYSA-N,1,True,0,0,1,0,CO
inchikey_singleton_negative_control,OOKUTCYPKPJYFV-UHFFFAOYSA-N,1,True,0,0,1,0,Br.Cn1ccnc1
inchikey_singleton_negative_control,OSOUNOBYRMOXQQ-UHFFFAOYSA-N,1,True,0,0,1,0,Cc1cccc(Cl)c1
inchikey_singleton_negative_control,PAYRUJLWNCNPSJ-UHFFFAOYSA-N,1,True,0,0,1,0,Nc1ccccc1
inchikey_singleton_negative_control,PEDCQBHIVMGVHV-UHFFFAOYSA-N,1,True,0,0,1,0,OCC(O)CO
inchikey_singleton_negative_control,PHTQWCKDNZKARW-UHFFFAOYSA-N,1,True,0,0,1,0,CC(C)CCO
inchikey_singleton_negative_control,PIICEJLVQHRZGT-UHFFFAOYSA-N,1,True,0,0,1,0,NCCN
inchikey_singleton_negative_control,PMJHHCWVYXUKFD-SNAWJCMRSA-N,1,True,0,0,1,0,C=C/C=C/C
inchikey_singleton_negative_control,POLCUAVZOMRGSN-UHFFFAOYSA-N,1,True,0,0,1,0,CCCOCCC
inchikey_singleton_negative_control,PYLWMHQQBFSUBP-UHFFFAOYSA-N,1,True,0,0,1,0,Fc1ccccc1
inchikey_singleton_negative_control,QARVLSVVCXYDNA-UHFFFAOYSA-N,1,True,0,0,1,0,Brc1ccccc1
inchikey_singleton_negative_control,QBELEDRHMPMKHP-UHFFFAOYSA-N,1,True,0,0,1,0,Clc1ccccc1Br
inchikey_singleton_negative_control,QGJOPFRUJISHPQ-UHFFFAOYSA-N,1,True,0,0,1,0,S=C=S
inchikey_singleton_negative_control,QJPJQTDYNZXKQF-UHFFFAOYSA-N,1,True,0,0,1,0,COc1ccc(Br)cc1
inchikey_singleton_negative_control,QQONPFPTGQHPMA-UHFFFAOYSA-N,1,True,0,0,1,0,C=CC
inchikey_singleton_negative_control,QRCRANRUHQKZME-UHFFFAOYSA-N,1,True,0,0,1,0,CCCCn1c(C)c(C)[n+](C)c1C.F[B-](F)(F)F
inchikey_singleton_negative_control,QTBSBXVTEAMEQO-UHFFFAOYSA-N,1,True,0,0,1,0,CC(=O)O
inchikey_singleton_negative_control,QWTDNUCVQCZILF-UHFFFAOYSA-N,1,True,0,0,1,0,CCC(C)C
inchikey_singleton_negative_control,QWVGKYWNOKOFNN-UHFFFAOYSA-N,1,True,0,0,1,0,Cc1ccccc1O
inchikey_singleton_negative_control,RCJMVGJKROQDCB-UHFFFAOYSA-N,1,True,0,0,1,0,C=C(C)C=CC
inchikey_singleton_negative_control,RDOXTESZEPMUJZ-UHFFFAOYSA-N,1,True,0,0,1,0,COc1ccccc1
inchikey_singleton_negative_control,RFFFKMOABOFIDF-UHFFFAOYSA-N,1,True,0,0,1,0,CCCCC#N
inchikey_singleton_negative_control,RFFLAFLAYFXFSW-UHFFFAOYSA-N,1,True,0,0,1,0,Clc1ccccc1Cl
inchikey_singleton_negative_control,RGSFGYAAUTVSQA-UHFFFAOYSA-N,1,True,0,0,1,0,C1CCCC1
inchikey_singleton_negative_control,RJQQOKKINHMXIM-UHFFFAOYSA-N,1,True,0,0,1,0,CC(O)C(=O)O.OCCN(CCO)CCO
inchikey_singleton_negative_control,RJUFJBKOKNCXHH-UHFFFAOYSA-N,1,True,0,0,1,0,CCC(=O)OC
inchikey_singleton_negative_control,RLSSMJSEOOYNOY-UHFFFAOYSA-N,1,True,0,0,1,0,Cc1cccc(O)c1
inchikey_singleton_negative_control,ROSDSFDQCJNGOL-UHFFFAOYSA-N,1,True,0,0,1,0,CNC
inchikey_singleton_negative_control,RRHGJUQNOFWUDK-UHFFFAOYSA-N,1,True,0,0,1,0,C=CC(=C)C
inchikey_singleton_negative_control,RTZKZFJDLAIYFH-UHFFFAOYSA-N,1,True,0,0,1,0,CCOCC
inchikey_singleton_negative_control,RWNKSTSCBHKHTB-UHFFFAOYSA-N,1,True,0,0,1,0,ClC(Cl)=C(Cl)C(Cl)=C(Cl)Cl
inchikey_singleton_negative_control,RYHBNJHYFVUHQT-UHFFFAOYSA-N,1,True,0,0,1,0,C1COCCO1
inchikey_singleton_negative_control,SBZXBUIDTXKZTM-UHFFFAOYSA-N,1,True,0,0,1,0,COCCOCCOC
inchikey_singleton_negative_control,SDJHPPZKZZWAKF-UHFFFAOYSA-N,1,True,0,0,1,0,C=C(C)C(=C)C
inchikey_singleton_negative_control,SECXISVLQFMRJM-UHFFFAOYSA-N,1,True,0,0,1,0,CN1CCCC1=O
inchikey_singleton_negative_control,SFPQFQUXAJOWNF-UHFFFAOYSA-N,1,True,0,0,1,0,Ic1cccc(I)c1
inchikey_singleton_negative_control,SHQSVMDWKBRBGB-UHFFFAOYSA-N,1,True,0,0,1,0,O=C1CCC1
inchikey_singleton_negative_control,SIXHYMZEOJSYQH-UHFFFAOYSA-M,1,True,0,0,1,0,CCCCn1cc[n+](C)c1.N#C[S-]
inchikey_singleton_negative_control,SNHMUERNLJLMHN-UHFFFAOYSA-N,1,True,0,0,1,0,Ic1ccccc1
inchikey_singleton_negative_control,SPEUIVXLLWOEMJ-UHFFFAOYSA-N,1,True,0,0,1,0,COC(C)OC
inchikey_singleton_negative_control,SQYNKIJPMDEDEG-UHFFFAOYSA-N,1,True,0,0,1,0,CC1OC(C)OC(C)O1
inchikey_singleton_negative_control,STCBHSHARMAIOM-UHFFFAOYSA-N,1,True,0,0,1,0,Cl.Cn1ccnc1
inchikey_singleton_negative_control,SVONRAPFKPVNKG-UHFFFAOYSA-N,1,True,0,0,1,0,CCOCCOC(C)=O
inchikey_singleton_negative_control,SVTBMSDMJJWYQN-UHFFFAOYSA-N,1,True,0,0,1,0,CC(O)CC(C)(C)O
inchikey_singleton_negative_control,SWXVUIWOUIDPGS-UHFFFAOYSA-N,1,True,0,0,1,0,CC(=O)CC(C)(C)O
inchikey_singleton_negative_control,SZKKNEOUHLFYNA-UHFFFAOYSA-N,1,True,0,0,1,0,CCCCCCCCCCC#N
inchikey_singleton_negative_control,TVMXDCGIABBOFY-UHFFFAOYSA-N,1,True,0,0,1,0,CCCCCCCC
inchikey_singleton_negative_control,UAEPNZWRGJTJPN-UHFFFAOYSA-N,1,True,0,0,1,0,CC1CCCCC1
inchikey_singleton_negative_control,UCCKRVYTJPMHRO-UHFFFAOYSA-N,1,True,0,0,1,0,CCCCn1cc[n+](C)c1C.O=S(=O)([N-]S(=O)(=O)C(F)(F)F)C(F)(F)F
inchikey_singleton_negative_control,UEEJHVSXFDXPFK-UHFFFAOYSA-N,1,True,0,0,1,0,CN(C)CCO
inchikey_singleton_negative_control,UHOVQNZJYSORNB-UHFFFAOYSA-N,1,True,0,0,1,0,c1ccccc1
inchikey_singleton_negative_control,UJBOOUHRTQVGRU-UHFFFAOYSA-N,1,True,0,0,1,0,CC1CCCC(=O)C1
inchikey_singleton_negative_control,UODQEMVTULZGKO-UHFFFAOYSA-N,1,True,0,0,1,0,CCCCC[N+]1(C)CCCC1.O=S(=O)([N-]S(=O)(=O)C(F)(F)F)C(F)(F)F
inchikey_singleton_negative_control,UPCXAARSWVHVLY-UHFFFAOYSA-N,1,True,0,0,1,0,CC(=O)O.OCCN(CCO)CCO
inchikey_singleton_negative_control,UQEAIHBTYFGYIE-UHFFFAOYSA-N,1,True,0,0,1,0,C[Si](C)(C)O[Si](C)(C)C
inchikey_singleton_negative_control,UUIQMZJEGPQKFD-UHFFFAOYSA-N,1,True,0,0,1,0,CCCC(=O)OC
inchikey_singleton_negative_control,UWHCKJMYHZGTIT-UHFFFAOYSA-N,1,True,0,0,1,0,OCCOCCOCCOCCO
inchikey_singleton_negative_control,VCAIYEJBOWHUGP-UHFFFAOYSA-N,1,True,0,0,1,0,CCCCn1cc[n+](C)c1C.F[B-](F)(F)F
inchikey_singleton_negative_control,VFTFKUDGYRBSAL-UHFFFAOYSA-N,1,True,0,0,1,0,C1COCCOCCOCCOCCO1
inchikey_singleton_negative_control,VGVHNLRUAMRIEW-UHFFFAOYSA-N,1,True,0,0,1,0,CC1CCC(=O)CC1
inchikey_singleton_negative_control,VLKZOEOYAKHREP-UHFFFAOYSA-N,1,True,0,0,1,0,CCCCCC
inchikey_singleton_negative_control,VRFOKYHDLYBVAL-UHFFFAOYSA-M,1,True,0,0,1,0,CCOS(=O)(=O)[O-].CCn1cc[n+](C)c1
inchikey_singleton_negative_control,VVLAIYIMMFWRFW-UHFFFAOYSA-N,1,True,0,0,1,0,CC(=O)O.NCCO
inchikey_singleton_negative_control,WERYXYBDKMZEQL-UHFFFAOYSA-N,1,True,0,0,1,0,OCCCCO
inchikey_singleton_negative_control,WEVYAHXRMPXWCK-UHFFFAOYSA-N,1,True,0,0,1,0,CC#N
inchikey_singleton_negative_control,WFCLYEAZTHWNEH-UHFFFAOYSA-N,1,True,0,0,1,0,CCSC#N
inchikey_singleton_negative_control,WNXJIVFYUVYPPR-UHFFFAOYSA-N,1,True,0,0,1,0,C1COCO1
inchikey_singleton_negative_control,WQAQPCDUOCURKW-UHFFFAOYSA-N,1,True,0,0,1,0,CCCCS
inchikey_singleton_negative_control,WQONPSCCEXUXTQ-UHFFFAOYSA-N,1,True,0,0,1,0,Brc1ccccc1Br
inchikey_singleton_negative_control,WRWPPGUCZBJXKX-UHFFFAOYSA-N,1,True,0,0,1,0,Cc1ccc(F)cc1
inchikey_singleton_negative_control,WSLDOOZREJYCGB-UHFFFAOYSA-N,1,True,0,0,1,0,ClCCCl
inchikey_singleton_negative_control,WVDDGKGOMKODPV-UHFFFAOYSA-N,1,True,0,0,1,0,OCc1ccccc1
inchikey_singleton_negative_control,WYJOVVXUZNRJQY-UHFFFAOYSA-N,1,True,0,0,1,0,CC(=O)c1cccs1
inchikey_singleton_negative_control,WYURNTSHIVDZCO-UHFFFAOYSA-N,1,True,0,0,1,0,C1CCOC1
inchikey_singleton_negative_control,WZLFPVPRZGTCKP-UHFFFAOYSA-N,1,True,0,0,1,0,CC(F)(F)CC(F)(F)F
inchikey_singleton_negative_control,XCIXKGXIYUWCLL-UHFFFAOYSA-N,1,True,0,0,1,0,OC1CCCC1
inchikey_singleton_negative_control,XDJYSDBSJWNTQT-UHFFFAOYSA-N,1,True,0,0,1,0,CCn1cc[n+](C)c1C.O=S(=O)([N-]S(=O)(=O)C(F)(F)F)C(F)(F)F
inchikey_singleton_negative_control,XDTMQSROBMDMFD-UHFFFAOYSA-N,1,True,0,0,1,0,C1CCCCC1
inchikey_singleton_negative_control,XEKOWRVHYACXOJ-UHFFFAOYSA-N,1,True,0,0,1,0,CCOC(C)=O
inchikey_singleton_negative_control,XLYOFNOQVPJJNP-UHFFFAOYSA-N,1,True,0,0,1,0,O
inchikey_singleton_negative_control,XNLICIUVMPYHGG-UHFFFAOYSA-N,1,True,0,0,1,0,CCCC(C)=O
inchikey_singleton_negative_control,XNWFRZJHXBZDAG-UHFFFAOYSA-N,1,True,0,0,1,0,COCCO
inchikey_singleton_negative_control,XQQZRZQVBFHBHL-UHFFFAOYSA-N,1,True,0,0,1,0,C1COCCOCCOCCO1
inchikey_singleton_negative_control,XTHFKEDIFFGKHM-UHFFFAOYSA-N,1,True,0,0,1,0,COCCOC
inchikey_singleton_negative_control,YEJRWHAVMIAJKC-UHFFFAOYSA-N,1,True,0,0,1,0,O=C1CCCO1
inchikey_singleton_negative_control,YEYKMVJDLWJFOA-UHFFFAOYSA-N,1,True,0,0,1,0,CCCOCCO
inchikey_singleton_negative_control,YFMFNYKEUDLDTL-UHFFFAOYSA-N,1,True,0,0,1,0,FC(C(F)(F)F)C(F)(F)F
inchikey_singleton_negative_control,YFNKIDBQEZZDLK-UHFFFAOYSA-N,1,True,0,0,1,0,COCCOCCOCCOC
inchikey_singleton_negative_control,YHRUOJUYPBUZOS-UHFFFAOYSA-N,1,True,0,0,1,0,ClCCCCl
inchikey_singleton_negative_control,YIWUKEYIRIRTPP-UHFFFAOYSA-N,1,True,0,0,1,0,CCCCC(CC)CO
inchikey_singleton_negative_control,YLQBMQCUIZJEEH-UHFFFAOYSA-N,1,True,0,0,1,0,c1ccoc1
inchikey_singleton_negative_control,YMWUJEATGCHHMB-UHFFFAOYSA-N,1,True,0,0,1,0,ClCCl
inchikey_singleton_negative_control,YNAVUWVOSKDBBP-UHFFFAOYSA-N,1,True,0,0,1,0,C1COCCN1
inchikey_singleton_negative_control,YPFDHNVEDLHUCE-UHFFFAOYSA-N,1,True,0,0,1,0,OCCCO
inchikey_singleton_negative_control,YSIMAPNUZAVQER-UHFFFAOYSA-N,1,True,0,0,1,0,CCCCCCCC#N
inchikey_singleton_negative_control,YWAKXRMUMFPDSH-UHFFFAOYSA-N,1,True,0,0,1,0,C=CCCC
inchikey_singleton_negative_control,YXFVVABEGXRONW-UHFFFAOYSA-N,1,True,0,0,1,0,Cc1ccccc1
inchikey_singleton_negative_control,ZAFNJMIOTHYJRJ-UHFFFAOYSA-N,1,True,0,0,1,0,CC(C)OC(C)C
inchikey_singleton_negative_control,ZBCBWPMODOFKDW-UHFFFAOYSA-N,1,True,0,0,1,0,OCCNCCO
inchikey_singleton_negative_control,ZGEGCLOFRBLKSE-UHFFFAOYSA-N,1,True,0,0,1,0,C=CCCCCC
inchikey_singleton_negative_control,ZHNUHDYFZUAESO-UHFFFAOYSA-N,1,True,0,0,1,0,N=CO
inchikey_singleton_negative_control,ZIBGPFATKBEMQZ-UHFFFAOYSA-N,1,True,0,0,1,0,OCCOCCOCCO
inchikey_singleton_negative_control,ZMANZCXQSJIPKH-UHFFFAOYSA-N,1,True,0,0,1,0,CCN(CC)CC
inchikey_singleton_negative_control,ZMXDDKWLCZADIW-UHFFFAOYSA-N,1,True,0,0,1,0,CN(C)C=O
inchikey_singleton_negative_control,ZNSMNVMLTJELDZ-UHFFFAOYSA-N,1,True,0,0,1,0,ClCCOCCCl
inchikey_singleton_negative_control,ZPQOPVIELGIULI-UHFFFAOYSA-N,1,True,0,0,1,0,Clc1cccc(Cl)c1
inchikey_singleton_negative_control,ZPTRYWVRCNOTAS-UHFFFAOYSA-M,1,True,0,0,1,0,CCn1cc[n+](C)c1.O=S(=O)([O-])C(F)(F)F
inchikey_singleton_negative_control,ZQDPJFUHLCOCRG-AATRIKPKSA-N,1,True,0,0,1,0,CC/C=C/CC
inchikey_singleton_negative_control,ZQDPJFUHLCOCRG-WAYWQWQTSA-N,1,True,0,0,1,0,CC/C=C\CC
inchikey_singleton_negative_control,ZRKMQKLGEQPLNS-UHFFFAOYSA-N,1,True,0,0,1,0,CCCCCS
inchikey_singleton_negative_control,ZSIAUFGUXNUGDI-UHFFFAOYSA-N,1,True,0,0,1,0,CCCCCCO
inchikey_singleton_negative_control,ZTOMUSMDRMJOTH-UHFFFAOYSA-N,1,True,0,0,1,0,N#CCCCC#N
inchikey_singleton_negative_control,ZUHZGEOKBKGPSW-UHFFFAOYSA-N,1,True,0,0,1,0,COCCOCCOCCOCCOC
inchikey_singleton_negative_control,ZWEHNKRNPOVVGH-UHFFFAOYSA-N,1,True,0,0,1,0,CCC(C)=O
inchikey_singleton_negative_control,ZXEKIIBDNHEJCQ-UHFFFAOYSA-N,1,True,0,0,1,0,CC(C)CO
