model,seed,repeat,fold,n_train,n_test,train_id_hash,test_id_hash,mae,rmse,r2
DummyMean,42,0,0,80,20,48b1646f71f945e2bcfa89abd6b079acea4a35d95c74d31b4dd74c3675af9c87,abfffe264a60dd08cf7fd55f3847dfc6ea6b2a1cf3d3036b60cf6d5e352fcb51,15.714874500000002,20.689820041194622,-0.0009974830512855526
SizeOnlyRidge,42,0,0,80,20,48b1646f71f945e2bcfa89abd6b079acea4a35d95c74d31b4dd74c3675af9c87,abfffe264a60dd08cf7fd55f3847dfc6ea6b2a1cf3d3036b60cf6d5e352fcb51,16.448114590678397,21.14980705532404,-0.046001671596683336
MorganRBFGPR,42,0,0,80,20,48b1646f71f945e2bcfa89abd6b079acea4a35d95c74d31b4dd74c3675af9c87,abfffe264a60dd08cf7fd55f3847dfc6ea6b2a1cf3d3036b60cf6d5e352fcb51,11.089295221205601,15.571557110338844,0.43299923494466785
DummyMean,42,0,1,80,20,24badd7a15abba18705b2c77934c8ee288482475c299e5ca734201f1bd014505,354db6f85ce31539dbfc1a162b5d43efdefbbdef63db955565387c60b0e9988c,8.365891375,9.844121564820128,-0.30026773252770256
SizeOnlyRidge,42,0,1,80,20,24badd7a15abba18705b2c77934c8ee288482475c299e5ca734201f1bd014505,354db6f85ce31539dbfc1a162b5d43efdefbbdef63db955565387c60b0e9988c,8.897919594568124,10.523226605868734,-0.48585590308671334
MorganRBFGPR,42,0,1,80,20,24badd7a15abba18705b2c77934c8ee288482475c299e5ca734201f1bd014505,354db6f85ce31539dbfc1a162b5d43efdefbbdef63db955565387c60b0e9988c,7.389985474360172,9.93173938200136,-0.3235168610351442
DummyMean,42,0,2,80,20,2922ed6288d3c67c0a263af72afaeb78ccc98047429c763bf66eacb69bca5ce8,f769b2d0faeeb77f60bca28757b39f0f2b5ce427f2475570b459cacf03ed1c35,13.03206425,15.443960510973831,-0.11791771796219308
SizeOnlyRidge,42,0,2,80,20,2922ed6288d3c67c0a263af72afaeb78ccc98047429c763bf66eacb69bca5ce8,f769b2d0faeeb77f60bca28757b39f0f2b5ce427f2475570b459cacf03ed1c35,13.502198441512757,16.33323626334452,-0.2503654445921375
MorganRBFGPR,42,0,2,80,20,2922ed6288d3c67c0a263af72afaeb78ccc98047429c763bf66eacb69bca5ce8,f769b2d0faeeb77f60bca28757b39f0f2b5ce427f2475570b459cacf03ed1c35,9.976336444584737,13.212043824756522,0.1818508461559427
DummyMean,42,0,3,80,20,29a1c0e82a71e84bcb22eca216f7275814a02b0445f5bf3b3bc288046aa359d1,2804b17bbda2a69896ddedbb454a5b1ebb167fec26a455b256d34072b2de6c23,19.902745000000003,38.402041746678655,-0.08799908728177508
SizeOnlyRidge,42,0,3,80,20,29a1c0e82a71e84bcb22eca216f7275814a02b0445f5bf3b3bc288046aa359d1,2804b17bbda2a69896ddedbb454a5b1ebb167fec26a455b256d34072b2de6c23,18.64396468882985,37.67163765252912,-0.04700534928476641
MorganRBFGPR,42,0,3,80,20,29a1c0e82a71e84bcb22eca216f7275814a02b0445f5bf3b3bc288046aa359d1,2804b17bbda2a69896ddedbb454a5b1ebb167fec26a455b256d34072b2de6c23,16.119078973515037,36.25166140943722,0.030437677592651702
DummyMean,42,0,4,80,20,3926ce22b56b4595fa30b192936ac811b7f27c8c62c73b2b768ef7f20703ec4d,d08ab3371ee317377150939e4d7760b2c7f6bf526440d90e24536865d58ea758,17.56938275,25.52978430859386,-0.0004180492941674441
SizeOnlyRidge,42,0,4,80,20,3926ce22b56b4595fa30b192936ac811b7f27c8c62c73b2b768ef7f20703ec4d,d08ab3371ee317377150939e4d7760b2c7f6bf526440d90e24536865d58ea758,16.06693502550986,24.134598615906658,0.10593851145004363
MorganRBFGPR,42,0,4,80,20,3926ce22b56b4595fa30b192936ac811b7f27c8c62c73b2b768ef7f20703ec4d,d08ab3371ee317377150939e4d7760b2c7f6bf526440d90e24536865d58ea758,14.132237116616448,27.892404435736182,-0.19415069261413764
DummyMean,42,1,0,80,20,b32ff11e179fb8d0176c54bf24ee3dd61b35f559b05f87b6fd167ec1447ea61c,6ad996ec07c007175bbe5cfb34939ab774a8288ec42c1526569432c4f6e8c9c7,18.470822375,37.90481753348993,-0.04291297183667564
SizeOnlyRidge,42,1,0,80,20,b32ff11e179fb8d0176c54bf24ee3dd61b35f559b05f87b6fd167ec1447ea61c,6ad996ec07c007175bbe5cfb34939ab774a8288ec42c1526569432c4f6e8c9c7,17.576327871153286,37.030541765146474,0.004641841802483837
MorganRBFGPR,42,1,0,80,20,b32ff11e179fb8d0176c54bf24ee3dd61b35f559b05f87b6fd167ec1447ea61c,6ad996ec07c007175bbe5cfb34939ab774a8288ec42c1526569432c4f6e8c9c7,16.91994387020949,36.8943419676597,0.011950309983762564
DummyMean,42,1,1,80,20,56f53002f0be0a89086e3d3d0bdeae9196c58b1491325748a4a3219991898b6a,cc5b365867fa2a45fc5e4f8854c17b7c45d3067da1d5157e912678d57f66f195,17.327970875,22.86401496661966,-0.0012575282252333952
SizeOnlyRidge,42,1,1,80,20,56f53002f0be0a89086e3d3d0bdeae9196c58b1491325748a4a3219991898b6a,cc5b365867fa2a45fc5e4f8854c17b7c45d3067da1d5157e912678d57f66f195,16.860267258963734,22.095882373734906,0.0648882769086746
MorganRBFGPR,42,1,1,80,20,56f53002f0be0a89086e3d3d0bdeae9196c58b1491325748a4a3219991898b6a,cc5b365867fa2a45fc5e4f8854c17b7c45d3067da1d5157e912678d57f66f195,14.40684565400056,19.844830379735896,0.24571480174880156
DummyMean,42,1,2,80,20,4c2af19a050edd3d647d409b546db626ee8d7bfcb1a807705760b568d9595d58,7c144337ee6e58643acfb2a1eb04e6981f635e7b56431976673d8329ad3214a0,14.670406750000001,22.502996032563093,-0.006984971044583954
SizeOnlyRidge,42,1,2,80,20,4c2af19a050edd3d647d409b546db626ee8d7bfcb1a807705760b568d9595d58,7c144337ee6e58643acfb2a1eb04e6981f635e7b56431976673d8329ad3214a0,13.76617961108322,21.502468907808943,0.08056938992626961
MorganRBFGPR,42,1,2,80,20,4c2af19a050edd3d647d409b546db626ee8d7bfcb1a807705760b568d9595d58,7c144337ee6e58643acfb2a1eb04e6981f635e7b56431976673d8329ad3214a0,11.10798441422823,20.526805390383064,0.16211381195012708
DummyMean,42,1,3,80,20,d9a5a02866f847f57c319ebbf49a48a4d79391a9fe080f767027eef138cd1129,67458cc0eb31d5cab434dad38f76856cbea9c23ad006e15f626433d2894937b0,11.3990113125,13.82964374962531,-0.040060245146819495
SizeOnlyRidge,42,1,3,80,20,d9a5a02866f847f57c319ebbf49a48a4d79391a9fe080f767027eef138cd1129,67458cc0eb31d5cab434dad38f76856cbea9c23ad006e15f626433d2894937b0,12.0822780560629,14.525445153564203,-0.1473486589754065
MorganRBFGPR,42,1,3,80,20,d9a5a02866f847f57c319ebbf49a48a4d79391a9fe080f767027eef138cd1129,67458cc0eb31d5cab434dad38f76856cbea9c23ad006e15f626433d2894937b0,7.830236207691843,10.424620040575961,0.40904150504759007
DummyMean,42,1,4,80,20,7c181611eafed73bdae112501549fa4a63c8bdf509fe246462ce460911c23f2f,629780caf2783437d9cc0259cf88cb8e4d3e9a81fd22a853309c785b55bee608,11.92966425,14.26298916893893,-0.08129467207578944
SizeOnlyRidge,42,1,4,80,20,7c181611eafed73bdae112501549fa4a63c8bdf509fe246462ce460911c23f2f,629780caf2783437d9cc0259cf88cb8e4d3e9a81fd22a853309c785b55bee608,12.89590675879258,16.07078257986847,-0.37276756531548916
MorganRBFGPR,42,1,4,80,20,7c181611eafed73bdae112501549fa4a63c8bdf509fe246462ce460911c23f2f,629780caf2783437d9cc0259cf88cb8e4d3e9a81fd22a853309c785b55bee608,5.294157393294545,8.015606880390724,0.6584960140492615
DummyMean,42,2,0,80,20,6e0bfd6f61bcd93edc1dd1e9778349ddec1f1acbf091d51bd167bad2e0fe9a93,0be682139add5d1ee01b1da8aebf14ef36bbbae2f7a7f3249cc5ab761beac09a,11.0373238125,13.723127558926997,-0.0016742882609206422
SizeOnlyRidge,42,2,0,80,20,6e0bfd6f61bcd93edc1dd1e9778349ddec1f1acbf091d51bd167bad2e0fe9a93,0be682139add5d1ee01b1da8aebf14ef36bbbae2f7a7f3249cc5ab761beac09a,10.871904793906317,14.691423487281506,-0.1480163704204609
MorganRBFGPR,42,2,0,80,20,6e0bfd6f61bcd93edc1dd1e9778349ddec1f1acbf091d51bd167bad2e0fe9a93,0be682139add5d1ee01b1da8aebf14ef36bbbae2f7a7f3249cc5ab761beac09a,9.217810747740707,13.065874021000683,0.09197614396177423
DummyMean,42,2,1,80,20,10ac221ac45ff0cbdee455e9fc97cdb1714242ea4bd8209e904f6d501e1310f8,f5dc0231425e70dcd91a4073d2a3a233d3beb5ee18991ec85b8b0db84b54a994,18.997557187499996,24.555582636510845,-0.0002790374108343485
SizeOnlyRidge,42,2,1,80,20,10ac221ac45ff0cbdee455e9fc97cdb1714242ea4bd8209e904f6d501e1310f8,f5dc0231425e70dcd91a4073d2a3a233d3beb5ee18991ec85b8b0db84b54a994,19.26491860253753,24.10348648379952,0.03621444336555779
MorganRBFGPR,42,2,1,80,20,10ac221ac45ff0cbdee455e9fc97cdb1714242ea4bd8209e904f6d501e1310f8,f5dc0231425e70dcd91a4073d2a3a233d3beb5ee18991ec85b8b0db84b54a994,13.046454701435199,20.114484560566954,0.32882078731089215
DummyMean,42,2,2,80,20,95eb814869c8df164495cc173c5b6a7005ccb4ddb4c23e28fe06830304e4adce,847bb909f86a019ce303b07307aa397c2999d3fa39c3079430d31ee0bf5a120b,14.799995,23.588389709630796,-0.11117084787588882
SizeOnlyRidge,42,2,2,80,20,95eb814869c8df164495cc173c5b6a7005ccb4ddb4c23e28fe06830304e4adce,847bb909f86a019ce303b07307aa397c2999d3fa39c3079430d31ee0bf5a120b,13.980550318772263,22.285769561531733,0.00816479026117134
MorganRBFGPR,42,2,2,80,20,95eb814869c8df164495cc173c5b6a7005ccb4ddb4c23e28fe06830304e4adce,847bb909f86a019ce303b07307aa397c2999d3fa39c3079430d31ee0bf5a120b,12.71142258709504,22.547501623374277,-0.015268949597848636
DummyMean,42,2,3,80,20,502915fc474268c26588d221cb1382864d37c1ea95efd164d51354a6dbf17238,4b1d44246192a79b8635395191085a8ca1ac7cc69a68c460dd9d1dc6c8e629e9,9.0451738125,9.915641581698415,-0.05997141553151453
SizeOnlyRidge,42,2,3,80,20,502915fc474268c26588d221cb1382864d37c1ea95efd164d51354a6dbf17238,4b1d44246192a79b8635395191085a8ca1ac7cc69a68c460dd9d1dc6c8e629e9,8.979540722508748,10.321040651266554,-0.14841667767011657
MorganRBFGPR,42,2,3,80,20,502915fc474268c26588d221cb1382864d37c1ea95efd164d51354a6dbf17238,4b1d44246192a79b8635395191085a8ca1ac7cc69a68c460dd9d1dc6c8e629e9,6.081547458653421,8.695309097224387,0.18487809709682734
DummyMean,42,2,4,80,20,f6ed29b767bc3f7063517607c574bd9d6b1ef5776e0df80c1785c8e7d758258a,75e294582da6d3f7ae50be6984ad24fa0cf5268f2abc91f795f2e160518b94c7,20.404612999999998,37.57661226822501,-0.0122358644353191
SizeOnlyRidge,42,2,4,80,20,f6ed29b767bc3f7063517607c574bd9d6b1ef5776e0df80c1785c8e7d758258a,75e294582da6d3f7ae50be6984ad24fa0cf5268f2abc91f795f2e160518b94c7,19.279664562030682,36.85649311137158,0.026189409845723266
MorganRBFGPR,42,2,4,80,20,f6ed29b767bc3f7063517607c574bd9d6b1ef5776e0df80c1785c8e7d758258a,75e294582da6d3f7ae50be6984ad24fa0cf5268f2abc91f795f2e160518b94c7,16.695101100975478,35.83032259162852,0.07966082165589106
DummyMean,42,3,0,80,20,727542339e530e1c46af50c8a0d9a27c4a84e05bc59a24988c5530c36531a654,9b1b0b68ef06ad318050caa404006d0b737f121246becafe27e62d33260df453,19.441425000000002,37.9383374569592,-0.04218790908182157
SizeOnlyRidge,42,3,0,80,20,727542339e530e1c46af50c8a0d9a27c4a84e05bc59a24988c5530c36531a654,9b1b0b68ef06ad318050caa404006d0b737f121246becafe27e62d33260df453,19.210171180776445,37.5102648615017,-0.018801794955350504
MorganRBFGPR,42,3,0,80,20,727542339e530e1c46af50c8a0d9a27c4a84e05bc59a24988c5530c36531a654,9b1b0b68ef06ad318050caa404006d0b737f121246becafe27e62d33260df453,14.491343811557181,35.6020745699499,0.08221691136364129
DummyMean,42,3,1,80,20,88fe024c1ab4e07d405dbde06b71678c4c3b42b1c4e7599c2272d051bb3d35ad,c4fce938cfc0da9a254f42b8cdaaa470ce934c9320749c84cc26b96e5c901750,9.336380625,11.803415662637413,-0.14954012212502876
SizeOnlyRidge,42,3,1,80,20,88fe024c1ab4e07d405dbde06b71678c4c3b42b1c4e7599c2272d051bb3d35ad,c4fce938cfc0da9a254f42b8cdaaa470ce934c9320749c84cc26b96e5c901750,9.85892770313572,12.303419771772049,-0.2489941800834643
MorganRBFGPR,42,3,1,80,20,88fe024c1ab4e07d405dbde06b71678c4c3b42b1c4e7599c2272d051bb3d35ad,c4fce938cfc0da9a254f42b8cdaaa470ce934c9320749c84cc26b96e5c901750,8.135396967979478,9.860170581304109,0.19780936418894846
DummyMean,42,3,2,80,20,944ea2bea491b8fa9c716f48719c18f9ab4d4e8f0a02583e152b26bb7f0b68f6,228a28f5925d98c0e4a72125fb1bfe06122c3cb20ebbd7d1423423073004db76,17.813269249999998,26.748167169930255,-0.024983011023340218
SizeOnlyRidge,42,3,2,80,20,944ea2bea491b8fa9c716f48719c18f9ab4d4e8f0a02583e152b26bb7f0b68f6,228a28f5925d98c0e4a72125fb1bfe06122c3cb20ebbd7d1423423073004db76,17.039132035615403,25.428064746371064,0.07369240128358467
MorganRBFGPR,42,3,2,80,20,944ea2bea491b8fa9c716f48719c18f9ab4d4e8f0a02583e152b26bb7f0b68f6,228a28f5925d98c0e4a72125fb1bfe06122c3cb20ebbd7d1423423073004db76,17.731558871363358,31.730028673102726,-0.4423462795002766
DummyMean,42,3,3,80,20,18ea565364c1e6b3552acbe46751ed5d1fcc23d30f6f746f1aed9f485ee0f62f,b53430204e68e2b4218540bf18956886385e6da90f2de8affca0e1ae22fe6c6e,10.237372687499999,11.94876655092929,-0.25177520619190563
SizeOnlyRidge,42,3,3,80,20,18ea565364c1e6b3552acbe46751ed5d1fcc23d30f6f746f1aed9f485ee0f62f,b53430204e68e2b4218540bf18956886385e6da90f2de8affca0e1ae22fe6c6e,10.522796935327506,12.825993501255956,-0.44232198680960355
MorganRBFGPR,42,3,3,80,20,18ea565364c1e6b3552acbe46751ed5d1fcc23d30f6f746f1aed9f485ee0f62f,b53430204e68e2b4218540bf18956886385e6da90f2de8affca0e1ae22fe6c6e,6.547759422273316,9.151574984760176,0.26570279024956545
DummyMean,42,3,4,80,20,034aaa599e1cbdb1d83752087c25375c35285b53c54f2eadae73e132d3179492,d646c63fe2a72d8072fa41afec72775408220381fdd29230a66d33cef4ff1be7,17.4180195,20.943841707078835,-0.011086014616522366
SizeOnlyRidge,42,3,4,80,20,034aaa599e1cbdb1d83752087c25375c35285b53c54f2eadae73e132d3179492,d646c63fe2a72d8072fa41afec72775408220381fdd29230a66d33cef4ff1be7,16.078558132777232,20.705400474990363,0.011804938220596917
MorganRBFGPR,42,3,4,80,20,034aaa599e1cbdb1d83752087c25375c35285b53c54f2eadae73e132d3179492,d646c63fe2a72d8072fa41afec72775408220381fdd29230a66d33cef4ff1be7,13.985160712237462,16.74199110412103,0.3539150520756663
DummyMean,42,4,0,80,20,11abaeb2d14b5e5d4a114472314eb824510a69c149d064a72dc268262c412931,adc34eb9b792c7e2e77911d9957c7ede8314e792358172cf3cd6adccdd4299bc,12.713007125,15.877092255495624,-0.010313641110683669
SizeOnlyRidge,42,4,0,80,20,11abaeb2d14b5e5d4a114472314eb824510a69c149d064a72dc268262c412931,adc34eb9b792c7e2e77911d9957c7ede8314e792358172cf3cd6adccdd4299bc,11.668458277139097,15.236375446537549,0.06958305400027498
MorganRBFGPR,42,4,0,80,20,11abaeb2d14b5e5d4a114472314eb824510a69c149d064a72dc268262c412931,adc34eb9b792c7e2e77911d9957c7ede8314e792358172cf3cd6adccdd4299bc,8.164968100345956,12.032320812150413,0.41975275676875057
DummyMean,42,4,1,80,20,41d578c860ad158685aee8dcc476f66f136e1da76ba54499ece384e3171946fc,dcc32ad62882ff53ca32e6977f79731acfb3938802536e936339fea51eca39fc,15.757085124999998,22.40944611577828,-0.007843814305029007
SizeOnlyRidge,42,4,1,80,20,41d578c860ad158685aee8dcc476f66f136e1da76ba54499ece384e3171946fc,dcc32ad62882ff53ca32e6977f79731acfb3938802536e936339fea51eca39fc,15.616264847049328,21.68736560346806,0.0560595619914287
MorganRBFGPR,42,4,1,80,20,41d578c860ad158685aee8dcc476f66f136e1da76ba54499ece384e3171946fc,dcc32ad62882ff53ca32e6977f79731acfb3938802536e936339fea51eca39fc,14.591188640275096,22.526687543679188,-0.018417047033763456
DummyMean,42,4,2,80,20,0b70bc98b151b65143f0969249b8f6497d1d2557756082d8026ccfeb68ef20b0,20955b71e57cb2d1e074b42dc7f98295582e6281057599199f46950858744b7b,14.583079374999997,22.157801583934493,-0.029341175276774045
SizeOnlyRidge,42,4,2,80,20,0b70bc98b151b65143f0969249b8f6497d1d2557756082d8026ccfeb68ef20b0,20955b71e57cb2d1e074b42dc7f98295582e6281057599199f46950858744b7b,13.733415300837644,20.926453476262566,0.08188460035757272
MorganRBFGPR,42,4,2,80,20,0b70bc98b151b65143f0969249b8f6497d1d2557756082d8026ccfeb68ef20b0,20955b71e57cb2d1e074b42dc7f98295582e6281057599199f46950858744b7b,12.001144080882172,21.305102253646584,0.04835876201284017
DummyMean,42,4,3,80,20,da0a7b94b0d20f1e36d1105a98cd9ac2b5d232d5c60f7bc477832b6d740e5886,0138f79b689dc13ab985a88ed311f891a8a1a5cf102a0c50370dc6a664cb4d62,14.161763687499999,16.130091364959497,-0.4411248045822729
SizeOnlyRidge,42,4,3,80,20,da0a7b94b0d20f1e36d1105a98cd9ac2b5d232d5c60f7bc477832b6d740e5886,0138f79b689dc13ab985a88ed311f891a8a1a5cf102a0c50370dc6a664cb4d62,14.449089161808123,17.68325944468133,-0.7320186986163342
MorganRBFGPR,42,4,3,80,20,da0a7b94b0d20f1e36d1105a98cd9ac2b5d232d5c60f7bc477832b6d740e5886,0138f79b689dc13ab985a88ed311f891a8a1a5cf102a0c50370dc6a664cb4d62,10.553815136390869,14.24715533204124,-0.12430529806191304
DummyMean,42,4,4,80,20,1a58f67fe69ff490726328e58f6d520d2330e556ba7bbd82a97d9067f53060fc,9b59b257ffeea03bb6a2487e6c5b29041e801cf32c29a35d04cdf3fe31fb4ccb,17.1936053125,36.894795359868176,-0.0018890166067107028
SizeOnlyRidge,42,4,4,80,20,1a58f67fe69ff490726328e58f6d520d2330e556ba7bbd82a97d9067f53060fc,9b59b257ffeea03bb6a2487e6c5b29041e801cf32c29a35d04cdf3fe31fb4ccb,17.10210044457381,36.22591147533621,0.03410916117507512
MorganRBFGPR,42,4,4,80,20,1a58f67fe69ff490726328e58f6d520d2330e556ba7bbd82a97d9067f53060fc,9b59b257ffeea03bb6a2487e6c5b29041e801cf32c29a35d04cdf3fe31fb4ccb,14.753882605552286,35.30790016179807,0.08244272339812708
DummyMean,42,5,0,80,20,4a0298523ccf66333af7673db1f7cb9be3b8ed4959cf69371985b9bb0262aedf,a68230a5421bcab90fbd3393ae1da263a0f1ec2cf05b40c0abd84468a0fa0805,16.0971465,23.248103828724936,-0.01215883728321554
SizeOnlyRidge,42,5,0,80,20,4a0298523ccf66333af7673db1f7cb9be3b8ed4959cf69371985b9bb0262aedf,a68230a5421bcab90fbd3393ae1da263a0f1ec2cf05b40c0abd84468a0fa0805,16.476702690084984,22.764033769607853,0.02955251110903756
MorganRBFGPR,42,5,0,80,20,4a0298523ccf66333af7673db1f7cb9be3b8ed4959cf69371985b9bb0262aedf,a68230a5421bcab90fbd3393ae1da263a0f1ec2cf05b40c0abd84468a0fa0805,15.373852900568991,23.296544474284936,-0.016381177983345374
DummyMean,42,5,1,80,20,b543f77b6b463a8c0385114044f4933a4eb467f2941d97b219d08594ebe13c1f,987c07751d56f4743a9d6dacbb3d34afe41a4fe99995e221a6fe4e1faaacccce,12.455768437500002,14.629742860594082,-0.2292735134171371
SizeOnlyRidge,42,5,1,80,20,b543f77b6b463a8c0385114044f4933a4eb467f2941d97b219d08594ebe13c1f,987c07751d56f4743a9d6dacbb3d34afe41a4fe99995e221a6fe4e1faaacccce,11.959655310150918,14.620031320694103,-0.22764201838816378
MorganRBFGPR,42,5,1,80,20,b543f77b6b463a8c0385114044f4933a4eb467f2941d97b219d08594ebe13c1f,987c07751d56f4743a9d6dacbb3d34afe41a4fe99995e221a6fe4e1faaacccce,7.867214753071318,11.842705913853289,0.1944787014308702
DummyMean,42,5,2,80,20,1415c9c3bec5c7ddb8426182a5f1de0b557884c2242034319079d1ba943baed4,b49f9491c4e8d88a394b9a76b6207412c03077e352f99524a1833ee44c12e832,14.325459999999998,19.38019393888619,-0.016848447557865187
SizeOnlyRidge,42,5,2,80,20,1415c9c3bec5c7ddb8426182a5f1de0b557884c2242034319079d1ba943baed4,b49f9491c4e8d88a394b9a76b6207412c03077e352f99524a1833ee44c12e832,13.861538111012731,19.04787057516985,0.017725532615953665
MorganRBFGPR,42,5,2,80,20,1415c9c3bec5c7ddb8426182a5f1de0b557884c2242034319079d1ba943baed4,b49f9491c4e8d88a394b9a76b6207412c03077e352f99524a1833ee44c12e832,11.196771832120362,14.621742521299637,0.4211870270035146
DummyMean,42,5,3,80,20,73a350b54973ca303f515a05eb907454cf127d27e89392ddd68751f25a38d49a,dccda399e9df6f9b4b667b082d494b8e4c9fe703f9137e7e9375c3629e9dc5ea,18.023039187500004,38.23344842596807,-0.07928055901251319
SizeOnlyRidge,42,5,3,80,20,73a350b54973ca303f515a05eb907454cf127d27e89392ddd68751f25a38d49a,dccda399e9df6f9b4b667b082d494b8e4c9fe703f9137e7e9375c3629e9dc5ea,18.31600632252896,37.86548811799309,-0.05860644178253427
MorganRBFGPR,42,5,3,80,20,73a350b54973ca303f515a05eb907454cf127d27e89392ddd68751f25a38d49a,dccda399e9df6f9b4b667b082d494b8e4c9fe703f9137e7e9375c3629e9dc5ea,15.539196930575406,36.44941367939297,0.019091480386206006
DummyMean,42,5,4,80,20,ea47397711e365082f9c72542e8d254042373124e77f7f17c188a1bf309479c7,cb3425dfe88b0f4edf4fd12a9668c90515d1d642d787ca70e6891121c15a2d79,13.364192812499999,17.352797138596106,-0.05584562096602497
SizeOnlyRidge,42,5,4,80,20,ea47397711e365082f9c72542e8d254042373124e77f7f17c188a1bf309479c7,cb3425dfe88b0f4edf4fd12a9668c90515d1d642d787ca70e6891121c15a2d79,11.850231799088311,15.955241595822814,0.10737671222770473
MorganRBFGPR,42,5,4,80,20,ea47397711e365082f9c72542e8d254042373124e77f7f17c188a1bf309479c7,cb3425dfe88b0f4edf4fd12a9668c90515d1d642d787ca70e6891121c15a2d79,12.171337610802563,20.441983371856278,-0.46523574521610556
DummyMean,42,6,0,80,20,a0c749386b2edb74560c16fd246fc62165b0c812513c2bcc1aa9ce4211baf01d,a524d43170ac4dd4f7862bad02b4c46be41372fd4f04e8c0746b7d47da7fa16b,16.479061750000007,23.114801003477805,-0.01325998186321442
SizeOnlyRidge,42,6,0,80,20,a0c749386b2edb74560c16fd246fc62165b0c812513c2bcc1aa9ce4211baf01d,a524d43170ac4dd4f7862bad02b4c46be41372fd4f04e8c0746b7d47da7fa16b,15.433369112275306,22.100512432542175,0.07371365895436544
MorganRBFGPR,42,6,0,80,20,a0c749386b2edb74560c16fd246fc62165b0c812513c2bcc1aa9ce4211baf01d,a524d43170ac4dd4f7862bad02b4c46be41372fd4f04e8c0746b7d47da7fa16b,11.407189559849613,20.521039814164535,0.20138162419390093
DummyMean,42,6,1,80,20,bd4de84197bbf5c848c948e2f053e641faaf66d1aa0d2b506b55e440b32ebec2,34fb4e04666a736eedbcf7769985d8e967777e9170f8bffe4472bfe3668a8653,18.823381624999996,38.214048646396115,-0.12004888458611629
SizeOnlyRidge,42,6,1,80,20,bd4de84197bbf5c848c948e2f053e641faaf66d1aa0d2b506b55e440b32ebec2,34fb4e04666a736eedbcf7769985d8e967777e9170f8bffe4472bfe3668a8653,18.161587944514068,37.3849046232693,-0.07197196533370298
MorganRBFGPR,42,6,1,80,20,bd4de84197bbf5c848c948e2f053e641faaf66d1aa0d2b506b55e440b32ebec2,34fb4e04666a736eedbcf7769985d8e967777e9170f8bffe4472bfe3668a8653,16.068624204519644,36.8484790004868,-0.04142981262574863
DummyMean,42,6,2,80,20,bc1ff5d884074972cd18a8ffd475fd9b17f325208318478f91a4cfd41fd53261,192f5471116b600b073ec58b89c9ca85fb73ff98adb7b06777328ae043bf873c,9.228505937499998,10.56002480987307,-0.23601952444843688
SizeOnlyRidge,42,6,2,80,20,bc1ff5d884074972cd18a8ffd475fd9b17f325208318478f91a4cfd41fd53261,192f5471116b600b073ec58b89c9ca85fb73ff98adb7b06777328ae043bf873c,8.161077198015025,10.029622575258648,-0.1149737291796511
MorganRBFGPR,42,6,2,80,20,bc1ff5d884074972cd18a8ffd475fd9b17f325208318478f91a4cfd41fd53261,192f5471116b600b073ec58b89c9ca85fb73ff98adb7b06777328ae043bf873c,5.86932355820001,7.561985787448817,0.3661782072240731
DummyMean,42,6,3,80,20,d7f442d9e87ec2dde4edcf4597fb86bbf1ce359d36cdcc363735b463f3603b86,ec300d56cee10bd9daa17f0ed0d0e084fc3ce537aea0461433f1ea6eb3e8d0a5,16.3086834375,20.708161571438833,-0.017457010405277806
SizeOnlyRidge,42,6,3,80,20,d7f442d9e87ec2dde4edcf4597fb86bbf1ce359d36cdcc363735b463f3603b86,ec300d56cee10bd9daa17f0ed0d0e084fc3ce537aea0461433f1ea6eb3e8d0a5,15.979812780131798,20.508402163446995,0.0020779260337308036
MorganRBFGPR,42,6,3,80,20,d7f442d9e87ec2dde4edcf4597fb86bbf1ce359d36cdcc363735b463f3603b86,ec300d56cee10bd9daa17f0ed0d0e084fc3ce537aea0461433f1ea6eb3e8d0a5,9.085074841251144,16.729742846366715,0.3359335952717314
DummyMean,42,6,4,80,20,c2459cc9b2b1763c009c0985b6ec6ce78f33feebce97693f0cf716860d8864f9,15f895e750701b040ea91c7416342a356be2c8e5d63506d553ec0341a1729172,14.338997499999996,19.13697246162582,-0.017925384515800724
SizeOnlyRidge,42,6,4,80,20,c2459cc9b2b1763c009c0985b6ec6ce78f33feebce97693f0cf716860d8864f9,15f895e750701b040ea91c7416342a356be2c8e5d63506d553ec0341a1729172,15.565628973994432,20.02088519957671,-0.11413041837689342
MorganRBFGPR,42,6,4,80,20,c2459cc9b2b1763c009c0985b6ec6ce78f33feebce97693f0cf716860d8864f9,15f895e750701b040ea91c7416342a356be2c8e5d63506d553ec0341a1729172,12.844945053456692,16.497624770275646,0.24349409196311111
DummyMean,42,7,0,80,20,02bab1123e81cbd1608e8ebcb72e59a690ec4230044607f3fabd63ff17b8277b,91013776d4a7c8c568ac30ee291fd3f0c03d694a7c38adb62265adfc62916357,11.011313500000004,12.879092472517536,-1.2920677483323648
SizeOnlyRidge,42,7,0,80,20,02bab1123e81cbd1608e8ebcb72e59a690ec4230044607f3fabd63ff17b8277b,91013776d4a7c8c568ac30ee291fd3f0c03d694a7c38adb62265adfc62916357,11.050029301179473,13.668487551522952,-1.5816528938473744
MorganRBFGPR,42,7,0,80,20,02bab1123e81cbd1608e8ebcb72e59a690ec4230044607f3fabd63ff17b8277b,91013776d4a7c8c568ac30ee291fd3f0c03d694a7c38adb62265adfc62916357,10.14892977968977,13.84992329528611,-1.650645591593345
DummyMean,42,7,1,80,20,0249b501d4070adb3d2e36d4e97bff251099008039f38fd88d8f7401ed7e7250,e35c4fb96419dfc72a6ab53cba4fe4db51511920acdeba76689814c39a78206d,9.609093125000001,10.574667353393014,-0.8451979898283286
SizeOnlyRidge,42,7,1,80,20,0249b501d4070adb3d2e36d4e97bff251099008039f38fd88d8f7401ed7e7250,e35c4fb96419dfc72a6ab53cba4fe4db51511920acdeba76689814c39a78206d,7.620540800121428,9.324077281344014,-0.4345684402098138
MorganRBFGPR,42,7,1,80,20,0249b501d4070adb3d2e36d4e97bff251099008039f38fd88d8f7401ed7e7250,e35c4fb96419dfc72a6ab53cba4fe4db51511920acdeba76689814c39a78206d,5.515676241793909,7.035455395880564,0.18324091970601886
DummyMean,42,7,2,80,20,13de3a79cf4d3455572c03b40bb230003d239190fb3273b76e80fe5491f370c1,74bc02f801a0017638c4436b8033ad5e8ccdc8ad5f9560d452b7b3af35f3e5b4,18.371732937500003,28.307983480705474,-0.07367136732249313
SizeOnlyRidge,42,7,2,80,20,13de3a79cf4d3455572c03b40bb230003d239190fb3273b76e80fe5491f370c1,74bc02f801a0017638c4436b8033ad5e8ccdc8ad5f9560d452b7b3af35f3e5b4,18.322131528096136,27.68867382820995,-0.027206633218513465
MorganRBFGPR,42,7,2,80,20,13de3a79cf4d3455572c03b40bb230003d239190fb3273b76e80fe5491f370c1,74bc02f801a0017638c4436b8033ad5e8ccdc8ad5f9560d452b7b3af35f3e5b4,14.200496288424421,24.103632257835073,0.2215719264469067
DummyMean,42,7,3,80,20,89f677fedc6a32b65f5315e73cf4d64b746c2afbe67a7974d7ee5508a18d87c5,cb07b9c76a481fe8258771ef65945e90d3c646560ba483accf19e4a76ccffdca,16.969544437500005,20.87098557649928,-0.0007993685090241787
SizeOnlyRidge,42,7,3,80,20,89f677fedc6a32b65f5315e73cf4d64b746c2afbe67a7974d7ee5508a18d87c5,cb07b9c76a481fe8258771ef65945e90d3c646560ba483accf19e4a76ccffdca,17.54216606083796,20.730575659573624,0.01262112599120413
MorganRBFGPR,42,7,3,80,20,89f677fedc6a32b65f5315e73cf4d64b746c2afbe67a7974d7ee5508a18d87c5,cb07b9c76a481fe8258771ef65945e90d3c646560ba483accf19e4a76ccffdca,11.35277237162898,20.556298998869515,0.029152629188793355
DummyMean,42,7,4,80,20,aa5e0b438fb3a386d58d89bfd9828adbe8a377a915d4fed8d2af35f073a5cdd9,a28edc7d33f9c35f33431c77f455eb679906cc49d0bd492962773323f81d1b64,19.5325054375,37.617477640901676,-0.05819393942890816
SizeOnlyRidge,42,7,4,80,20,aa5e0b438fb3a386d58d89bfd9828adbe8a377a915d4fed8d2af35f073a5cdd9,a28edc7d33f9c35f33431c77f455eb679906cc49d0bd492962773323f81d1b64,18.584950111723323,36.782263353371455,-0.01172580196212425
MorganRBFGPR,42,7,4,80,20,aa5e0b438fb3a386d58d89bfd9828adbe8a377a915d4fed8d2af35f073a5cdd9,a28edc7d33f9c35f33431c77f455eb679906cc49d0bd492962773323f81d1b64,15.974855207931665,36.03285402308645,0.029080437765709344
DummyMean,42,8,0,80,20,e3f9acdfc59547ee5b403cef9817febee48b53417d9449945ad369bc871ceea8,dfe037ec8c6ced4005e21dc6cf3bbb8631a76ce0ab2a2580834aa7dbdd4f110d,17.040995875,25.79463045821602,-0.048749364421061925
SizeOnlyRidge,42,8,0,80,20,e3f9acdfc59547ee5b403cef9817febee48b53417d9449945ad369bc871ceea8,dfe037ec8c6ced4005e21dc6cf3bbb8631a76ce0ab2a2580834aa7dbdd4f110d,16.419259293453155,24.515066195259045,0.05271811933867998
MorganRBFGPR,42,8,0,80,20,e3f9acdfc59547ee5b403cef9817febee48b53417d9449945ad369bc871ceea8,dfe037ec8c6ced4005e21dc6cf3bbb8631a76ce0ab2a2580834aa7dbdd4f110d,15.411498217496112,29.243149606624478,-0.34791151050580704
DummyMean,42,8,1,80,20,78217f64b05a5730aba51018f5c0d351161e497a1c213f9fcd5b46159f353990,17f77401178f57bac90e64a0c451a2b5232805e5e2de17ce3adde93db6efe3a9,11.9215978125,17.39178961268022,-0.03928340859637891
SizeOnlyRidge,42,8,1,80,20,78217f64b05a5730aba51018f5c0d351161e497a1c213f9fcd5b46159f353990,17f77401178f57bac90e64a0c451a2b5232805e5e2de17ce3adde93db6efe3a9,12.677951073263841,18.1513664118055,-0.13204605431583083
MorganRBFGPR,42,8,1,80,20,78217f64b05a5730aba51018f5c0d351161e497a1c213f9fcd5b46159f353990,17f77401178f57bac90e64a0c451a2b5232805e5e2de17ce3adde93db6efe3a9,7.919366042960592,11.353922618603258,0.557067744522857
DummyMean,42,8,2,80,20,336f69ff3e7cc00bbc296c3b849b3eedbd907fa37b8f36e8ab2ef956c49305c3,146e832500f9a92e8f061e2c08d3a2c9772105ca5990cc5e59cd446f567526a7,11.680949437500002,14.18511225983526,-0.018799252085074825
SizeOnlyRidge,42,8,2,80,20,336f69ff3e7cc00bbc296c3b849b3eedbd907fa37b8f36e8ab2ef956c49305c3,146e832500f9a92e8f061e2c08d3a2c9772105ca5990cc5e59cd446f567526a7,10.765898698025122,14.665117311287284,-0.08891541547362913
MorganRBFGPR,42,8,2,80,20,336f69ff3e7cc00bbc296c3b849b3eedbd907fa37b8f36e8ab2ef956c49305c3,146e832500f9a92e8f061e2c08d3a2c9772105ca5990cc5e59cd446f567526a7,6.13521551473959,8.787199772525236,0.6090474382813171
DummyMean,42,8,3,80,20,6bf52265028040e7455630f2bfd8c8d0595ba4943efb81d4bc27feedf8010016,1fe332bd1bb3d715e294fcb93cad7c7eb815ed132aade7f8cd6eb03266a552ac,12.435062125000002,14.944333424160739,-0.049473223342353156
SizeOnlyRidge,42,8,3,80,20,6bf52265028040e7455630f2bfd8c8d0595ba4943efb81d4bc27feedf8010016,1fe332bd1bb3d715e294fcb93cad7c7eb815ed132aade7f8cd6eb03266a552ac,12.418237284326505,15.077000830017255,-0.06818919988575733
MorganRBFGPR,42,8,3,80,20,6bf52265028040e7455630f2bfd8c8d0595ba4943efb81d4bc27feedf8010016,1fe332bd1bb3d715e294fcb93cad7c7eb815ed132aade7f8cd6eb03266a552ac,6.807122906022312,8.681116711468539,0.6458645074686935
DummyMean,42,8,4,80,20,7943de51a41d1d9dbe2b3d4f368fad6b067bdb2d515b7dc4b1ed969f4f8a9010,28bbb95c74e3bd525dcab6052f9bd7fb43a86a1fd8480c3b02d29bb5247982c6,20.571543999999996,38.221513131740444,-0.006163854621269005
SizeOnlyRidge,42,8,4,80,20,7943de51a41d1d9dbe2b3d4f368fad6b067bdb2d515b7dc4b1ed969f4f8a9010,28bbb95c74e3bd525dcab6052f9bd7fb43a86a1fd8480c3b02d29bb5247982c6,20.216223102305996,37.58792305398367,0.02691759969244134
MorganRBFGPR,42,8,4,80,20,7943de51a41d1d9dbe2b3d4f368fad6b067bdb2d515b7dc4b1ed969f4f8a9010,28bbb95c74e3bd525dcab6052f9bd7fb43a86a1fd8480c3b02d29bb5247982c6,18.48002777430201,36.201016966269485,0.09740172030128669
DummyMean,42,9,0,80,20,491acfa2c3f13f17d6d8d3030763bf1b64476c4b89e4c22987973d7122a6a1ff,2bfbf461d0f9f08d4a572769cffeb194c8a5f54d50226ae843ae353ddf334cce,13.598563375000001,16.664559746826036,-0.002644772569065479
SizeOnlyRidge,42,9,0,80,20,491acfa2c3f13f17d6d8d3030763bf1b64476c4b89e4c22987973d7122a6a1ff,2bfbf461d0f9f08d4a572769cffeb194c8a5f54d50226ae843ae353ddf334cce,13.095157515083937,16.559448642767897,0.009963628932781798
MorganRBFGPR,42,9,0,80,20,491acfa2c3f13f17d6d8d3030763bf1b64476c4b89e4c22987973d7122a6a1ff,2bfbf461d0f9f08d4a572769cffeb194c8a5f54d50226ae843ae353ddf334cce,9.84991215107706,13.626028215936715,0.3296556206778086
DummyMean,42,9,1,80,20,ed224a69496016f25e81f3e7fb1a34c776fa5fd1f787001c8e91fa5496d80d00,200f860b000a98973bcb8e47033c6561e068e10651d10dd17ba6dda0be047ffb,13.329388374999999,14.826220189532302,-3.0049935629391538
SizeOnlyRidge,42,9,1,80,20,ed224a69496016f25e81f3e7fb1a34c776fa5fd1f787001c8e91fa5496d80d00,200f860b000a98973bcb8e47033c6561e068e10651d10dd17ba6dda0be047ffb,15.364617556451687,17.244839273449777,-4.418252411622676
MorganRBFGPR,42,9,1,80,20,ed224a69496016f25e81f3e7fb1a34c776fa5fd1f787001c8e91fa5496d80d00,200f860b000a98973bcb8e47033c6561e068e10651d10dd17ba6dda0be047ffb,12.476781406036082,16.29225049053482,-3.836187033807512
DummyMean,42,9,2,80,20,ea2fda1085ca64144c1150fdc961750d07eb1cb245ceaf992076e89b740b5695,00e95a4a7ddb256f2499ba05507bc5a9bbc33e13ba5ec0c24612271c3233186e,12.0239956875,17.536715196182527,-0.014017057054218407
SizeOnlyRidge,42,9,2,80,20,ea2fda1085ca64144c1150fdc961750d07eb1cb245ceaf992076e89b740b5695,00e95a4a7ddb256f2499ba05507bc5a9bbc33e13ba5ec0c24612271c3233186e,10.245508986316889,16.951262484495786,0.0525575042492763
MorganRBFGPR,42,9,2,80,20,ea2fda1085ca64144c1150fdc961750d07eb1cb245ceaf992076e89b740b5695,00e95a4a7ddb256f2499ba05507bc5a9bbc33e13ba5ec0c24612271c3233186e,6.12820473945577,8.985448529636512,0.7337875978639372
DummyMean,42,9,3,80,20,048f13239585b85bcfc0bcd5ada4015802519957a837c2720546c9cecd38b025,c68035aebd3a0d855d1dc9dc89949a0bf203ab9d4e22cb15eabd3d0201942434,13.042850000000001,17.71808781224237,-0.036796824599068634
SizeOnlyRidge,42,9,3,80,20,048f13239585b85bcfc0bcd5ada4015802519957a837c2720546c9cecd38b025,c68035aebd3a0d855d1dc9dc89949a0bf203ab9d4e22cb15eabd3d0201942434,12.595413812579249,16.302135930458583,0.12229417823876898
MorganRBFGPR,42,9,3,80,20,048f13239585b85bcfc0bcd5ada4015802519957a837c2720546c9cecd38b025,c68035aebd3a0d855d1dc9dc89949a0bf203ab9d4e22cb15eabd3d0201942434,13.594950902583378,23.783174834410413,-0.8680978294277157
DummyMean,42,9,4,80,20,3ee7e13111805d9cef94f71ef20c6a7a99d25e5e2ec3d469e148e222e131c154,149318cbef43f6eba00680fc8d6691c3cd96889f4663eb3adf8ade2cb84e9fe3,23.308610124999998,42.62816158197258,-0.06738357492224023
SizeOnlyRidge,42,9,4,80,20,3ee7e13111805d9cef94f71ef20c6a7a99d25e5e2ec3d469e148e222e131c154,149318cbef43f6eba00680fc8d6691c3cd96889f4663eb3adf8ade2cb84e9fe3,22.48456073643387,41.88850853336223,-0.030663992103577398
MorganRBFGPR,42,9,4,80,20,3ee7e13111805d9cef94f71ef20c6a7a99d25e5e2ec3d469e148e222e131c154,149318cbef43f6eba00680fc8d6691c3cd96889f4663eb3adf8ade2cb84e9fe3,19.932083050861188,41.13942901729429,0.005868515231652438
