model,repeat,fold,seed,n_train,n_test,train_id_hash,test_id_hash,config,mae,rmse,r2
Tanimoto_GPR,0,0,42,80,20,48b1646f71f945e2bcfa89abd6b079acea4a35d95c74d31b4dd74c3675af9c87,abfffe264a60dd08cf7fd55f3847dfc6ea6b2a1cf3d3036b60cf6d5e352fcb51,"binary Morgan r=2/2048; precomputed Tanimoto; GPR(alpha=1e-6, normalize_y=True, optimizer=None)",10.412297221148535,16.226014040113146,0.3843367169355838
RBF_GPR,0,0,42,80,20,48b1646f71f945e2bcfa89abd6b079acea4a35d95c74d31b4dd74c3675af9c87,abfffe264a60dd08cf7fd55f3847dfc6ea6b2a1cf3d3036b60cf6d5e352fcb51,count Morgan r=2/2048; StandardScaler; C(1)*RBF(length_scale=10)+White(noise_level=1); alpha=1e-6; normalize_y=True; n_restarts=2; seed=42,11.089295221205601,15.571557110338844,0.43299923494466785
XGBoost,0,0,42,80,20,48b1646f71f945e2bcfa89abd6b079acea4a35d95c74d31b4dd74c3675af9c87,abfffe264a60dd08cf7fd55f3847dfc6ea6b2a1cf3d3036b60cf6d5e352fcb51,"count Morgan r=2/2048; XGBoost n_estimators=800, max_depth=10, learning_rate=0.05, subsample=0.8, colsample_bytree=0.6, tree_method=exact, n_jobs=1, seed=42",11.076764314117431,17.058010321031176,0.3195811999150283
Tanimoto_GPR,0,1,42,80,20,24badd7a15abba18705b2c77934c8ee288482475c299e5ca734201f1bd014505,354db6f85ce31539dbfc1a162b5d43efdefbbdef63db955565387c60b0e9988c,"binary Morgan r=2/2048; precomputed Tanimoto; GPR(alpha=1e-6, normalize_y=True, optimizer=None)",8.938474099492893,12.13691517424386,-0.9764939175302592
RBF_GPR,0,1,42,80,20,24badd7a15abba18705b2c77934c8ee288482475c299e5ca734201f1bd014505,354db6f85ce31539dbfc1a162b5d43efdefbbdef63db955565387c60b0e9988c,count Morgan r=2/2048; StandardScaler; C(1)*RBF(length_scale=10)+White(noise_level=1); alpha=1e-6; normalize_y=True; n_restarts=2; seed=42,7.389985474360172,9.93173938200136,-0.3235168610351442
XGBoost,0,1,42,80,20,24badd7a15abba18705b2c77934c8ee288482475c299e5ca734201f1bd014505,354db6f85ce31539dbfc1a162b5d43efdefbbdef63db955565387c60b0e9988c,"count Morgan r=2/2048; XGBoost n_estimators=800, max_depth=10, learning_rate=0.05, subsample=0.8, colsample_bytree=0.6, tree_method=exact, n_jobs=1, seed=42",10.45830781841278,14.879939794896226,-1.9708532315566494
Tanimoto_GPR,0,2,42,80,20,2922ed6288d3c67c0a263af72afaeb78ccc98047429c763bf66eacb69bca5ce8,f769b2d0faeeb77f60bca28757b39f0f2b5ce427f2475570b459cacf03ed1c35,"binary Morgan r=2/2048; precomputed Tanimoto; GPR(alpha=1e-6, normalize_y=True, optimizer=None)",8.153785800963892,11.111147654562844,0.4213575216292056
RBF_GPR,0,2,42,80,20,2922ed6288d3c67c0a263af72afaeb78ccc98047429c763bf66eacb69bca5ce8,f769b2d0faeeb77f60bca28757b39f0f2b5ce427f2475570b459cacf03ed1c35,count Morgan r=2/2048; StandardScaler; C(1)*RBF(length_scale=10)+White(noise_level=1); alpha=1e-6; normalize_y=True; n_restarts=2; seed=42,9.976336444584737,13.212043824756522,0.1818508461559427
XGBoost,0,2,42,80,20,2922ed6288d3c67c0a263af72afaeb78ccc98047429c763bf66eacb69bca5ce8,f769b2d0faeeb77f60bca28757b39f0f2b5ce427f2475570b459cacf03ed1c35,"count Morgan r=2/2048; XGBoost n_estimators=800, max_depth=10, learning_rate=0.05, subsample=0.8, colsample_bytree=0.6, tree_method=exact, n_jobs=1, seed=42",8.023805718708036,11.27212148792244,0.4044697916062997
Tanimoto_GPR,0,3,42,80,20,29a1c0e82a71e84bcb22eca216f7275814a02b0445f5bf3b3bc288046aa359d1,2804b17bbda2a69896ddedbb454a5b1ebb167fec26a455b256d34072b2de6c23,"binary Morgan r=2/2048; precomputed Tanimoto; GPR(alpha=1e-6, normalize_y=True, optimizer=None)",14.485669043992937,37.23150989200453,-0.022683380315462465
RBF_GPR,0,3,42,80,20,29a1c0e82a71e84bcb22eca216f7275814a02b0445f5bf3b3bc288046aa359d1,2804b17bbda2a69896ddedbb454a5b1ebb167fec26a455b256d34072b2de6c23,count Morgan r=2/2048; StandardScaler; C(1)*RBF(length_scale=10)+White(noise_level=1); alpha=1e-6; normalize_y=True; n_restarts=2; seed=42,16.119078973515037,36.25166140943722,0.030437677592651702
XGBoost,0,3,42,80,20,29a1c0e82a71e84bcb22eca216f7275814a02b0445f5bf3b3bc288046aa359d1,2804b17bbda2a69896ddedbb454a5b1ebb167fec26a455b256d34072b2de6c23,"count Morgan r=2/2048; XGBoost n_estimators=800, max_depth=10, learning_rate=0.05, subsample=0.8, colsample_bytree=0.6, tree_method=exact, n_jobs=1, seed=42",14.012759636669163,38.407876302826025,-0.0883297193893684
Tanimoto_GPR,0,4,42,80,20,3926ce22b56b4595fa30b192936ac811b7f27c8c62c73b2b768ef7f20703ec4d,d08ab3371ee317377150939e4d7760b2c7f6bf526440d90e24536865d58ea758,"binary Morgan r=2/2048; precomputed Tanimoto; GPR(alpha=1e-6, normalize_y=True, optimizer=None)",13.724551644371171,25.226204820813784,0.023232811225554983
RBF_GPR,0,4,42,80,20,3926ce22b56b4595fa30b192936ac811b7f27c8c62c73b2b768ef7f20703ec4d,d08ab3371ee317377150939e4d7760b2c7f6bf526440d90e24536865d58ea758,count Morgan r=2/2048; StandardScaler; C(1)*RBF(length_scale=10)+White(noise_level=1); alpha=1e-6; normalize_y=True; n_restarts=2; seed=42,14.132237116616448,27.892404435736182,-0.19415069261413764
XGBoost,0,4,42,80,20,3926ce22b56b4595fa30b192936ac811b7f27c8c62c73b2b768ef7f20703ec4d,d08ab3371ee317377150939e4d7760b2c7f6bf526440d90e24536865d58ea758,"count Morgan r=2/2048; XGBoost n_estimators=800, max_depth=10, learning_rate=0.05, subsample=0.8, colsample_bytree=0.6, tree_method=exact, n_jobs=1, seed=42",12.302573875198362,23.472973621844133,0.1542861387373221
Tanimoto_GPR,1,0,42,80,20,b32ff11e179fb8d0176c54bf24ee3dd61b35f559b05f87b6fd167ec1447ea61c,6ad996ec07c007175bbe5cfb34939ab774a8288ec42c1526569432c4f6e8c9c7,"binary Morgan r=2/2048; precomputed Tanimoto; GPR(alpha=1e-6, normalize_y=True, optimizer=None)",17.36354587380099,38.2809919228399,-0.06371580851039749
RBF_GPR,1,0,42,80,20,b32ff11e179fb8d0176c54bf24ee3dd61b35f559b05f87b6fd167ec1447ea61c,6ad996ec07c007175bbe5cfb34939ab774a8288ec42c1526569432c4f6e8c9c7,count Morgan r=2/2048; StandardScaler; C(1)*RBF(length_scale=10)+White(noise_level=1); alpha=1e-6; normalize_y=True; n_restarts=2; seed=42,16.91994387020949,36.8943419676597,0.011950309983762564
XGBoost,1,0,42,80,20,b32ff11e179fb8d0176c54bf24ee3dd61b35f559b05f87b6fd167ec1447ea61c,6ad996ec07c007175bbe5cfb34939ab774a8288ec42c1526569432c4f6e8c9c7,"count Morgan r=2/2048; XGBoost n_estimators=800, max_depth=10, learning_rate=0.05, subsample=0.8, colsample_bytree=0.6, tree_method=exact, n_jobs=1, seed=42",18.041033518676755,40.67960600911751,-0.20119281176455872
Tanimoto_GPR,1,1,42,80,20,56f53002f0be0a89086e3d3d0bdeae9196c58b1491325748a4a3219991898b6a,cc5b365867fa2a45fc5e4f8854c17b7c45d3067da1d5157e912678d57f66f195,"binary Morgan r=2/2048; precomputed Tanimoto; GPR(alpha=1e-6, normalize_y=True, optimizer=None)",14.652380668108918,21.14125289511207,0.14394386170220075
RBF_GPR,1,1,42,80,20,56f53002f0be0a89086e3d3d0bdeae9196c58b1491325748a4a3219991898b6a,cc5b365867fa2a45fc5e4f8854c17b7c45d3067da1d5157e912678d57f66f195,count Morgan r=2/2048; StandardScaler; C(1)*RBF(length_scale=10)+White(noise_level=1); alpha=1e-6; normalize_y=True; n_restarts=2; seed=42,14.40684565400056,19.844830379735896,0.24571480174880156
XGBoost,1,1,42,80,20,56f53002f0be0a89086e3d3d0bdeae9196c58b1491325748a4a3219991898b6a,cc5b365867fa2a45fc5e4f8854c17b7c45d3067da1d5157e912678d57f66f195,"count Morgan r=2/2048; XGBoost n_estimators=800, max_depth=10, learning_rate=0.05, subsample=0.8, colsample_bytree=0.6, tree_method=exact, n_jobs=1, seed=42",12.803612976875305,19.6076643521514,0.2636360292464103
Tanimoto_GPR,1,2,42,80,20,4c2af19a050edd3d647d409b546db626ee8d7bfcb1a807705760b568d9595d58,7c144337ee6e58643acfb2a1eb04e6981f635e7b56431976673d8329ad3214a0,"binary Morgan r=2/2048; precomputed Tanimoto; GPR(alpha=1e-6, normalize_y=True, optimizer=None)",11.110292440367886,20.604660300430982,0.155745820164919
RBF_GPR,1,2,42,80,20,4c2af19a050edd3d647d409b546db626ee8d7bfcb1a807705760b568d9595d58,7c144337ee6e58643acfb2a1eb04e6981f635e7b56431976673d8329ad3214a0,count Morgan r=2/2048; StandardScaler; C(1)*RBF(length_scale=10)+White(noise_level=1); alpha=1e-6; normalize_y=True; n_restarts=2; seed=42,11.10798441422823,20.526805390383064,0.16211381195012708
XGBoost,1,2,42,80,20,4c2af19a050edd3d647d409b546db626ee8d7bfcb1a807705760b568d9595d58,7c144337ee6e58643acfb2a1eb04e6981f635e7b56431976673d8329ad3214a0,"count Morgan r=2/2048; XGBoost n_estimators=800, max_depth=10, learning_rate=0.05, subsample=0.8, colsample_bytree=0.6, tree_method=exact, n_jobs=1, seed=42",9.861769979572296,18.196675857852387,0.34154451526902174
Tanimoto_GPR,1,3,42,80,20,d9a5a02866f847f57c319ebbf49a48a4d79391a9fe080f767027eef138cd1129,67458cc0eb31d5cab434dad38f76856cbea9c23ad006e15f626433d2894937b0,"binary Morgan r=2/2048; precomputed Tanimoto; GPR(alpha=1e-6, normalize_y=True, optimizer=None)",7.316485181669718,9.350663251918672,0.524531943997318
RBF_GPR,1,3,42,80,20,d9a5a02866f847f57c319ebbf49a48a4d79391a9fe080f767027eef138cd1129,67458cc0eb31d5cab434dad38f76856cbea9c23ad006e15f626433d2894937b0,count Morgan r=2/2048; StandardScaler; C(1)*RBF(length_scale=10)+White(noise_level=1); alpha=1e-6; normalize_y=True; n_restarts=2; seed=42,7.830236207691843,10.424620040575961,0.40904150504759007
XGBoost,1,3,42,80,20,d9a5a02866f847f57c319ebbf49a48a4d79391a9fe080f767027eef138cd1129,67458cc0eb31d5cab434dad38f76856cbea9c23ad006e15f626433d2894937b0,"count Morgan r=2/2048; XGBoost n_estimators=800, max_depth=10, learning_rate=0.05, subsample=0.8, colsample_bytree=0.6, tree_method=exact, n_jobs=1, seed=42",8.494517908287047,12.708994861129012,0.12166756864388029
Tanimoto_GPR,1,4,42,80,20,7c181611eafed73bdae112501549fa4a63c8bdf509fe246462ce460911c23f2f,629780caf2783437d9cc0259cf88cb8e4d3e9a81fd22a853309c785b55bee608,"binary Morgan r=2/2048; precomputed Tanimoto; GPR(alpha=1e-6, normalize_y=True, optimizer=None)",4.8872899312969,7.696366384438904,0.6851567213254026
RBF_GPR,1,4,42,80,20,7c181611eafed73bdae112501549fa4a63c8bdf509fe246462ce460911c23f2f,629780caf2783437d9cc0259cf88cb8e4d3e9a81fd22a853309c785b55bee608,count Morgan r=2/2048; StandardScaler; C(1)*RBF(length_scale=10)+White(noise_level=1); alpha=1e-6; normalize_y=True; n_restarts=2; seed=42,5.294157393294545,8.015606880390724,0.6584960140492615
XGBoost,1,4,42,80,20,7c181611eafed73bdae112501549fa4a63c8bdf509fe246462ce460911c23f2f,629780caf2783437d9cc0259cf88cb8e4d3e9a81fd22a853309c785b55bee608,"count Morgan r=2/2048; XGBoost n_estimators=800, max_depth=10, learning_rate=0.05, subsample=0.8, colsample_bytree=0.6, tree_method=exact, n_jobs=1, seed=42",4.639133437347413,7.926191233066105,0.6660726040789922
Tanimoto_GPR,2,0,42,80,20,6e0bfd6f61bcd93edc1dd1e9778349ddec1f1acbf091d51bd167bad2e0fe9a93,0be682139add5d1ee01b1da8aebf14ef36bbbae2f7a7f3249cc5ab761beac09a,"binary Morgan r=2/2048; precomputed Tanimoto; GPR(alpha=1e-6, normalize_y=True, optimizer=None)",9.325767282625048,14.815468559055144,-0.1674844587580231
RBF_GPR,2,0,42,80,20,6e0bfd6f61bcd93edc1dd1e9778349ddec1f1acbf091d51bd167bad2e0fe9a93,0be682139add5d1ee01b1da8aebf14ef36bbbae2f7a7f3249cc5ab761beac09a,count Morgan r=2/2048; StandardScaler; C(1)*RBF(length_scale=10)+White(noise_level=1); alpha=1e-6; normalize_y=True; n_restarts=2; seed=42,9.217810747740707,13.065874021000683,0.09197614396177423
XGBoost,2,0,42,80,20,6e0bfd6f61bcd93edc1dd1e9778349ddec1f1acbf091d51bd167bad2e0fe9a93,0be682139add5d1ee01b1da8aebf14ef36bbbae2f7a7f3249cc5ab761beac09a,"count Morgan r=2/2048; XGBoost n_estimators=800, max_depth=10, learning_rate=0.05, subsample=0.8, colsample_bytree=0.6, tree_method=exact, n_jobs=1, seed=42",7.788709312057496,11.09459061432263,0.34529917396487075
Tanimoto_GPR,2,1,42,80,20,10ac221ac45ff0cbdee455e9fc97cdb1714242ea4bd8209e904f6d501e1310f8,f5dc0231425e70dcd91a4073d2a3a233d3beb5ee18991ec85b8b0db84b54a994,"binary Morgan r=2/2048; precomputed Tanimoto; GPR(alpha=1e-6, normalize_y=True, optimizer=None)",12.282058812396048,19.16607145100759,0.3906218376325894
RBF_GPR,2,1,42,80,20,10ac221ac45ff0cbdee455e9fc97cdb1714242ea4bd8209e904f6d501e1310f8,f5dc0231425e70dcd91a4073d2a3a233d3beb5ee18991ec85b8b0db84b54a994,count Morgan r=2/2048; StandardScaler; C(1)*RBF(length_scale=10)+White(noise_level=1); alpha=1e-6; normalize_y=True; n_restarts=2; seed=42,13.046454701435199,20.114484560566954,0.32882078731089215
XGBoost,2,1,42,80,20,10ac221ac45ff0cbdee455e9fc97cdb1714242ea4bd8209e904f6d501e1310f8,f5dc0231425e70dcd91a4073d2a3a233d3beb5ee18991ec85b8b0db84b54a994,"count Morgan r=2/2048; XGBoost n_estimators=800, max_depth=10, learning_rate=0.05, subsample=0.8, colsample_bytree=0.6, tree_method=exact, n_jobs=1, seed=42",11.8926457196331,19.79332191632597,0.3500827603734088
Tanimoto_GPR,2,2,42,80,20,95eb814869c8df164495cc173c5b6a7005ccb4ddb4c23e28fe06830304e4adce,847bb909f86a019ce303b07307aa397c2999d3fa39c3079430d31ee0bf5a120b,"binary Morgan r=2/2048; precomputed Tanimoto; GPR(alpha=1e-6, normalize_y=True, optimizer=None)",12.109222134903499,21.983211204367443,0.034912889563859184
RBF_GPR,2,2,42,80,20,95eb814869c8df164495cc173c5b6a7005ccb4ddb4c23e28fe06830304e4adce,847bb909f86a019ce303b07307aa397c2999d3fa39c3079430d31ee0bf5a120b,count Morgan r=2/2048; StandardScaler; C(1)*RBF(length_scale=10)+White(noise_level=1); alpha=1e-6; normalize_y=True; n_restarts=2; seed=42,12.71142258709504,22.547501623374277,-0.015268949597848636
XGBoost,2,2,42,80,20,95eb814869c8df164495cc173c5b6a7005ccb4ddb4c23e28fe06830304e4adce,847bb909f86a019ce303b07307aa397c2999d3fa39c3079430d31ee0bf5a120b,"count Morgan r=2/2048; XGBoost n_estimators=800, max_depth=10, learning_rate=0.05, subsample=0.8, colsample_bytree=0.6, tree_method=exact, n_jobs=1, seed=42",13.618645351867679,23.787704031527554,-0.13002825625063297
Tanimoto_GPR,2,3,42,80,20,502915fc474268c26588d221cb1382864d37c1ea95efd164d51354a6dbf17238,4b1d44246192a79b8635395191085a8ca1ac7cc69a68c460dd9d1dc6c8e629e9,"binary Morgan r=2/2048; precomputed Tanimoto; GPR(alpha=1e-6, normalize_y=True, optimizer=None)",6.926797253672481,9.863686591817192,-0.048892651447111746
RBF_GPR,2,3,42,80,20,502915fc474268c26588d221cb1382864d37c1ea95efd164d51354a6dbf17238,4b1d44246192a79b8635395191085a8ca1ac7cc69a68c460dd9d1dc6c8e629e9,count Morgan r=2/2048; StandardScaler; C(1)*RBF(length_scale=10)+White(noise_level=1); alpha=1e-6; normalize_y=True; n_restarts=2; seed=42,6.081547458653421,8.695309097224387,0.18487809709682734
XGBoost,2,3,42,80,20,502915fc474268c26588d221cb1382864d37c1ea95efd164d51354a6dbf17238,4b1d44246192a79b8635395191085a8ca1ac7cc69a68c460dd9d1dc6c8e629e9,"count Morgan r=2/2048; XGBoost n_estimators=800, max_depth=10, learning_rate=0.05, subsample=0.8, colsample_bytree=0.6, tree_method=exact, n_jobs=1, seed=42",6.9180808319091796,10.010806023309183,-0.08041500253635525
Tanimoto_GPR,2,4,42,80,20,f6ed29b767bc3f7063517607c574bd9d6b1ef5776e0df80c1785c8e7d758258a,75e294582da6d3f7ae50be6984ad24fa0cf5268f2abc91f795f2e160518b94c7,"binary Morgan r=2/2048; precomputed Tanimoto; GPR(alpha=1e-6, normalize_y=True, optimizer=None)",14.307229788987664,36.505409312827894,0.044653497238901996
RBF_GPR,2,4,42,80,20,f6ed29b767bc3f7063517607c574bd9d6b1ef5776e0df80c1785c8e7d758258a,75e294582da6d3f7ae50be6984ad24fa0cf5268f2abc91f795f2e160518b94c7,count Morgan r=2/2048; StandardScaler; C(1)*RBF(length_scale=10)+White(noise_level=1); alpha=1e-6; normalize_y=True; n_restarts=2; seed=42,16.695101100975478,35.83032259162852,0.07966082165589106
XGBoost,2,4,42,80,20,f6ed29b767bc3f7063517607c574bd9d6b1ef5776e0df80c1785c8e7d758258a,75e294582da6d3f7ae50be6984ad24fa0cf5268f2abc91f795f2e160518b94c7,"count Morgan r=2/2048; XGBoost n_estimators=800, max_depth=10, learning_rate=0.05, subsample=0.8, colsample_bytree=0.6, tree_method=exact, n_jobs=1, seed=42",13.977879802265168,37.30973065533591,0.002091547558649265
Tanimoto_GPR,3,0,42,80,20,727542339e530e1c46af50c8a0d9a27c4a84e05bc59a24988c5530c36531a654,9b1b0b68ef06ad318050caa404006d0b737f121246becafe27e62d33260df453,"binary Morgan r=2/2048; precomputed Tanimoto; GPR(alpha=1e-6, normalize_y=True, optimizer=None)",12.076990895031031,36.54210426359496,0.03311116607703091
RBF_GPR,3,0,42,80,20,727542339e530e1c46af50c8a0d9a27c4a84e05bc59a24988c5530c36531a654,9b1b0b68ef06ad318050caa404006d0b737f121246becafe27e62d33260df453,count Morgan r=2/2048; StandardScaler; C(1)*RBF(length_scale=10)+White(noise_level=1); alpha=1e-6; normalize_y=True; n_restarts=2; seed=42,14.491343811557181,35.6020745699499,0.08221691136364129
XGBoost,3,0,42,80,20,727542339e530e1c46af50c8a0d9a27c4a84e05bc59a24988c5530c36531a654,9b1b0b68ef06ad318050caa404006d0b737f121246becafe27e62d33260df453,"count Morgan r=2/2048; XGBoost n_estimators=800, max_depth=10, learning_rate=0.05, subsample=0.8, colsample_bytree=0.6, tree_method=exact, n_jobs=1, seed=42",13.022454632759096,38.11670296000767,-0.052010550823995194
Tanimoto_GPR,3,1,42,80,20,88fe024c1ab4e07d405dbde06b71678c4c3b42b1c4e7599c2272d051bb3d35ad,c4fce938cfc0da9a254f42b8cdaaa470ce934c9320749c84cc26b96e5c901750,"binary Morgan r=2/2048; precomputed Tanimoto; GPR(alpha=1e-6, normalize_y=True, optimizer=None)",7.806912952788581,9.983420667252393,0.17762959313206883
RBF_GPR,3,1,42,80,20,88fe024c1ab4e07d405dbde06b71678c4c3b42b1c4e7599c2272d051bb3d35ad,c4fce938cfc0da9a254f42b8cdaaa470ce934c9320749c84cc26b96e5c901750,count Morgan r=2/2048; StandardScaler; C(1)*RBF(length_scale=10)+White(noise_level=1); alpha=1e-6; normalize_y=True; n_restarts=2; seed=42,8.135396967979478,9.860170581304109,0.19780936418894846
XGBoost,3,1,42,80,20,88fe024c1ab4e07d405dbde06b71678c4c3b42b1c4e7599c2272d051bb3d35ad,c4fce938cfc0da9a254f42b8cdaaa470ce934c9320749c84cc26b96e5c901750,"count Morgan r=2/2048; XGBoost n_estimators=800, max_depth=10, learning_rate=0.05, subsample=0.8, colsample_bytree=0.6, tree_method=exact, n_jobs=1, seed=42",6.5527577281188965,9.47755970445982,0.25885737844497503
Tanimoto_GPR,3,2,42,80,20,944ea2bea491b8fa9c716f48719c18f9ab4d4e8f0a02583e152b26bb7f0b68f6,228a28f5925d98c0e4a72125fb1bfe06122c3cb20ebbd7d1423423073004db76,"binary Morgan r=2/2048; precomputed Tanimoto; GPR(alpha=1e-6, normalize_y=True, optimizer=None)",14.209283767374984,24.90491227617243,0.11141568656726109
RBF_GPR,3,2,42,80,20,944ea2bea491b8fa9c716f48719c18f9ab4d4e8f0a02583e152b26bb7f0b68f6,228a28f5925d98c0e4a72125fb1bfe06122c3cb20ebbd7d1423423073004db76,count Morgan r=2/2048; StandardScaler; C(1)*RBF(length_scale=10)+White(noise_level=1); alpha=1e-6; normalize_y=True; n_restarts=2; seed=42,17.731558871363358,31.730028673102726,-0.4423462795002766
XGBoost,3,2,42,80,20,944ea2bea491b8fa9c716f48719c18f9ab4d4e8f0a02583e152b26bb7f0b68f6,228a28f5925d98c0e4a72125fb1bfe06122c3cb20ebbd7d1423423073004db76,"count Morgan r=2/2048; XGBoost n_estimators=800, max_depth=10, learning_rate=0.05, subsample=0.8, colsample_bytree=0.6, tree_method=exact, n_jobs=1, seed=42",15.240328587627411,27.730506997351995,-0.10165149777507243
Tanimoto_GPR,3,3,42,80,20,18ea565364c1e6b3552acbe46751ed5d1fcc23d30f6f746f1aed9f485ee0f62f,b53430204e68e2b4218540bf18956886385e6da90f2de8affca0e1ae22fe6c6e,"binary Morgan r=2/2048; precomputed Tanimoto; GPR(alpha=1e-6, normalize_y=True, optimizer=None)",5.62814854831486,7.019126715435632,0.5680371892819944
RBF_GPR,3,3,42,80,20,18ea565364c1e6b3552acbe46751ed5d1fcc23d30f6f746f1aed9f485ee0f62f,b53430204e68e2b4218540bf18956886385e6da90f2de8affca0e1ae22fe6c6e,count Morgan r=2/2048; StandardScaler; C(1)*RBF(length_scale=10)+White(noise_level=1); alpha=1e-6; normalize_y=True; n_restarts=2; seed=42,6.547759422273316,9.151574984760176,0.26570279024956545
XGBoost,3,3,42,80,20,18ea565364c1e6b3552acbe46751ed5d1fcc23d30f6f746f1aed9f485ee0f62f,b53430204e68e2b4218540bf18956886385e6da90f2de8affca0e1ae22fe6c6e,"count Morgan r=2/2048; XGBoost n_estimators=800, max_depth=10, learning_rate=0.05, subsample=0.8, colsample_bytree=0.6, tree_method=exact, n_jobs=1, seed=42",6.561030237350465,8.184845969267613,0.4126442636993185
Tanimoto_GPR,3,4,42,80,20,034aaa599e1cbdb1d83752087c25375c35285b53c54f2eadae73e132d3179492,d646c63fe2a72d8072fa41afec72775408220381fdd29230a66d33cef4ff1be7,"binary Morgan r=2/2048; precomputed Tanimoto; GPR(alpha=1e-6, normalize_y=True, optimizer=None)",14.12168028852084,19.056177875334726,0.16295847117782347
RBF_GPR,3,4,42,80,20,034aaa599e1cbdb1d83752087c25375c35285b53c54f2eadae73e132d3179492,d646c63fe2a72d8072fa41afec72775408220381fdd29230a66d33cef4ff1be7,count Morgan r=2/2048; StandardScaler; C(1)*RBF(length_scale=10)+White(noise_level=1); alpha=1e-6; normalize_y=True; n_restarts=2; seed=42,13.985160712237462,16.74199110412103,0.3539150520756663
XGBoost,3,4,42,80,20,034aaa599e1cbdb1d83752087c25375c35285b53c54f2eadae73e132d3179492,d646c63fe2a72d8072fa41afec72775408220381fdd29230a66d33cef4ff1be7,"count Morgan r=2/2048; XGBoost n_estimators=800, max_depth=10, learning_rate=0.05, subsample=0.8, colsample_bytree=0.6, tree_method=exact, n_jobs=1, seed=42",12.86272143529892,16.127013637051352,0.40050810492449906
Tanimoto_GPR,4,0,42,80,20,11abaeb2d14b5e5d4a114472314eb824510a69c149d064a72dc268262c412931,adc34eb9b792c7e2e77911d9957c7ede8314e792358172cf3cd6adccdd4299bc,"binary Morgan r=2/2048; precomputed Tanimoto; GPR(alpha=1e-6, normalize_y=True, optimizer=None)",8.33623291924327,11.117542557371946,0.5046275139451185
RBF_GPR,4,0,42,80,20,11abaeb2d14b5e5d4a114472314eb824510a69c149d064a72dc268262c412931,adc34eb9b792c7e2e77911d9957c7ede8314e792358172cf3cd6adccdd4299bc,count Morgan r=2/2048; StandardScaler; C(1)*RBF(length_scale=10)+White(noise_level=1); alpha=1e-6; normalize_y=True; n_restarts=2; seed=42,8.164968100345956,12.032320812150413,0.41975275676875057
XGBoost,4,0,42,80,20,11abaeb2d14b5e5d4a114472314eb824510a69c149d064a72dc268262c412931,adc34eb9b792c7e2e77911d9957c7ede8314e792358172cf3cd6adccdd4299bc,"count Morgan r=2/2048; XGBoost n_estimators=800, max_depth=10, learning_rate=0.05, subsample=0.8, colsample_bytree=0.6, tree_method=exact, n_jobs=1, seed=42",7.434480212974546,12.046575090922934,0.4183771443195661
Tanimoto_GPR,4,1,42,80,20,41d578c860ad158685aee8dcc476f66f136e1da76ba54499ece384e3171946fc,dcc32ad62882ff53ca32e6977f79731acfb3938802536e936339fea51eca39fc,"binary Morgan r=2/2048; precomputed Tanimoto; GPR(alpha=1e-6, normalize_y=True, optimizer=None)",13.42378583604059,18.832316482249677,0.28823196895545156
RBF_GPR,4,1,42,80,20,41d578c860ad158685aee8dcc476f66f136e1da76ba54499ece384e3171946fc,dcc32ad62882ff53ca32e6977f79731acfb3938802536e936339fea51eca39fc,count Morgan r=2/2048; StandardScaler; C(1)*RBF(length_scale=10)+White(noise_level=1); alpha=1e-6; normalize_y=True; n_restarts=2; seed=42,14.591188640275096,22.526687543679188,-0.018417047033763456
XGBoost,4,1,42,80,20,41d578c860ad158685aee8dcc476f66f136e1da76ba54499ece384e3171946fc,dcc32ad62882ff53ca32e6977f79731acfb3938802536e936339fea51eca39fc,"count Morgan r=2/2048; XGBoost n_estimators=800, max_depth=10, learning_rate=0.05, subsample=0.8, colsample_bytree=0.6, tree_method=exact, n_jobs=1, seed=42",13.921226800918578,20.687018680671983,0.14113124626117868
Tanimoto_GPR,4,2,42,80,20,0b70bc98b151b65143f0969249b8f6497d1d2557756082d8026ccfeb68ef20b0,20955b71e57cb2d1e074b42dc7f98295582e6281057599199f46950858744b7b,"binary Morgan r=2/2048; precomputed Tanimoto; GPR(alpha=1e-6, normalize_y=True, optimizer=None)",11.373739856931131,20.86965649400611,0.08686159452682074
RBF_GPR,4,2,42,80,20,0b70bc98b151b65143f0969249b8f6497d1d2557756082d8026ccfeb68ef20b0,20955b71e57cb2d1e074b42dc7f98295582e6281057599199f46950858744b7b,count Morgan r=2/2048; StandardScaler; C(1)*RBF(length_scale=10)+White(noise_level=1); alpha=1e-6; normalize_y=True; n_restarts=2; seed=42,12.001144080882172,21.305102253646584,0.04835876201284017
XGBoost,4,2,42,80,20,0b70bc98b151b65143f0969249b8f6497d1d2557756082d8026ccfeb68ef20b0,20955b71e57cb2d1e074b42dc7f98295582e6281057599199f46950858744b7b,"count Morgan r=2/2048; XGBoost n_estimators=800, max_depth=10, learning_rate=0.05, subsample=0.8, colsample_bytree=0.6, tree_method=exact, n_jobs=1, seed=42",12.723592840080261,21.333758776897742,0.04579702170795463
Tanimoto_GPR,4,3,42,80,20,da0a7b94b0d20f1e36d1105a98cd9ac2b5d232d5c60f7bc477832b6d740e5886,0138f79b689dc13ab985a88ed311f891a8a1a5cf102a0c50370dc6a664cb4d62,"binary Morgan r=2/2048; precomputed Tanimoto; GPR(alpha=1e-6, normalize_y=True, optimizer=None)",9.367301406575216,15.055393786831479,-0.255486876096906
RBF_GPR,4,3,42,80,20,da0a7b94b0d20f1e36d1105a98cd9ac2b5d232d5c60f7bc477832b6d740e5886,0138f79b689dc13ab985a88ed311f891a8a1a5cf102a0c50370dc6a664cb4d62,count Morgan r=2/2048; StandardScaler; C(1)*RBF(length_scale=10)+White(noise_level=1); alpha=1e-6; normalize_y=True; n_restarts=2; seed=42,10.553815136390869,14.24715533204124,-0.12430529806191304
XGBoost,4,3,42,80,20,da0a7b94b0d20f1e36d1105a98cd9ac2b5d232d5c60f7bc477832b6d740e5886,0138f79b689dc13ab985a88ed311f891a8a1a5cf102a0c50370dc6a664cb4d62,"count Morgan r=2/2048; XGBoost n_estimators=800, max_depth=10, learning_rate=0.05, subsample=0.8, colsample_bytree=0.6, tree_method=exact, n_jobs=1, seed=42",8.619853308677673,12.413506412969273,0.14647374570340355
Tanimoto_GPR,4,4,42,80,20,1a58f67fe69ff490726328e58f6d520d2330e556ba7bbd82a97d9067f53060fc,9b59b257ffeea03bb6a2487e6c5b29041e801cf32c29a35d04cdf3fe31fb4ccb,"binary Morgan r=2/2048; precomputed Tanimoto; GPR(alpha=1e-6, normalize_y=True, optimizer=None)",13.404252180357403,36.40437863563108,0.024568785066030774
RBF_GPR,4,4,42,80,20,1a58f67fe69ff490726328e58f6d520d2330e556ba7bbd82a97d9067f53060fc,9b59b257ffeea03bb6a2487e6c5b29041e801cf32c29a35d04cdf3fe31fb4ccb,count Morgan r=2/2048; StandardScaler; C(1)*RBF(length_scale=10)+White(noise_level=1); alpha=1e-6; normalize_y=True; n_restarts=2; seed=42,14.753882605552286,35.30790016179807,0.08244272339812708
XGBoost,4,4,42,80,20,1a58f67fe69ff490726328e58f6d520d2330e556ba7bbd82a97d9067f53060fc,9b59b257ffeea03bb6a2487e6c5b29041e801cf32c29a35d04cdf3fe31fb4ccb,"count Morgan r=2/2048; XGBoost n_estimators=800, max_depth=10, learning_rate=0.05, subsample=0.8, colsample_bytree=0.6, tree_method=exact, n_jobs=1, seed=42",13.873894135093687,38.42963672929234,-0.08698102345397074
Tanimoto_GPR,5,0,42,80,20,4a0298523ccf66333af7673db1f7cb9be3b8ed4959cf69371985b9bb0262aedf,a68230a5421bcab90fbd3393ae1da263a0f1ec2cf05b40c0abd84468a0fa0805,"binary Morgan r=2/2048; precomputed Tanimoto; GPR(alpha=1e-6, normalize_y=True, optimizer=None)",16.625760999153183,25.552163430271296,-0.2227254485525847
RBF_GPR,5,0,42,80,20,4a0298523ccf66333af7673db1f7cb9be3b8ed4959cf69371985b9bb0262aedf,a68230a5421bcab90fbd3393ae1da263a0f1ec2cf05b40c0abd84468a0fa0805,count Morgan r=2/2048; StandardScaler; C(1)*RBF(length_scale=10)+White(noise_level=1); alpha=1e-6; normalize_y=True; n_restarts=2; seed=42,15.373852900568991,23.296544474284936,-0.016381177983345374
XGBoost,5,0,42,80,20,4a0298523ccf66333af7673db1f7cb9be3b8ed4959cf69371985b9bb0262aedf,a68230a5421bcab90fbd3393ae1da263a0f1ec2cf05b40c0abd84468a0fa0805,"count Morgan r=2/2048; XGBoost n_estimators=800, max_depth=10, learning_rate=0.05, subsample=0.8, colsample_bytree=0.6, tree_method=exact, n_jobs=1, seed=42",18.695996493377685,27.732168173221304,-0.440261158282127
Tanimoto_GPR,5,1,42,80,20,b543f77b6b463a8c0385114044f4933a4eb467f2941d97b219d08594ebe13c1f,987c07751d56f4743a9d6dacbb3d34afe41a4fe99995e221a6fe4e1faaacccce,"binary Morgan r=2/2048; precomputed Tanimoto; GPR(alpha=1e-6, normalize_y=True, optimizer=None)",7.803948870962482,11.435203391546418,0.24896024600826816
RBF_GPR,5,1,42,80,20,b543f77b6b463a8c0385114044f4933a4eb467f2941d97b219d08594ebe13c1f,987c07751d56f4743a9d6dacbb3d34afe41a4fe99995e221a6fe4e1faaacccce,count Morgan r=2/2048; StandardScaler; C(1)*RBF(length_scale=10)+White(noise_level=1); alpha=1e-6; normalize_y=True; n_restarts=2; seed=42,7.867214753071318,11.842705913853289,0.1944787014308702
XGBoost,5,1,42,80,20,b543f77b6b463a8c0385114044f4933a4eb467f2941d97b219d08594ebe13c1f,987c07751d56f4743a9d6dacbb3d34afe41a4fe99995e221a6fe4e1faaacccce,"count Morgan r=2/2048; XGBoost n_estimators=800, max_depth=10, learning_rate=0.05, subsample=0.8, colsample_bytree=0.6, tree_method=exact, n_jobs=1, seed=42",10.643137733917236,15.614571717523246,-0.40034579623541466
Tanimoto_GPR,5,2,42,80,20,1415c9c3bec5c7ddb8426182a5f1de0b557884c2242034319079d1ba943baed4,b49f9491c4e8d88a394b9a76b6207412c03077e352f99524a1833ee44c12e832,"binary Morgan r=2/2048; precomputed Tanimoto; GPR(alpha=1e-6, normalize_y=True, optimizer=None)",10.234145258834051,14.038093628916915,0.46647317289056456
RBF_GPR,5,2,42,80,20,1415c9c3bec5c7ddb8426182a5f1de0b557884c2242034319079d1ba943baed4,b49f9491c4e8d88a394b9a76b6207412c03077e352f99524a1833ee44c12e832,count Morgan r=2/2048; StandardScaler; C(1)*RBF(length_scale=10)+White(noise_level=1); alpha=1e-6; normalize_y=True; n_restarts=2; seed=42,11.196771832120362,14.621742521299637,0.4211870270035146
XGBoost,5,2,42,80,20,1415c9c3bec5c7ddb8426182a5f1de0b557884c2242034319079d1ba943baed4,b49f9491c4e8d88a394b9a76b6207412c03077e352f99524a1833ee44c12e832,"count Morgan r=2/2048; XGBoost n_estimators=800, max_depth=10, learning_rate=0.05, subsample=0.8, colsample_bytree=0.6, tree_method=exact, n_jobs=1, seed=42",12.165091074142456,17.520738673303327,0.16891620065281077
Tanimoto_GPR,5,3,42,80,20,73a350b54973ca303f515a05eb907454cf127d27e89392ddd68751f25a38d49a,dccda399e9df6f9b4b667b082d494b8e4c9fe703f9137e7e9375c3629e9dc5ea,"binary Morgan r=2/2048; precomputed Tanimoto; GPR(alpha=1e-6, normalize_y=True, optimizer=None)",13.681917642295772,36.588078146501886,0.011613945448645246
RBF_GPR,5,3,42,80,20,73a350b54973ca303f515a05eb907454cf127d27e89392ddd68751f25a38d49a,dccda399e9df6f9b4b667b082d494b8e4c9fe703f9137e7e9375c3629e9dc5ea,count Morgan r=2/2048; StandardScaler; C(1)*RBF(length_scale=10)+White(noise_level=1); alpha=1e-6; normalize_y=True; n_restarts=2; seed=42,15.539196930575406,36.44941367939297,0.019091480386206006
XGBoost,5,3,42,80,20,73a350b54973ca303f515a05eb907454cf127d27e89392ddd68751f25a38d49a,dccda399e9df6f9b4b667b082d494b8e4c9fe703f9137e7e9375c3629e9dc5ea,"count Morgan r=2/2048; XGBoost n_estimators=800, max_depth=10, learning_rate=0.05, subsample=0.8, colsample_bytree=0.6, tree_method=exact, n_jobs=1, seed=42",13.686129122161864,37.97242813337967,-0.06459433500222578
Tanimoto_GPR,5,4,42,80,20,ea47397711e365082f9c72542e8d254042373124e77f7f17c188a1bf309479c7,cb3425dfe88b0f4edf4fd12a9668c90515d1d642d787ca70e6891121c15a2d79,"binary Morgan r=2/2048; precomputed Tanimoto; GPR(alpha=1e-6, normalize_y=True, optimizer=None)",8.864552392535376,15.307584253340124,0.17837289004177947
RBF_GPR,5,4,42,80,20,ea47397711e365082f9c72542e8d254042373124e77f7f17c188a1bf309479c7,cb3425dfe88b0f4edf4fd12a9668c90515d1d642d787ca70e6891121c15a2d79,count Morgan r=2/2048; StandardScaler; C(1)*RBF(length_scale=10)+White(noise_level=1); alpha=1e-6; normalize_y=True; n_restarts=2; seed=42,12.171337610802563,20.441983371856278,-0.46523574521610556
XGBoost,5,4,42,80,20,ea47397711e365082f9c72542e8d254042373124e77f7f17c188a1bf309479c7,cb3425dfe88b0f4edf4fd12a9668c90515d1d642d787ca70e6891121c15a2d79,"count Morgan r=2/2048; XGBoost n_estimators=800, max_depth=10, learning_rate=0.05, subsample=0.8, colsample_bytree=0.6, tree_method=exact, n_jobs=1, seed=42",10.058365549850464,17.83325911329732,-0.1151232818871839
Tanimoto_GPR,6,0,42,80,20,a0c749386b2edb74560c16fd246fc62165b0c812513c2bcc1aa9ce4211baf01d,a524d43170ac4dd4f7862bad02b4c46be41372fd4f04e8c0746b7d47da7fa16b,"binary Morgan r=2/2048; precomputed Tanimoto; GPR(alpha=1e-6, normalize_y=True, optimizer=None)",10.645801659996387,20.686506691367505,0.18845073467745377
RBF_GPR,6,0,42,80,20,a0c749386b2edb74560c16fd246fc62165b0c812513c2bcc1aa9ce4211baf01d,a524d43170ac4dd4f7862bad02b4c46be41372fd4f04e8c0746b7d47da7fa16b,count Morgan r=2/2048; StandardScaler; C(1)*RBF(length_scale=10)+White(noise_level=1); alpha=1e-6; normalize_y=True; n_restarts=2; seed=42,11.407189559849613,20.521039814164535,0.20138162419390093
XGBoost,6,0,42,80,20,a0c749386b2edb74560c16fd246fc62165b0c812513c2bcc1aa9ce4211baf01d,a524d43170ac4dd4f7862bad02b4c46be41372fd4f04e8c0746b7d47da7fa16b,"count Morgan r=2/2048; XGBoost n_estimators=800, max_depth=10, learning_rate=0.05, subsample=0.8, colsample_bytree=0.6, tree_method=exact, n_jobs=1, seed=42",13.66253348274231,21.85621903172506,0.09407834410197213
Tanimoto_GPR,6,1,42,80,20,bd4de84197bbf5c848c948e2f053e641faaf66d1aa0d2b506b55e440b32ebec2,34fb4e04666a736eedbcf7769985d8e967777e9170f8bffe4472bfe3668a8653,"binary Morgan r=2/2048; precomputed Tanimoto; GPR(alpha=1e-6, normalize_y=True, optimizer=None)",15.91090338730742,37.90924917343538,-0.10225287299628927
RBF_GPR,6,1,42,80,20,bd4de84197bbf5c848c948e2f053e641faaf66d1aa0d2b506b55e440b32ebec2,34fb4e04666a736eedbcf7769985d8e967777e9170f8bffe4472bfe3668a8653,count Morgan r=2/2048; StandardScaler; C(1)*RBF(length_scale=10)+White(noise_level=1); alpha=1e-6; normalize_y=True; n_restarts=2; seed=42,16.068624204519644,36.8484790004868,-0.04142981262574863
XGBoost,6,1,42,80,20,bd4de84197bbf5c848c948e2f053e641faaf66d1aa0d2b506b55e440b32ebec2,34fb4e04666a736eedbcf7769985d8e967777e9170f8bffe4472bfe3668a8653,"count Morgan r=2/2048; XGBoost n_estimators=800, max_depth=10, learning_rate=0.05, subsample=0.8, colsample_bytree=0.6, tree_method=exact, n_jobs=1, seed=42",16.454172038459777,39.876945867279915,-0.2196484021651246
Tanimoto_GPR,6,2,42,80,20,bc1ff5d884074972cd18a8ffd475fd9b17f325208318478f91a4cfd41fd53261,192f5471116b600b073ec58b89c9ca85fb73ff98adb7b06777328ae043bf873c,"binary Morgan r=2/2048; precomputed Tanimoto; GPR(alpha=1e-6, normalize_y=True, optimizer=None)",5.438316883576983,6.846594706637021,0.4804292499116316
RBF_GPR,6,2,42,80,20,bc1ff5d884074972cd18a8ffd475fd9b17f325208318478f91a4cfd41fd53261,192f5471116b600b073ec58b89c9ca85fb73ff98adb7b06777328ae043bf873c,count Morgan r=2/2048; StandardScaler; C(1)*RBF(length_scale=10)+White(noise_level=1); alpha=1e-6; normalize_y=True; n_restarts=2; seed=42,5.86932355820001,7.561985787448817,0.3661782072240731
XGBoost,6,2,42,80,20,bc1ff5d884074972cd18a8ffd475fd9b17f325208318478f91a4cfd41fd53261,192f5471116b600b073ec58b89c9ca85fb73ff98adb7b06777328ae043bf873c,"count Morgan r=2/2048; XGBoost n_estimators=800, max_depth=10, learning_rate=0.05, subsample=0.8, colsample_bytree=0.6, tree_method=exact, n_jobs=1, seed=42",3.4725839320373537,4.93059998108064,0.7305395731786865
Tanimoto_GPR,6,3,42,80,20,d7f442d9e87ec2dde4edcf4597fb86bbf1ce359d36cdcc363735b463f3603b86,ec300d56cee10bd9daa17f0ed0d0e084fc3ce537aea0461433f1ea6eb3e8d0a5,"binary Morgan r=2/2048; precomputed Tanimoto; GPR(alpha=1e-6, normalize_y=True, optimizer=None)",8.579662908505956,14.45847256760464,0.5040044164110308
RBF_GPR,6,3,42,80,20,d7f442d9e87ec2dde4edcf4597fb86bbf1ce359d36cdcc363735b463f3603b86,ec300d56cee10bd9daa17f0ed0d0e084fc3ce537aea0461433f1ea6eb3e8d0a5,count Morgan r=2/2048; StandardScaler; C(1)*RBF(length_scale=10)+White(noise_level=1); alpha=1e-6; normalize_y=True; n_restarts=2; seed=42,9.085074841251144,16.729742846366715,0.3359335952717314
XGBoost,6,3,42,80,20,d7f442d9e87ec2dde4edcf4597fb86bbf1ce359d36cdcc363735b463f3603b86,ec300d56cee10bd9daa17f0ed0d0e084fc3ce537aea0461433f1ea6eb3e8d0a5,"count Morgan r=2/2048; XGBoost n_estimators=800, max_depth=10, learning_rate=0.05, subsample=0.8, colsample_bytree=0.6, tree_method=exact, n_jobs=1, seed=42",9.562436140441894,16.6433105494849,0.3427775160919496
Tanimoto_GPR,6,4,42,80,20,c2459cc9b2b1763c009c0985b6ec6ce78f33feebce97693f0cf716860d8864f9,15f895e750701b040ea91c7416342a356be2c8e5d63506d553ec0341a1729172,"binary Morgan r=2/2048; precomputed Tanimoto; GPR(alpha=1e-6, normalize_y=True, optimizer=None)",13.931419338124517,19.107349129587185,-0.014776401278395523
RBF_GPR,6,4,42,80,20,c2459cc9b2b1763c009c0985b6ec6ce78f33feebce97693f0cf716860d8864f9,15f895e750701b040ea91c7416342a356be2c8e5d63506d553ec0341a1729172,count Morgan r=2/2048; StandardScaler; C(1)*RBF(length_scale=10)+White(noise_level=1); alpha=1e-6; normalize_y=True; n_restarts=2; seed=42,12.844945053456692,16.497624770275646,0.24349409196311111
XGBoost,6,4,42,80,20,c2459cc9b2b1763c009c0985b6ec6ce78f33feebce97693f0cf716860d8864f9,15f895e750701b040ea91c7416342a356be2c8e5d63506d553ec0341a1729172,"count Morgan r=2/2048; XGBoost n_estimators=800, max_depth=10, learning_rate=0.05, subsample=0.8, colsample_bytree=0.6, tree_method=exact, n_jobs=1, seed=42",12.018670633506776,15.798502900185909,0.306252630582624
Tanimoto_GPR,7,0,42,80,20,02bab1123e81cbd1608e8ebcb72e59a690ec4230044607f3fabd63ff17b8277b,91013776d4a7c8c568ac30ee291fd3f0c03d694a7c38adb62265adfc62916357,"binary Morgan r=2/2048; precomputed Tanimoto; GPR(alpha=1e-6, normalize_y=True, optimizer=None)",9.605443067311485,15.084232783824753,-2.1441508843070736
RBF_GPR,7,0,42,80,20,02bab1123e81cbd1608e8ebcb72e59a690ec4230044607f3fabd63ff17b8277b,91013776d4a7c8c568ac30ee291fd3f0c03d694a7c38adb62265adfc62916357,count Morgan r=2/2048; StandardScaler; C(1)*RBF(length_scale=10)+White(noise_level=1); alpha=1e-6; normalize_y=True; n_restarts=2; seed=42,10.14892977968977,13.84992329528611,-1.650645591593345
XGBoost,7,0,42,80,20,02bab1123e81cbd1608e8ebcb72e59a690ec4230044607f3fabd63ff17b8277b,91013776d4a7c8c568ac30ee291fd3f0c03d694a7c38adb62265adfc62916357,"count Morgan r=2/2048; XGBoost n_estimators=800, max_depth=10, learning_rate=0.05, subsample=0.8, colsample_bytree=0.6, tree_method=exact, n_jobs=1, seed=42",9.116510588741303,14.116186069792414,-1.7535418142765544
Tanimoto_GPR,7,1,42,80,20,0249b501d4070adb3d2e36d4e97bff251099008039f38fd88d8f7401ed7e7250,e35c4fb96419dfc72a6ab53cba4fe4db51511920acdeba76689814c39a78206d,"binary Morgan r=2/2048; precomputed Tanimoto; GPR(alpha=1e-6, normalize_y=True, optimizer=None)",5.0913795604534275,7.385890553984052,0.09984918468439108
RBF_GPR,7,1,42,80,20,0249b501d4070adb3d2e36d4e97bff251099008039f38fd88d8f7401ed7e7250,e35c4fb96419dfc72a6ab53cba4fe4db51511920acdeba76689814c39a78206d,count Morgan r=2/2048; StandardScaler; C(1)*RBF(length_scale=10)+White(noise_level=1); alpha=1e-6; normalize_y=True; n_restarts=2; seed=42,5.515676241793909,7.035455395880564,0.18324091970601886
XGBoost,7,1,42,80,20,0249b501d4070adb3d2e36d4e97bff251099008039f38fd88d8f7401ed7e7250,e35c4fb96419dfc72a6ab53cba4fe4db51511920acdeba76689814c39a78206d,"count Morgan r=2/2048; XGBoost n_estimators=800, max_depth=10, learning_rate=0.05, subsample=0.8, colsample_bytree=0.6, tree_method=exact, n_jobs=1, seed=42",6.165488364238739,9.378516802412417,-0.4513690748505086
Tanimoto_GPR,7,2,42,80,20,13de3a79cf4d3455572c03b40bb230003d239190fb3273b76e80fe5491f370c1,74bc02f801a0017638c4436b8033ad5e8ccdc8ad5f9560d452b7b3af35f3e5b4,"binary Morgan r=2/2048; precomputed Tanimoto; GPR(alpha=1e-6, normalize_y=True, optimizer=None)",14.52233178299034,23.922597899580996,0.2332210434989327
RBF_GPR,7,2,42,80,20,13de3a79cf4d3455572c03b40bb230003d239190fb3273b76e80fe5491f370c1,74bc02f801a0017638c4436b8033ad5e8ccdc8ad5f9560d452b7b3af35f3e5b4,count Morgan r=2/2048; StandardScaler; C(1)*RBF(length_scale=10)+White(noise_level=1); alpha=1e-6; normalize_y=True; n_restarts=2; seed=42,14.200496288424421,24.103632257835073,0.2215719264469067
XGBoost,7,2,42,80,20,13de3a79cf4d3455572c03b40bb230003d239190fb3273b76e80fe5491f370c1,74bc02f801a0017638c4436b8033ad5e8ccdc8ad5f9560d452b7b3af35f3e5b4,"count Morgan r=2/2048; XGBoost n_estimators=800, max_depth=10, learning_rate=0.05, subsample=0.8, colsample_bytree=0.6, tree_method=exact, n_jobs=1, seed=42",14.81213073501587,23.67793752552327,0.24882479329003693
Tanimoto_GPR,7,3,42,80,20,89f677fedc6a32b65f5315e73cf4d64b746c2afbe67a7974d7ee5508a18d87c5,cb07b9c76a481fe8258771ef65945e90d3c646560ba483accf19e4a76ccffdca,"binary Morgan r=2/2048; precomputed Tanimoto; GPR(alpha=1e-6, normalize_y=True, optimizer=None)",11.854172887821747,17.465455922061658,0.2991566435850913
RBF_GPR,7,3,42,80,20,89f677fedc6a32b65f5315e73cf4d64b746c2afbe67a7974d7ee5508a18d87c5,cb07b9c76a481fe8258771ef65945e90d3c646560ba483accf19e4a76ccffdca,count Morgan r=2/2048; StandardScaler; C(1)*RBF(length_scale=10)+White(noise_level=1); alpha=1e-6; normalize_y=True; n_restarts=2; seed=42,11.35277237162898,20.556298998869515,0.029152629188793355
XGBoost,7,3,42,80,20,89f677fedc6a32b65f5315e73cf4d64b746c2afbe67a7974d7ee5508a18d87c5,cb07b9c76a481fe8258771ef65945e90d3c646560ba483accf19e4a76ccffdca,"count Morgan r=2/2048; XGBoost n_estimators=800, max_depth=10, learning_rate=0.05, subsample=0.8, colsample_bytree=0.6, tree_method=exact, n_jobs=1, seed=42",11.105161995983122,19.57520277415927,0.1196129499151175
Tanimoto_GPR,7,4,42,80,20,aa5e0b438fb3a386d58d89bfd9828adbe8a377a915d4fed8d2af35f073a5cdd9,a28edc7d33f9c35f33431c77f455eb679906cc49d0bd492962773323f81d1b64,"binary Morgan r=2/2048; precomputed Tanimoto; GPR(alpha=1e-6, normalize_y=True, optimizer=None)",14.250610542324367,36.92475985530813,-0.019579948537460146
RBF_GPR,7,4,42,80,20,aa5e0b438fb3a386d58d89bfd9828adbe8a377a915d4fed8d2af35f073a5cdd9,a28edc7d33f9c35f33431c77f455eb679906cc49d0bd492962773323f81d1b64,count Morgan r=2/2048; StandardScaler; C(1)*RBF(length_scale=10)+White(noise_level=1); alpha=1e-6; normalize_y=True; n_restarts=2; seed=42,15.974855207931665,36.03285402308645,0.029080437765709344
XGBoost,7,4,42,80,20,aa5e0b438fb3a386d58d89bfd9828adbe8a377a915d4fed8d2af35f073a5cdd9,a28edc7d33f9c35f33431c77f455eb679906cc49d0bd492962773323f81d1b64,"count Morgan r=2/2048; XGBoost n_estimators=800, max_depth=10, learning_rate=0.05, subsample=0.8, colsample_bytree=0.6, tree_method=exact, n_jobs=1, seed=42",15.038242272567748,38.29210045126768,-0.09648906747091579
Tanimoto_GPR,8,0,42,80,20,e3f9acdfc59547ee5b403cef9817febee48b53417d9449945ad369bc871ceea8,dfe037ec8c6ced4005e21dc6cf3bbb8631a76ce0ab2a2580834aa7dbdd4f110d,"binary Morgan r=2/2048; precomputed Tanimoto; GPR(alpha=1e-6, normalize_y=True, optimizer=None)",13.525333224186832,24.24789015452225,0.07325339926388963
RBF_GPR,8,0,42,80,20,e3f9acdfc59547ee5b403cef9817febee48b53417d9449945ad369bc871ceea8,dfe037ec8c6ced4005e21dc6cf3bbb8631a76ce0ab2a2580834aa7dbdd4f110d,count Morgan r=2/2048; StandardScaler; C(1)*RBF(length_scale=10)+White(noise_level=1); alpha=1e-6; normalize_y=True; n_restarts=2; seed=42,15.411498217496112,29.243149606624478,-0.34791151050580704
XGBoost,8,0,42,80,20,e3f9acdfc59547ee5b403cef9817febee48b53417d9449945ad369bc871ceea8,dfe037ec8c6ced4005e21dc6cf3bbb8631a76ce0ab2a2580834aa7dbdd4f110d,"count Morgan r=2/2048; XGBoost n_estimators=800, max_depth=10, learning_rate=0.05, subsample=0.8, colsample_bytree=0.6, tree_method=exact, n_jobs=1, seed=42",13.370758713912963,26.36191563392454,-0.09538558506851147
Tanimoto_GPR,8,1,42,80,20,78217f64b05a5730aba51018f5c0d351161e497a1c213f9fcd5b46159f353990,17f77401178f57bac90e64a0c451a2b5232805e5e2de17ce3adde93db6efe3a9,"binary Morgan r=2/2048; precomputed Tanimoto; GPR(alpha=1e-6, normalize_y=True, optimizer=None)",6.658953277569981,9.927182206527663,0.6613918288487259
RBF_GPR,8,1,42,80,20,78217f64b05a5730aba51018f5c0d351161e497a1c213f9fcd5b46159f353990,17f77401178f57bac90e64a0c451a2b5232805e5e2de17ce3adde93db6efe3a9,count Morgan r=2/2048; StandardScaler; C(1)*RBF(length_scale=10)+White(noise_level=1); alpha=1e-6; normalize_y=True; n_restarts=2; seed=42,7.919366042960592,11.353922618603258,0.557067744522857
XGBoost,8,1,42,80,20,78217f64b05a5730aba51018f5c0d351161e497a1c213f9fcd5b46159f353990,17f77401178f57bac90e64a0c451a2b5232805e5e2de17ce3adde93db6efe3a9,"count Morgan r=2/2048; XGBoost n_estimators=800, max_depth=10, learning_rate=0.05, subsample=0.8, colsample_bytree=0.6, tree_method=exact, n_jobs=1, seed=42",7.380473923454284,10.27669451687169,0.6371289329612886
Tanimoto_GPR,8,2,42,80,20,336f69ff3e7cc00bbc296c3b849b3eedbd907fa37b8f36e8ab2ef956c49305c3,146e832500f9a92e8f061e2c08d3a2c9772105ca5990cc5e59cd446f567526a7,"binary Morgan r=2/2048; precomputed Tanimoto; GPR(alpha=1e-6, normalize_y=True, optimizer=None)",7.0248709369283375,9.15966086891615,0.5752025978336051
RBF_GPR,8,2,42,80,20,336f69ff3e7cc00bbc296c3b849b3eedbd907fa37b8f36e8ab2ef956c49305c3,146e832500f9a92e8f061e2c08d3a2c9772105ca5990cc5e59cd446f567526a7,count Morgan r=2/2048; StandardScaler; C(1)*RBF(length_scale=10)+White(noise_level=1); alpha=1e-6; normalize_y=True; n_restarts=2; seed=42,6.13521551473959,8.787199772525236,0.6090474382813171
XGBoost,8,2,42,80,20,336f69ff3e7cc00bbc296c3b849b3eedbd907fa37b8f36e8ab2ef956c49305c3,146e832500f9a92e8f061e2c08d3a2c9772105ca5990cc5e59cd446f567526a7,"count Morgan r=2/2048; XGBoost n_estimators=800, max_depth=10, learning_rate=0.05, subsample=0.8, colsample_bytree=0.6, tree_method=exact, n_jobs=1, seed=42",5.985635307693481,9.102181883289179,0.5805172733890167
Tanimoto_GPR,8,3,42,80,20,6bf52265028040e7455630f2bfd8c8d0595ba4943efb81d4bc27feedf8010016,1fe332bd1bb3d715e294fcb93cad7c7eb815ed132aade7f8cd6eb03266a552ac,"binary Morgan r=2/2048; precomputed Tanimoto; GPR(alpha=1e-6, normalize_y=True, optimizer=None)",5.5178033690847546,7.472757486670712,0.7375902050858612
RBF_GPR,8,3,42,80,20,6bf52265028040e7455630f2bfd8c8d0595ba4943efb81d4bc27feedf8010016,1fe332bd1bb3d715e294fcb93cad7c7eb815ed132aade7f8cd6eb03266a552ac,count Morgan r=2/2048; StandardScaler; C(1)*RBF(length_scale=10)+White(noise_level=1); alpha=1e-6; normalize_y=True; n_restarts=2; seed=42,6.807122906022312,8.681116711468539,0.6458645074686935
XGBoost,8,3,42,80,20,6bf52265028040e7455630f2bfd8c8d0595ba4943efb81d4bc27feedf8010016,1fe332bd1bb3d715e294fcb93cad7c7eb815ed132aade7f8cd6eb03266a552ac,"count Morgan r=2/2048; XGBoost n_estimators=800, max_depth=10, learning_rate=0.05, subsample=0.8, colsample_bytree=0.6, tree_method=exact, n_jobs=1, seed=42",7.583313736343383,11.858814957235055,0.33915311064182907
Tanimoto_GPR,8,4,42,80,20,7943de51a41d1d9dbe2b3d4f368fad6b067bdb2d515b7dc4b1ed969f4f8a9010,28bbb95c74e3bd525dcab6052f9bd7fb43a86a1fd8480c3b02d29bb5247982c6,"binary Morgan r=2/2048; precomputed Tanimoto; GPR(alpha=1e-6, normalize_y=True, optimizer=None)",17.612844994183753,36.7977298102338,0.06740085716493383
RBF_GPR,8,4,42,80,20,7943de51a41d1d9dbe2b3d4f368fad6b067bdb2d515b7dc4b1ed969f4f8a9010,28bbb95c74e3bd525dcab6052f9bd7fb43a86a1fd8480c3b02d29bb5247982c6,count Morgan r=2/2048; StandardScaler; C(1)*RBF(length_scale=10)+White(noise_level=1); alpha=1e-6; normalize_y=True; n_restarts=2; seed=42,18.48002777430201,36.201016966269485,0.09740172030128669
XGBoost,8,4,42,80,20,7943de51a41d1d9dbe2b3d4f368fad6b067bdb2d515b7dc4b1ed969f4f8a9010,28bbb95c74e3bd525dcab6052f9bd7fb43a86a1fd8480c3b02d29bb5247982c6,"count Morgan r=2/2048; XGBoost n_estimators=800, max_depth=10, learning_rate=0.05, subsample=0.8, colsample_bytree=0.6, tree_method=exact, n_jobs=1, seed=42",17.162270487041475,35.681516728782434,0.12312119454304393
Tanimoto_GPR,9,0,42,80,20,491acfa2c3f13f17d6d8d3030763bf1b64476c4b89e4c22987973d7122a6a1ff,2bfbf461d0f9f08d4a572769cffeb194c8a5f54d50226ae843ae353ddf334cce,"binary Morgan r=2/2048; precomputed Tanimoto; GPR(alpha=1e-6, normalize_y=True, optimizer=None)",9.17058541914851,12.48542968782143,0.43718405743599886
RBF_GPR,9,0,42,80,20,491acfa2c3f13f17d6d8d3030763bf1b64476c4b89e4c22987973d7122a6a1ff,2bfbf461d0f9f08d4a572769cffeb194c8a5f54d50226ae843ae353ddf334cce,count Morgan r=2/2048; StandardScaler; C(1)*RBF(length_scale=10)+White(noise_level=1); alpha=1e-6; normalize_y=True; n_restarts=2; seed=42,9.84991215107706,13.626028215936715,0.3296556206778086
XGBoost,9,0,42,80,20,491acfa2c3f13f17d6d8d3030763bf1b64476c4b89e4c22987973d7122a6a1ff,2bfbf461d0f9f08d4a572769cffeb194c8a5f54d50226ae843ae353ddf334cce,"count Morgan r=2/2048; XGBoost n_estimators=800, max_depth=10, learning_rate=0.05, subsample=0.8, colsample_bytree=0.6, tree_method=exact, n_jobs=1, seed=42",9.312821877765654,14.14036175851944,0.2780943428935465
Tanimoto_GPR,9,1,42,80,20,ed224a69496016f25e81f3e7fb1a34c776fa5fd1f787001c8e91fa5496d80d00,200f860b000a98973bcb8e47033c6561e068e10651d10dd17ba6dda0be047ffb,"binary Morgan r=2/2048; precomputed Tanimoto; GPR(alpha=1e-6, normalize_y=True, optimizer=None)",11.82001482024809,17.695612425900897,-4.705216458406497
RBF_GPR,9,1,42,80,20,ed224a69496016f25e81f3e7fb1a34c776fa5fd1f787001c8e91fa5496d80d00,200f860b000a98973bcb8e47033c6561e068e10651d10dd17ba6dda0be047ffb,count Morgan r=2/2048; StandardScaler; C(1)*RBF(length_scale=10)+White(noise_level=1); alpha=1e-6; normalize_y=True; n_restarts=2; seed=42,12.476781406036082,16.29225049053482,-3.836187033807512
XGBoost,9,1,42,80,20,ed224a69496016f25e81f3e7fb1a34c776fa5fd1f787001c8e91fa5496d80d00,200f860b000a98973bcb8e47033c6561e068e10651d10dd17ba6dda0be047ffb,"count Morgan r=2/2048; XGBoost n_estimators=800, max_depth=10, learning_rate=0.05, subsample=0.8, colsample_bytree=0.6, tree_method=exact, n_jobs=1, seed=42",10.049756049308778,14.771589830457742,-2.975533439359131
Tanimoto_GPR,9,2,42,80,20,ea2fda1085ca64144c1150fdc961750d07eb1cb245ceaf992076e89b740b5695,00e95a4a7ddb256f2499ba05507bc5a9bbc33e13ba5ec0c24612271c3233186e,"binary Morgan r=2/2048; precomputed Tanimoto; GPR(alpha=1e-6, normalize_y=True, optimizer=None)",5.221171585005424,7.661719536299475,0.8064463956833174
RBF_GPR,9,2,42,80,20,ea2fda1085ca64144c1150fdc961750d07eb1cb245ceaf992076e89b740b5695,00e95a4a7ddb256f2499ba05507bc5a9bbc33e13ba5ec0c24612271c3233186e,count Morgan r=2/2048; StandardScaler; C(1)*RBF(length_scale=10)+White(noise_level=1); alpha=1e-6; normalize_y=True; n_restarts=2; seed=42,6.12820473945577,8.985448529636512,0.7337875978639372
XGBoost,9,2,42,80,20,ea2fda1085ca64144c1150fdc961750d07eb1cb245ceaf992076e89b740b5695,00e95a4a7ddb256f2499ba05507bc5a9bbc33e13ba5ec0c24612271c3233186e,"count Morgan r=2/2048; XGBoost n_estimators=800, max_depth=10, learning_rate=0.05, subsample=0.8, colsample_bytree=0.6, tree_method=exact, n_jobs=1, seed=42",5.203087470722198,7.559473794428113,0.8115778763286812
Tanimoto_GPR,9,3,42,80,20,048f13239585b85bcfc0bcd5ada4015802519957a837c2720546c9cecd38b025,c68035aebd3a0d855d1dc9dc89949a0bf203ab9d4e22cb15eabd3d0201942434,"binary Morgan r=2/2048; precomputed Tanimoto; GPR(alpha=1e-6, normalize_y=True, optimizer=None)",10.479923844535334,16.75382925459224,0.07298208102158554
RBF_GPR,9,3,42,80,20,048f13239585b85bcfc0bcd5ada4015802519957a837c2720546c9cecd38b025,c68035aebd3a0d855d1dc9dc89949a0bf203ab9d4e22cb15eabd3d0201942434,count Morgan r=2/2048; StandardScaler; C(1)*RBF(length_scale=10)+White(noise_level=1); alpha=1e-6; normalize_y=True; n_restarts=2; seed=42,13.594950902583378,23.783174834410413,-0.8680978294277157
XGBoost,9,3,42,80,20,048f13239585b85bcfc0bcd5ada4015802519957a837c2720546c9cecd38b025,c68035aebd3a0d855d1dc9dc89949a0bf203ab9d4e22cb15eabd3d0201942434,"count Morgan r=2/2048; XGBoost n_estimators=800, max_depth=10, learning_rate=0.05, subsample=0.8, colsample_bytree=0.6, tree_method=exact, n_jobs=1, seed=42",12.152685046958922,19.98421441347308,-0.31896757830411415
Tanimoto_GPR,9,4,42,80,20,3ee7e13111805d9cef94f71ef20c6a7a99d25e5e2ec3d469e148e222e131c154,149318cbef43f6eba00680fc8d6691c3cd96889f4663eb3adf8ade2cb84e9fe3,"binary Morgan r=2/2048; precomputed Tanimoto; GPR(alpha=1e-6, normalize_y=True, optimizer=None)",18.20112477316309,42.1097474274504,-0.041579879745404336
RBF_GPR,9,4,42,80,20,3ee7e13111805d9cef94f71ef20c6a7a99d25e5e2ec3d469e148e222e131c154,149318cbef43f6eba00680fc8d6691c3cd96889f4663eb3adf8ade2cb84e9fe3,count Morgan r=2/2048; StandardScaler; C(1)*RBF(length_scale=10)+White(noise_level=1); alpha=1e-6; normalize_y=True; n_restarts=2; seed=42,19.932083050861188,41.13942901729429,0.005868515231652438
XGBoost,9,4,42,80,20,3ee7e13111805d9cef94f71ef20c6a7a99d25e5e2ec3d469e148e222e131c154,149318cbef43f6eba00680fc8d6691c3cd96889f4663eb3adf8ade2cb84e9fe3,"count Morgan r=2/2048; XGBoost n_estimators=800, max_depth=10, learning_rate=0.05, subsample=0.8, colsample_bytree=0.6, tree_method=exact, n_jobs=1, seed=42",18.155323100624084,41.834280779959165,-0.02799717881657071
