ilthermo_name,ilthermo_formula,formula_source,resolved_inchikey,resolved_smiles,resolution_status,resolution_source,pubchem_cid,pubchem_candidate_count,formula_check,rdkit_formula,in_roster,roster_join_basis,roster_match_name,roster_verdict,roster_out_of_scope,needs_manual_review,needs_manual_review_reason,roster_formula_collisions,n_epsilon_sets,n_datapoints,temperature_span_K,temperature_min_K,temperature_max_K,n_distinct_temperatures,temperature_span_class,n_sets_temperature_read,is_ionic_liquid,ilthermo_setids,source_url,notes
1-butyl-3-methylimidazolium tetrafluoroborate,C8H15BF4N2,ilset,LSBXQLQATZTAPE-UHFFFAOYSA-N,CCCCn1cc[n+](C)c1.F[B-](F)(F)F,resolved,roster_name_join,,0,match,C8H15BF4N2,true,name,1-butyl-3-methylimidazolium tetrafluoroborate,in_roster,false,false,,1-butyl-3-methylimidazolium tetrafluoroborate,6,23,2.00,296.15,298.15,3,near_single,6,true,vzqDf;Glkil;TRbnb;tlolr;PMcMx;WqJsg,https://ilthermo.boulder.nist.gov/ILT2/ilset?set=vzqDf,InChIKey taken from the roster name join; no PubChem call was made
1-butyl-3-methylimidazolium hexafluorophosphate,C8H15F6N2P,ilset,IXQYBUDWDLYNMA-UHFFFAOYSA-N,CCCCn1cc[n+](C)c1.F[P-](F)(F)(F)(F)F,resolved,roster_name_join,,0,match,C8H15F6N2P,true,name,1-butyl-3-methylimidazolium hexafluorophosphate,in_roster,true,false,,1-butyl-3-methylimidazolium hexafluorophosphate,4,4,1.95,296.15,298.10,2,near_single,4,true,nqMeB;SbNhu;LnnJI;yrXly,https://ilthermo.boulder.nist.gov/ILT2/ilset?set=nqMeB,InChIKey taken from the roster name join; no PubChem call was made
1-ethyl-3-methylimidazolium tetrafluoroborate,C6H11BF4N2,ilset,CUNYTRQQXKCRTJ-UHFFFAOYSA-N,[B-](F)(F)(F)F.CCN1C=C[N+](=C1)C,resolved,pubchem,2769348,1,match,C6H11BF4N2,false,none,,new_compound,false,false,,,4,21,0.05,298.10,298.15,2,near_single,4,true,feYBx;DRzTI;XmvpF;iwnEy,https://ilthermo.boulder.nist.gov/ILT2/ilset?set=feYBx,
1-hexyl-3-methylimidazolium hexafluorophosphate,C10H19F6N2P,ilset,YPWSSSRXUOQNMQ-UHFFFAOYSA-N,CCCCCCN1C=C[N+](=C1)C.F[P-](F)(F)(F)(F)F,resolved,pubchem,2734175,1,match,C10H19F6N2P,false,none,,new_compound,false,false,,,4,21,0.05,298.10,298.15,2,near_single,4,true,HGRyz;eoMPw;JPAmq;supVs,https://ilthermo.boulder.nist.gov/ILT2/ilset?set=HGRyz,
1-butyl-3-methylimidazolium bis(trifluoromethylsulfonyl)imide,C10H15F6N3O4S2,ilset,INDFXCHYORWHLQ-UHFFFAOYSA-N,CCCCN1C=C[N+](=C1)C.C(F)(F)(F)S(=O)(=O)[N-]S(=O)(=O)C(F)(F)F,resolved,pubchem,11258643,1,match,C10H15F6N3O4S2,false,none,,new_compound,false,false,,,3,20,0.05,298.10,298.15,2,near_single,3,true,TPdJp;fHlqM;SluUB,https://ilthermo.boulder.nist.gov/ILT2/ilset?set=TPdJp,
1-ethyl-3-methylimidazolium bis((trifluoromethyl)sulfonyl)imide,C8H11F6N3O4S2,ilset,LRESCJAINPKJTO-UHFFFAOYSA-N,CCN1C=C[N+](=C1)C.C(F)(F)(F)S(=O)(=O)[N-]S(=O)(=O)C(F)(F)F,resolved,pubchem,11731903,1,match,C8H11F6N3O4S2,false,none,,new_compound,false,false,,,3,20,0.05,298.10,298.15,2,near_single,3,true,PocGe;Dnmmq;Ybpyh,https://ilthermo.boulder.nist.gov/ILT2/ilset?set=PocGe,
1-ethyl-3-methylimidazolium trifluoromethanesulfonate,C7H11F3N2O3S,ilset,ZPTRYWVRCNOTAS-UHFFFAOYSA-M,CCn1cc[n+](C)c1.O=S(=O)([O-])C(F)(F)F,resolved,roster_name_join,,0,match,C7H11F3N2O3S,true,name,1-ethyl-3-methylimidazolium trifluoromethanesulfonate,in_roster,false,false,,1-ethyl-3-methylimidazolium trifluoromethanesulfonate,3,20,0.05,298.10,298.15,2,near_single,3,true,smDhV;niNcr;BIuFf,https://ilthermo.boulder.nist.gov/ILT2/ilset?set=smDhV,InChIKey taken from the roster name join; no PubChem call was made
1-butyl-1-methylpyrrolidinium dicyanamide,C11H20N4,ilset,LBHLGZNUPKUZJC-UHFFFAOYSA-N,CCCC[N+]1(C)CCCC1.N#C[N-]C#N,resolved,roster_name_join,,0,match,C11H20N4,true,name,1-butyl-1-methylpyrrolidinium dicyanamide,in_roster,false,false,,1-butyl-1-methylpyrrolidinium dicyanamide,2,19,0.05,298.10,298.15,2,near_single,2,true,zkXRQ;dGHuT,https://ilthermo.boulder.nist.gov/ILT2/ilset?set=zkXRQ,InChIKey taken from the roster name join; no PubChem call was made
"1-butyl-2,3-dimethylimidazolium bis(trifluoromethylsulfonyl)amide",C11H17F6N3O4S2,ilset,,,unresolved,,,0,not_checked,,false,none,,new_compound,false,true,"isomer_formula_collision_with_roster:1-butyl-2,3-dimethyl-1H-imidazolium bis(trifluoromethylsulfonyl)amide","1-butyl-2,3-dimethyl-1H-imidazolium bis(trifluoromethylsulfonyl)amide",2,19,0.05,298.10,298.15,2,near_single,2,true,uXOUk;tBXus,https://ilthermo.boulder.nist.gov/ILT2/ilset?set=uXOUk,"HTTP 404: PubChem has no record under the name '1-butyl-2,3-dimethylimidazolium bis(trifluoromethylsulfonyl)amide'"
1-butyl-3-methylimidazolium dicyanamide,C10H15N5,ilset,ICIVTHOGIQHZRY-UHFFFAOYSA-N,CCCCN1C=C[N+](=C1)C.C(=[N-])=NC#N,resolved,pubchem,11171745,1,match,C10H15N5,false,none,,new_compound,false,false,,,2,19,0.00,298.15,298.15,1,single_temperature,2,true,Rbkud;KetMU,https://ilthermo.boulder.nist.gov/ILT2/ilset?set=Rbkud,
1-butyl-3-methylimidazolium thiocyanate,C9H15N3S,ilset,SIXHYMZEOJSYQH-UHFFFAOYSA-M,CCCCn1cc[n+](C)c1.N#C[S-],resolved,roster_name_join,,0,match,C9H15N3S,true,name,1-butyl-3-methylimidazolium thiocyanate,in_roster,false,false,,1-butyl-3-methylimidazolium thiocyanate,2,19,0.05,298.10,298.15,2,near_single,2,true,zREba;nkkFO,https://ilthermo.boulder.nist.gov/ILT2/ilset?set=zREba,InChIKey taken from the roster name join; no PubChem call was made
1-ethyl-3-methylimidazolium dicyanamide,C8H11N5,ilset,MKHFCTXNDRMIDR-UHFFFAOYSA-N,CCN1C=C[N+](=C1)C.C(=[N-])=NC#N,resolved,pubchem,11159638,1,match,C8H11N5,false,none,,new_compound,false,false,,,2,19,0.00,298.15,298.15,1,single_temperature,2,true,RlFEL;FZezn,https://ilthermo.boulder.nist.gov/ILT2/ilset?set=RlFEL,
1-ethyl-3-methylimidazolium diethyl phosphate,C10H21N2O4P,ilset,HQWOEDCLDNFWEV-UHFFFAOYSA-M,CCOP(=O)([O-])OCC.CCn1cc[n+](C)c1,resolved,roster_name_join,,0,match,C10H21N2O4P,true,name,1-ethyl-3-methylimidazolium diethyl phosphate,in_roster,false,false,,1-ethyl-3-methylimidazolium diethyl phosphate,2,19,0.05,298.10,298.15,2,near_single,2,true,wzumB;PvzTV,https://ilthermo.boulder.nist.gov/ILT2/ilset?set=wzumB,InChIKey taken from the roster name join; no PubChem call was made
1-ethyl-3-methylimidazolium ethyl sulfate,C8H16N2O4S,ilset,VRFOKYHDLYBVAL-UHFFFAOYSA-M,CCOS(=O)(=O)[O-].CCn1cc[n+](C)c1,resolved,roster_name_join,,0,match,C8H16N2O4S,true,name,1-ethyl-3-methylimidazolium ethyl sulfate,in_roster,false,false,,1-ethyl-3-methylimidazolium ethyl sulfate,2,19,0.05,298.10,298.15,2,near_single,2,true,DUrCM;foraR,https://ilthermo.boulder.nist.gov/ILT2/ilset?set=DUrCM,InChIKey taken from the roster name join; no PubChem call was made
1-hexyl-3-methylimidazolium bis[(trifluoromethyl)sulfonyl]imide,C12H19F6N3O4S2,ilset,,,unresolved,,,0,not_checked,,false,none,,new_compound,false,false,,,2,19,0.05,298.10,298.15,2,near_single,2,true,jyupO;oPYzL,https://ilthermo.boulder.nist.gov/ILT2/ilset?set=jyupO,HTTP 404: PubChem has no record under the name '1-hexyl-3-methylimidazolium bis[(trifluoromethyl)sulfonyl]imide'
1-hexyl-3-methylimidazolium tetrafluoroborate,C10H19BF4N2,ilset,MFXLOVLEQJRXFP-UHFFFAOYSA-N,[B-](F)(F)(F)F.CCCCCCN1C=C[N+](=C1)C,resolved,pubchem,2734179,1,match,C10H19BF4N2,false,none,,new_compound,false,false,,,2,19,0.05,298.10,298.15,2,near_single,2,true,PVHgu;FCmdk,https://ilthermo.boulder.nist.gov/ILT2/ilset?set=PVHgu,
1-methyl-3-octylimidazolium bis(trifluoromethylsulfonyl)imide,C14H23F6N3O4S2,ilset,LECQXINNQGHJBM-UHFFFAOYSA-N,CCCCCCCCN1C=C[N+](=C1)C.C(F)(F)(F)S(=O)(=O)[N-]S(=O)(=O)C(F)(F)F,resolved,pubchem,12184591,1,match,C14H23F6N3O4S2,false,none,,new_compound,false,false,,,2,19,0.05,298.10,298.15,2,near_single,2,true,QkliH;unFXa,https://ilthermo.boulder.nist.gov/ILT2/ilset?set=QkliH,
1-methyl-3-propylimidazolium bis[(trifluoromethyl)sulfonyl]imide,C9H13F6N3O4S2,ilset,,,unresolved,,,0,not_checked,,false,none,,new_compound,false,true,"isomer_formula_collision_with_roster:1-ethyl-2,3-dimethylimidazolium bis[(trifluoromethyl)sulfonyl]imide","1-ethyl-2,3-dimethylimidazolium bis[(trifluoromethyl)sulfonyl]imide",2,19,0.00,298.15,298.15,1,single_temperature,2,true,ZEfUf;ovzKo,https://ilthermo.boulder.nist.gov/ILT2/ilset?set=ZEfUf,HTTP 404: PubChem has no record under the name '1-methyl-3-propylimidazolium bis[(trifluoromethyl)sulfonyl]imide'
triethylsulfonium bis((trifluoromethyl)sulfonyl)imide,C8H15F6NO4S3,ilset,,,unresolved,,,0,not_checked,,false,none,,new_compound,false,false,,,2,19,0.00,298.15,298.15,1,single_temperature,2,true,tdMHz;qNAZI,https://ilthermo.boulder.nist.gov/ILT2/ilset?set=tdMHz,HTTP 404: PubChem has no record under the name 'triethylsulfonium bis((trifluoromethyl)sulfonyl)imide'
trihexyl(tetradecyl)phosphonium chloride,C32H68ClP,ilset,JCQGIZYNVAZYOH-UHFFFAOYSA-M,CCCCCCCCCCCCCC[P+](CCCCCC)(CCCCCC)CCCCCC.[Cl-],resolved,pubchem,11375816,1,match,C32H68ClP,false,none,,new_compound,false,false,,,2,33,90.00,208.15,298.15,16,temperature_series,2,true,qIOMs;yGTrp,https://ilthermo.boulder.nist.gov/ILT2/ilset?set=qIOMs,
(3-aminopropyl)tributylphosphonium L-lactate,C18H40NO3P,ilset,,,unresolved,,,0,not_checked,,false,none,,new_compound,false,false,,,1,18,0.00,298.15,298.15,1,single_temperature,1,true,VpmWd,https://ilthermo.boulder.nist.gov/ILT2/ilset?set=VpmWd,HTTP 404: PubChem has no record under the name '(3-aminopropyl)tributylphosphonium L-lactate'
(3-aminopropyl)tributylphosphonium L-valinate,C20H45N2O2P,ilset,,,unresolved,,,0,not_checked,,false,none,,new_compound,false,false,,,1,18,0.00,298.15,298.15,1,single_temperature,1,true,qRxVM,https://ilthermo.boulder.nist.gov/ILT2/ilset?set=qRxVM,HTTP 404: PubChem has no record under the name '(3-aminopropyl)tributylphosphonium L-valinate'
(3-aminopropyl)tributylphosphonium acetate,C17H38NO2P,ilset,,,unresolved,,,0,not_checked,,false,none,,new_compound,false,false,,,1,18,0.00,298.15,298.15,1,single_temperature,1,true,jbNwY,https://ilthermo.boulder.nist.gov/ILT2/ilset?set=jbNwY,HTTP 404: PubChem has no record under the name '(3-aminopropyl)tributylphosphonium acetate'
(3-aminopropyl)tributylphosphonium formate,C16H36NO2P,ilset,,,unresolved,,,0,not_checked,,false,none,,new_compound,false,false,,,1,18,0.00,298.15,298.15,1,single_temperature,1,true,NCjUo,https://ilthermo.boulder.nist.gov/ILT2/ilset?set=NCjUo,HTTP 404: PubChem has no record under the name '(3-aminopropyl)tributylphosphonium formate'
"1,3-dimethylimidazolium dimethyl phosphate",C7H15N2O4P,ilset,GSGLHYXFTXGIAQ-UHFFFAOYSA-M,COP(=O)([O-])OC.Cn1cc[n+](C)c1,resolved,roster_name_join,,0,match,C7H15N2O4P,true,name,"1,3-dimethylimidazolium dimethylphosphate",in_roster,true,false,,"1,3-dimethylimidazolium dimethylphosphate",1,1,0.00,298.10,298.10,1,single_temperature,1,true,RMHLY,https://ilthermo.boulder.nist.gov/ILT2/ilset?set=RMHLY,InChIKey taken from the roster name join; no PubChem call was made
1-(2-hydroxyethyl)-3-methylimidazolium tetrafluoroborate,C6H11BF4N2O,ilset,KLTUZFZUYLXTFF-UHFFFAOYSA-N,C[n+]1ccn(CCO)c1.F[B-](F)(F)F,resolved,roster_name_join,,0,match,C6H11BF4N2O,true,name,1-(2-hydroxyethyl)-3-methylimidazolium tetrafluoroborate,in_roster,false,false,,1-(2-hydroxyethyl)-3-methylimidazolium tetrafluoroborate,1,1,0.00,298.10,298.10,1,single_temperature,1,true,hHYpk,https://ilthermo.boulder.nist.gov/ILT2/ilset?set=hHYpk,InChIKey taken from the roster name join; no PubChem call was made
1-(2-methoxyethyl)-3-methyl-imidazolium hexafluorophosphate,C7H13F6N2OP,ilset,,,unresolved,,,0,not_checked,,false,none,,new_compound,false,false,,,1,18,0.00,298.15,298.15,1,single_temperature,1,true,JNssX,https://ilthermo.boulder.nist.gov/ILT2/ilset?set=JNssX,HTTP 404: PubChem has no record under the name '1-(2-methoxyethyl)-3-methyl-imidazolium hexafluorophosphate'
1-butyl-1-methylpyrrolidinium trifluoromethanesulfonate,C10H20F3NO3S,ilset,WZJDNKTZWIOOJE-UHFFFAOYSA-M,CCCC[N+]1(CCCC1)C.C(F)(F)(F)S(=O)(=O)[O-],resolved,pubchem,12195864,1,match,C10H20F3NO3S,false,none,,new_compound,false,false,,,1,18,0.00,298.15,298.15,1,single_temperature,1,true,BHsBR,https://ilthermo.boulder.nist.gov/ILT2/ilset?set=BHsBR,
1-butyl-1-methylpyrrolidinium tris(pentafluoroethyl)trifluorophosphate,C15H20F18NP,ilset,KNGDDPFNUUIHKR-UHFFFAOYSA-N,CCCC[N+]1(CCCC1)C.C(C(F)(F)[P-](C(C(F)(F)F)(F)F)(C(C(F)(F)F)(F)F)(F)(F)F)(F)(F)F,resolved,pubchem,23082572,1,match,C15H20F18NP,false,none,,new_compound,false,false,,,1,18,0.00,298.15,298.15,1,single_temperature,1,true,hhqvO,https://ilthermo.boulder.nist.gov/ILT2/ilset?set=hhqvO,
"1-butyl-2,3,4,5-tetramethylimidazolium bis(trifluoromethylsulfonyl)imide",C13H21F6N3O4S2,ilset,GRYUVYIMDGRRLN-UHFFFAOYSA-N,CCCCn1c(C)c(C)[n+](C)c1C.O=S(=O)([N-]S(=O)(=O)C(F)(F)F)C(F)(F)F,resolved,roster_name_join,,0,match,C13H21F6N3O4S2,true,name,"1-butyl-2,3,4,5-tetramethylimidazolium bis(trifluoromethylsulfonyl)imide",in_roster,false,false,,"1-butyl-2,3,4,5-tetramethylimidazolium bis(trifluoromethylsulfonyl)imide",1,1,0.00,298.10,298.10,1,single_temperature,1,true,xEQlk,https://ilthermo.boulder.nist.gov/ILT2/ilset?set=xEQlk,InChIKey taken from the roster name join; no PubChem call was made
"1-butyl-2,3-dimethylimidazolium hexafluorophosphate",C9H17F6N2P,ilset,JWFPQAXAGSAKRF-UHFFFAOYSA-N,CCCCn1cc[n+](C)c1C.F[P-](F)(F)(F)(F)F,resolved,roster_name_join,,0,match,C9H17F6N2P,true,name,"1-butyl-2,3-dimethylimidazolium hexafluorophosphate",in_roster,true,false,,"1-butyl-2,3-dimethylimidazolium hexafluorophosphate",1,1,0.00,298.10,298.10,1,single_temperature,1,true,HwruG,https://ilthermo.boulder.nist.gov/ILT2/ilset?set=HwruG,InChIKey taken from the roster name join; no PubChem call was made
"1-butyl-2,3-dimethylimidazolium tetrafluoroborate",C9H17BF4N2,ilset,VCAIYEJBOWHUGP-UHFFFAOYSA-N,CCCCn1cc[n+](C)c1C.F[B-](F)(F)F,resolved,roster_name_join,,0,match,C9H17BF4N2,true,name,"1-butyl-2,3-dimethylimidazolium tetrafluoroborate",in_roster,false,false,,"1-butyl-2,3-dimethylimidazolium tetrafluoroborate",1,1,0.00,298.10,298.10,1,single_temperature,1,true,olUJn,https://ilthermo.boulder.nist.gov/ILT2/ilset?set=olUJn,InChIKey taken from the roster name join; no PubChem call was made
1-butyl-3-methylimidazolium L-lactate,C11H20N2O3,ilset,CYFFKUDZLZREEX-WNQIDUERSA-M,CCCCN1C=C[N+](=C1)C.C[C@@H](C(=O)[O-])O,resolved,pubchem,2734253,1,match,C11H20N2O3,false,none,,new_compound,false,false,,,1,18,0.00,298.15,298.15,1,single_temperature,1,true,aaXIj,https://ilthermo.boulder.nist.gov/ILT2/ilset?set=aaXIj,
1-butyl-3-methylimidazolium bromide,C8H15BrN2,ilset,OIWSIWZBQPTDKI-UHFFFAOYSA-N,CCCCN1CN(C=C1)C.Br,resolved,pubchem,25153273,1,mismatch,C8H17BrN2,false,none,,new_compound,false,true,formula_mismatch_vs_ilthermo,,1,1,0.00,298.15,298.15,1,single_temperature,1,true,zoThJ,https://ilthermo.boulder.nist.gov/ILT2/ilset?set=zoThJ,
1-butyl-3-methylimidazolium iodide,C8H15IN2,ilset,XREPTGNZZKNFQZ-UHFFFAOYSA-M,CCCCN1C=C[N+](=C1)C.[I-],resolved,pubchem,11448496,1,match,C8H15IN2,false,none,,new_compound,false,false,,,1,1,0.00,296.00,296.00,1,single_temperature,1,true,Jcxvh,https://ilthermo.boulder.nist.gov/ILT2/ilset?set=Jcxvh,
1-butyl-3-methylimidazolium methyl sulfate,C9H18N2O4S,ilset,MEMNKNZDROKJHP-UHFFFAOYSA-M,CCCCN1C=C[N+](=C1)C.COS(=O)(=O)[O-],resolved,pubchem,12095228,1,match,C9H18N2O4S,false,none,,new_compound,false,false,,,1,18,0.00,298.15,298.15,1,single_temperature,1,true,qjejp,https://ilthermo.boulder.nist.gov/ILT2/ilset?set=qjejp,
1-butyl-3-methylimidazolium trifluoromethanesulfonate,C9H15F3N2O3S,ilset,FRZPYEHDSAQGAS-UHFFFAOYSA-M,CCCCn1cc[n+](C)c1.O=S(=O)([O-])C(F)(F)F,resolved,roster_name_join,,0,match,C9H15F3N2O3S,true,name,1-butyl-3-methylimidazolium trifluoromethanesulfonate,in_roster,false,false,,1-butyl-3-methylimidazolium trifluoromethanesulfonate,1,1,0.00,298.10,298.10,1,single_temperature,1,true,dnwjl,https://ilthermo.boulder.nist.gov/ILT2/ilset?set=dnwjl,InChIKey taken from the roster name join; no PubChem call was made
"1-ethyl-2,3-dimethylimidazolium bis[(trifluoromethyl)sulfonyl]imide",C9H13F6N3O4S2,ilset,XDJYSDBSJWNTQT-UHFFFAOYSA-N,CCn1cc[n+](C)c1C.O=S(=O)([N-]S(=O)(=O)C(F)(F)F)C(F)(F)F,resolved,roster_name_join,,0,match,C9H13F6N3O4S2,true,name,"1-ethyl-2,3-dimethylimidazolium bis[(trifluoromethyl)sulfonyl]imide",in_roster,false,false,,"1-ethyl-2,3-dimethylimidazolium bis[(trifluoromethyl)sulfonyl]imide",1,1,0.00,298.10,298.10,1,single_temperature,1,true,Ludng,https://ilthermo.boulder.nist.gov/ILT2/ilset?set=Ludng,InChIKey taken from the roster name join; no PubChem call was made
1-ethyl-3-methylimidazolium acetate,C8H14N2O2,ilset,XIYUIMLQTKODPS-UHFFFAOYSA-M,CCN1C=C[N+](=C1)C.CC(=O)[O-],resolved,pubchem,11658353,1,match,C8H14N2O2,false,none,,new_compound,false,false,,,1,18,0.00,298.15,298.15,1,single_temperature,1,true,qLtex,https://ilthermo.boulder.nist.gov/ILT2/ilset?set=qLtex,
1-ethyl-3-methylimidazolium bromide,C6H11BrN2,ilset,GWQYPLXGJIXMMV-UHFFFAOYSA-M,CCN1C=C[N+](=C1)C.[Br-],resolved,pubchem,2734235,1,match,C6H11BrN2,false,none,,new_compound,false,false,,,1,1,0.00,298.15,298.15,1,single_temperature,1,true,UYApe,https://ilthermo.boulder.nist.gov/ILT2/ilset?set=UYApe,
1-ethyl-3-methylimidazolium butylsulfonate,C10H20N2O3S,ilset,JYPJLAPMBJKRDG-UHFFFAOYSA-M,CCCCS(=O)(=O)[O-].CCn1cc[n+](C)c1,resolved,roster_name_join,,0,match,C10H20N2O3S,true,name,1-ethyl-3-methylimidazolium butylsulfonate,in_roster,false,false,,1-ethyl-3-methylimidazolium butylsulfonate,1,1,0.00,298.10,298.10,1,single_temperature,1,true,KHxKn,https://ilthermo.boulder.nist.gov/ILT2/ilset?set=KHxKn,InChIKey taken from the roster name join; no PubChem call was made
1-ethyl-3-methylimidazolium tetrachloroferrate(III),C6H11Cl4FeN2,ilset,,,unresolved,,,0,not_checked,,false,none,,new_compound,false,false,,,1,18,0.00,298.15,298.15,1,single_temperature,1,true,PLCTg,https://ilthermo.boulder.nist.gov/ILT2/ilset?set=PLCTg,HTTP 404: PubChem has no record under the name '1-ethyl-3-methylimidazolium tetrachloroferrate(III)'
1-ethyl-3-methylimidazolium thiocyanate,C7H11N3S,ilset,VASPYXGQVWPGAB-UHFFFAOYSA-M,CCN1C=C[N+](=C1)C.C(#N)[S-],resolved,pubchem,16211115,1,match,C7H11N3S,false,none,,new_compound,false,false,,,1,18,0.00,298.15,298.15,1,single_temperature,1,true,wVymY,https://ilthermo.boulder.nist.gov/ILT2/ilset?set=wVymY,
1-hexyl-3-methyl-1H-imidazolium bromide,C10H19BrN2,ilset,,,unresolved,,,0,not_checked,,false,none,,new_compound,false,false,,,1,1,0.00,298.15,298.15,1,single_temperature,1,true,WKOfO,https://ilthermo.boulder.nist.gov/ILT2/ilset?set=WKOfO,HTTP 404: PubChem has no record under the name '1-hexyl-3-methyl-1H-imidazolium bromide'
1-hexyl-3-methylimidazolium iodide,C10H19IN2,ilset,CZIUVCSYOGFUPH-UHFFFAOYSA-M,CCCCCCN1C=C[N+](=C1)C.[I-],resolved,pubchem,12036651,1,match,C10H19IN2,false,none,,new_compound,false,false,,,1,18,0.00,298.15,298.15,1,single_temperature,1,true,kbkcq,https://ilthermo.boulder.nist.gov/ILT2/ilset?set=kbkcq,
1-hexylpyridinium bis(trifluromethylsulfonyl)imide,C13H18F6N2O4S2,ilset,,,unresolved,,,0,not_checked,,false,none,,new_compound,false,false,,,1,18,0.00,298.15,298.15,1,single_temperature,1,true,hlUsm,https://ilthermo.boulder.nist.gov/ILT2/ilset?set=hlUsm,HTTP 404: PubChem has no record under the name '1-hexylpyridinium bis(trifluoromethylsulfonyl)imide'
1-hexylpyridinium tetrafluoroborate,C11H18BF4N,ilset,LTMWUXUUPSUBPP-UHFFFAOYSA-N,[B-](F)(F)(F)F.CCCCCC[N+]1=CC=CC=C1,resolved,pubchem,2734181,1,match,C11H18BF4N,false,none,,new_compound,false,false,,,1,18,0.00,298.15,298.15,1,single_temperature,1,true,PtFzy,https://ilthermo.boulder.nist.gov/ILT2/ilset?set=PtFzy,
1-methyl-1-propylpiperidinium bis(trifluoromethylsulfonyl)imide,C11H20F6N2O4S2,ilset,IEFUHGXOQSVRDQ-UHFFFAOYSA-N,CCC[N+]1(CCCCC1)C.C(F)(F)(F)S(=O)(=O)[N-]S(=O)(=O)C(F)(F)F,resolved,pubchem,16726630,1,match,C11H20F6N2O4S2,false,none,,new_compound,false,false,,,1,18,0.00,298.15,298.15,1,single_temperature,1,true,Qmxvv,https://ilthermo.boulder.nist.gov/ILT2/ilset?set=Qmxvv,
1-methyl-3-octylimidazolium bromide,C12H23BrN2,ilset,FSXANJBLYFVXEU-UHFFFAOYSA-N,CCCCCCCCN1CN(C=C1)C.Br,resolved,pubchem,60196376,1,mismatch,C12H25BrN2,false,none,,new_compound,false,true,formula_mismatch_vs_ilthermo,,1,1,0.00,298.15,298.15,1,single_temperature,1,true,USBBX,https://ilthermo.boulder.nist.gov/ILT2/ilset?set=USBBX,
1-methyl-3-octylimidazolium chloride,C12H23ClN2,ilset,OXFBEEDAZHXDHB-UHFFFAOYSA-M,CCCCCCCCN1C=C[N+](=C1)C.[Cl-],resolved,pubchem,2734223,1,match,C12H23ClN2,false,none,,new_compound,false,false,,,1,18,0.00,298.15,298.15,1,single_temperature,1,true,lRzfs,https://ilthermo.boulder.nist.gov/ILT2/ilset?set=lRzfs,
1-methyl-3-octylimidazolium tetrafluoroborate,C12H23BF4N2,ilset,GXZCAMSPWNHTAE-UHFFFAOYSA-N,[B-](F)(F)(F)F.CCCCCCCCN1C=C[N+](=C1)C,resolved,pubchem,11460221,1,match,C12H23BF4N2,false,none,,new_compound,false,false,,,1,1,0.00,298.10,298.10,1,single_temperature,1,true,sTVAe,https://ilthermo.boulder.nist.gov/ILT2/ilset?set=sTVAe,
1-methyl-3-propylimidazolium iodide,C7H13IN2,ilset,IVCMUVGRRDWTDK-UHFFFAOYSA-M,CCCN1C=C[N+](=C1)C.[I-],resolved,pubchem,12971008,1,match,C7H13IN2,false,none,,new_compound,false,false,,,1,18,0.00,298.15,298.15,1,single_temperature,1,true,UVHGl,https://ilthermo.boulder.nist.gov/ILT2/ilset?set=UVHGl,
1-octyl-3-methylimidazolium hexafluorophosphate,C12H23F6N2P,ilset,GRCIJNHHTXBJAK-UHFFFAOYSA-N,CCCCCCCCN1C=C[N+](=C1)C.F[P-](F)(F)(F)(F)F,resolved,pubchem,2734243,1,match,C12H23F6N2P,false,none,,new_compound,false,false,,,1,1,0.00,298.10,298.10,1,single_temperature,1,true,bkkRU,https://ilthermo.boulder.nist.gov/ILT2/ilset?set=bkkRU,
"1-pentyl-1-methylpyrrolidinium 1,1,1-trifluoro-N-[(trifluoromethyl)sulfonyl]methanesulfonamide",C12H22F6N2O4S2,ilset,UODQEMVTULZGKO-UHFFFAOYSA-N,CCCCC[N+]1(C)CCCC1.O=S(=O)([N-]S(=O)(=O)C(F)(F)F)C(F)(F)F,resolved,roster_name_join,,0,match,C12H22F6N2O4S2,true,name,"1-pentyl-1-methylpyrrolidinium 1,1,1-trifluoro-N-[(trifluoromethyl)sulfonyl]methanesulfonamide",in_roster,false,false,,"1-pentyl-1-methylpyrrolidinium 1,1,1-trifluoro-N-[(trifluoromethyl)sulfonyl]methanesulfonamide",1,1,0.00,298.10,298.10,1,single_temperature,1,true,JPHTe,https://ilthermo.boulder.nist.gov/ILT2/ilset?set=JPHTe,InChIKey taken from the roster name join; no PubChem call was made
2-(hydroxyethyl)trimethylammonium formate,C6H15NO3,ilset,,,unresolved,,,0,not_checked,,false,none,,new_compound,false,true,isomer_formula_collision_with_roster:triethanolamine,triethanolamine,1,18,0.00,311.00,311.00,1,single_temperature,1,true,xDhrx,https://ilthermo.boulder.nist.gov/ILT2/ilset?set=xDhrx,HTTP 404: PubChem has no record under the name '2-(hydroxyethyl)trimethylammonium formate'
"2-hydroxy-N,N,N-trimethylethan-1-aminium L-tryptophanate",C16H25N3O3,ilset,,,unresolved,,,0,not_checked,,false,none,,new_compound,false,false,,,1,18,0.00,298.15,298.15,1,single_temperature,1,true,plLWD,https://ilthermo.boulder.nist.gov/ILT2/ilset?set=plLWD,"HTTP 404: PubChem has no record under the name '2-hydroxy-N,N,N-trimethylethan-1-aminium L-tryptophanate'"
"2-hydroxy-N,N,N-trimethylethanaminium (S)-2-hydroxypropanoate",C8H19NO4,ilset,,,unresolved,,,0,not_checked,,false,none,,new_compound,false,false,,,1,18,0.00,298.15,298.15,1,single_temperature,1,true,RmryW,https://ilthermo.boulder.nist.gov/ILT2/ilset?set=RmryW,"HTTP 404: PubChem has no record under the name '2-hydroxy-N,N,N-trimethylethanaminium (S)-2-hydroxypropanoate'"
"2-hydroxy-N,N,N-trimethylethanaminium L-histidinate",C11H22N4O3,ilset,,,unresolved,,,0,not_checked,,false,none,,new_compound,false,false,,,1,18,0.00,298.15,298.15,1,single_temperature,1,true,zFbdq,https://ilthermo.boulder.nist.gov/ILT2/ilset?set=zFbdq,"HTTP 404: PubChem has no record under the name '2-hydroxy-N,N,N-trimethylethanaminium L-histidinate'"
"2-hydroxy-N,N,N-trimethylethanaminium L-prolinate",C10H22N2O3,ilset,,,unresolved,,,0,not_checked,,false,none,,new_compound,false,false,,,1,18,0.00,298.15,298.15,1,single_temperature,1,true,hZdkI,https://ilthermo.boulder.nist.gov/ILT2/ilset?set=hZdkI,"HTTP 404: PubChem has no record under the name '2-hydroxy-N,N,N-trimethylethanaminium L-prolinate'"
"3-(2-hydroxyethyl)-1-methylimidazolium 1,1,1-trifluoromethanesulfonate",C7H11F3N2O4S,ilset,,,unresolved,,,0,not_checked,,false,none,,new_compound,false,false,,,1,18,0.00,298.15,298.15,1,single_temperature,1,true,OmZXu,https://ilthermo.boulder.nist.gov/ILT2/ilset?set=OmZXu,"HTTP 404: PubChem has no record under the name '3-(2-hydroxyethyl)-1-methylimidazolium 1,1,1-trifluoromethanesulfonate'"
3-(2-hydroxyethyl)-1-methylimidazolium hexafluorophosphate,C6H11F6N2OP,ilset,,,unresolved,,,0,not_checked,,false,none,,new_compound,false,false,,,1,18,0.00,298.15,298.15,1,single_temperature,1,true,BbwtW,https://ilthermo.boulder.nist.gov/ILT2/ilset?set=BbwtW,HTTP 404: PubChem has no record under the name '3-(2-hydroxyethyl)-1-methylimidazolium hexafluorophosphate'
"3-butyl-1,2,4,5-tetramethyl-1H-imidazol-3-ium tetrafluoroborate",C11H21BF4N2,ilset,QRCRANRUHQKZME-UHFFFAOYSA-N,CCCCn1c(C)c(C)[n+](C)c1C.F[B-](F)(F)F,resolved,roster_name_join,,0,match,C11H21BF4N2,true,name,"3-butyl-1,2,4,5-tetramethyl-1H-imidazol-3-ium tetrafluoroborate",in_roster,false,false,,"3-butyl-1,2,4,5-tetramethyl-1H-imidazol-3-ium tetrafluoroborate",1,1,0.00,298.10,298.10,1,single_temperature,1,true,qLkFh,https://ilthermo.boulder.nist.gov/ILT2/ilset?set=qLkFh,InChIKey taken from the roster name join; no PubChem call was made
3-ethyl-1-methylimidazolium (S)-2-hydroxypropanoate,C9H16N2O3,ilset,,,unresolved,,,0,not_checked,,false,none,,new_compound,false,false,,,1,18,0.00,298.15,298.15,1,single_temperature,1,true,CcGYa,https://ilthermo.boulder.nist.gov/ILT2/ilset?set=CcGYa,HTTP 404: PubChem has no record under the name '3-ethyl-1-methylimidazolium (S)-2-hydroxypropanoate'
"N,N-diethyl-2-methoxy-N-methylethan-1-aminium tetrafluoroborate",C8H20BF4NO,ilset,OVAFCUDNRWHPRW-UHFFFAOYSA-N,[B-](F)(F)(F)F.CC[N+](C)(CC)CCOC,resolved,pubchem,23132015,1,match,C8H20BF4NO,false,none,,new_compound,false,false,,,1,18,0.00,298.15,298.15,1,single_temperature,1,true,Cizdd,https://ilthermo.boulder.nist.gov/ILT2/ilset?set=Cizdd,
N-butyl-3-methylpyridinium methylsulfate,C11H19NO4S,ilset,KXGRFVJWZGSJBS-UHFFFAOYSA-M,CCCC[N+]1=CC=CC(=C1)C.COS(=O)(=O)[O-],resolved,pubchem,57355794,1,match,C11H19NO4S,false,none,,new_compound,false,false,,,1,18,0.00,298.15,298.15,1,single_temperature,1,true,cAqQu,https://ilthermo.boulder.nist.gov/ILT2/ilset?set=cAqQu,
acetylcholine bis(trifluoromethylsulfonyl)imide,C9H16F6N2O6S2,ilset,,,unresolved,,,0,not_checked,,false,none,,new_compound,false,false,,,1,18,0.00,298.15,298.15,1,single_temperature,1,true,LFRdT,https://ilthermo.boulder.nist.gov/ILT2/ilset?set=LFRdT,HTTP 404: PubChem has no record under the name 'acetylcholine bis(trifluoromethylsulfonyl)imide'
choline L-cysteinate,C8H20N2O3S,ilset,,,unresolved,,,0,not_checked,,false,none,,new_compound,false,false,,,1,18,0.00,298.15,298.15,1,single_temperature,1,true,CVDjm,https://ilthermo.boulder.nist.gov/ILT2/ilset?set=CVDjm,HTTP 404: PubChem has no record under the name 'choline L-cysteinate'
choline L-lysinate,C11H27N3O3,ilset,,,unresolved,,,0,not_checked,,false,none,,new_compound,false,false,,,1,18,0.00,298.15,298.15,1,single_temperature,1,true,Utzjr,https://ilthermo.boulder.nist.gov/ILT2/ilset?set=Utzjr,HTTP 404: PubChem has no record under the name 'choline L-lysinate'
choline l-alaninate,C8H20N2O3,ilset,,,unresolved,,,0,not_checked,,false,none,,new_compound,false,false,,,1,18,0.00,298.15,298.15,1,single_temperature,1,true,EyrZv,https://ilthermo.boulder.nist.gov/ILT2/ilset?set=EyrZv,HTTP 404: PubChem has no record under the name 'choline l-alaninate'
cholinium L-phenylalaninate,C14H24N2O3,ilset,,,unresolved,,,0,not_checked,,false,none,,new_compound,false,false,,,1,18,0.00,298.15,298.15,1,single_temperature,1,true,aHtwQ,https://ilthermo.boulder.nist.gov/ILT2/ilset?set=aHtwQ,HTTP 404: PubChem has no record under the name 'cholinium L-phenylalaninate'
methyltrioctylammonium bis-(trifluoromethylsulfonyl)imide,C27H54F6N2O4S2,ilset,,,unresolved,,,0,not_checked,,false,none,,new_compound,false,false,,,1,18,0.00,298.15,298.15,1,single_temperature,1,true,EEyqk,https://ilthermo.boulder.nist.gov/ILT2/ilset?set=EEyqk,HTTP 404: PubChem has no record under the name 'methyltrioctylammonium bis-(trifluoromethylsulfonyl)imide'
tributylmethylphosphonium methyl sulfate,C14H33O4PS,ilset,JMXOUHNHEFFQIW-UHFFFAOYSA-M,CCCC[P+](C)(CCCC)CCCC.COS(=O)(=O)[O-],resolved,pubchem,16218793,1,match,C14H33O4PS,false,none,,new_compound,false,false,,,1,18,0.00,298.15,298.15,1,single_temperature,1,true,xRTKX,https://ilthermo.boulder.nist.gov/ILT2/ilset?set=xRTKX,
triethylpentylammonium bis(trifluoromethylsulfonyl)imide,C13H26F6N2O4S2,ilset,ALYCOCULEAWWJO-UHFFFAOYSA-N,CCCCC[N+](CC)(CC)CC.O=S(=O)([N-]S(=O)(=O)C(F)(F)F)C(F)(F)F,resolved,roster_name_join,,0,match,C13H26F6N2O4S2,true,name,triethylpentylammonium bis(trifluoromethylsulfonyl)imide,in_roster,false,false,,triethylpentylammonium bis(trifluoromethylsulfonyl)imide,1,1,0.00,298.10,298.10,1,single_temperature,1,true,NZgEj,https://ilthermo.boulder.nist.gov/ILT2/ilset?set=NZgEj,InChIKey taken from the roster name join; no PubChem call was made
trihexyl(tetradecyl)phosphonium bis[(trifluoromethyl)sulfonyl]imide,C34H68F6NO4PS2,ilset,,,unresolved,,,0,not_checked,,false,none,,new_compound,false,false,,,1,18,0.00,298.15,298.15,1,single_temperature,1,true,PAMSd,https://ilthermo.boulder.nist.gov/ILT2/ilset?set=PAMSd,HTTP 404: PubChem has no record under the name 'trihexyl(tetradecyl)phosphonium bis[(trifluoromethyl)sulfonyl]imide'
tris(2-hydroxyethyl) methylammonium methylsulfate,C8H21NO7S,ilset,,,unresolved,,,0,not_checked,,false,none,,new_compound,false,false,,,1,18,0.00,298.15,298.15,1,single_temperature,1,true,AkwwH,https://ilthermo.boulder.nist.gov/ILT2/ilset?set=AkwwH,HTTP 404: PubChem has no record under the name 'tris(2-hydroxyethyl) methylammonium methylsulfate'
tris(2-hydroxyethyl)methylammonium L-prolinate,C12H26N2O5,ilset,,,unresolved,,,0,not_checked,,false,none,,new_compound,false,false,,,1,18,0.00,298.15,298.15,1,single_temperature,1,true,wjjLH,https://ilthermo.boulder.nist.gov/ILT2/ilset?set=wjjLH,HTTP 404: PubChem has no record under the name 'tris(2-hydroxyethyl)methylammonium L-prolinate'
