inchikey,name,pubchem_cid,gate_decision,trigger_reasons,unknown_reason,evidence_columns,mp_C,mp_C_depositor,mp_C_confidence,bp_C,bp_C_depositor,bp_C_confidence,T_low_C,T_high_C
AFBPFSWMIHJQDM-UHFFFAOYSA-N,N-methylaniline,7515,pass,,,mp_C;bp_C,-57,Hazardous Substances Data Bank (HSDB),high,196.25,Hazardous Substances Data Bank (HSDB),high,-20,60
AILKHAQXUAOOFU-UHFFFAOYSA-N,hexanenitrile,12352,unknown,,missing_mp,bp_C,,,absent,163.6,"PAC Chemical Database, U.S. Department of Energy",low,-20,60
ALYCOCULEAWWJO-UHFFFAOYSA-N,triethylpentylammonium bis(trifluoromethylsulfonyl)imide,53384372,unknown,,missing_mp;missing_bp,,,,absent,,,absent,-20,60
AMQJEAYHLZJPGS-UHFFFAOYSA-N,pentan-1-ol,6276,pass,,,mp_C;bp_C,-79,Hazardous Substances Data Bank (HSDB),high,137.5,Hazardous Substances Data Bank (HSDB),high,-20,60
APPOKADJQUIAHP-UHFFFAOYSA-N,"2,4-Hexadiene",11600,unknown,,missing_mp;missing_bp,,,,absent,,,absent,-20,60
AQIXEPGDORPWBJ-UHFFFAOYSA-N,3-pentanol,11428,blocked,mp_above_T_low,,mp_C;bp_C,-8,ILO-WHO International Chemical Safety Cards (ICSCs),low,116,ILO-WHO International Chemical Safety Cards (ICSCs),low,-20,60
ATHHXGZTWNVVOU-UHFFFAOYSA-N,N-methylformamide,31254,blocked,mp_above_T_low,,mp_C;bp_C,-5.4,Hazardous Substances Data Bank (HSDB),medium,185,Hazardous Substances Data Bank (HSDB),medium,-20,60
BAPJBEWLBFYGME-UHFFFAOYSA-N,methyl propenoate,7294,pass,,,mp_C;bp_C,-75.6,Hazardous Substances Data Bank (HSDB),medium,70,Hazardous Substances Data Bank (HSDB),medium,-20,60
BBMCTIGTTCKYKF-UHFFFAOYSA-N,heptan-1-ol,8129,pass,,,mp_C;bp_C,-34.6,Hazardous Substances Data Bank (HSDB),high,155.6,Hazardous Substances Data Bank (HSDB),medium,-20,60
BDERNNFJNOPAEC-UHFFFAOYSA-N,propan-1-ol,1031,pass,,,mp_C;bp_C,-127,Hazardous Substances Data Bank (HSDB),high,97.2,Hazardous Substances Data Bank (HSDB),high,-20,60
BGTOWKSIORTVQH-UHFFFAOYSA-N,cyclopentanone,8452,pass,,,mp_C;bp_C,-51.3,Hazardous Substances Data Bank (HSDB),medium,130.6,Hazardous Substances Data Bank (HSDB),high,-20,60
BKIMMITUMNQMOS-UHFFFAOYSA-N,nonane,8141,pass,,,mp_C;bp_C,-53.47,Hazardous Substances Data Bank (HSDB),medium,150.47,Hazardous Substances Data Bank (HSDB),high,-20,60
BMRWNKZVCUKKSR-UHFFFAOYSA-N,"1,2-butanediol",11429,pass,,,mp_C;bp_C,-50,Hazardous Substances Data Bank (HSDB),medium,196.9,Hazardous Substances Data Bank (HSDB),medium,-20,60
BMVXCPBXGZKUPN-UHFFFAOYSA-N,1-hexanamine,8102,pass,,,mp_C;bp_C,-21,Hazardous Substances Data Bank (HSDB),high,132,Hazardous Substances Data Bank (HSDB),high,-20,60
BOGRNZQRTNVZCZ-AATRIKPKSA-N,"3-Methyl-1,3-pentadiene",638069,unknown,,missing_mp;missing_bp,,,,absent,,,absent,-20,60
BSPCSKHALVHRSR-UHFFFAOYSA-N,2-chlorobutane,6563,unknown,,missing_mp,bp_C,,,absent,68.5,"PAC Chemical Database, U.S. Department of Energy",low,-20,60
BSYVTEYKTMYBMK-UHFFFAOYSA-N,2-tetrahydrofurylmethanol,7360,pass,,,mp_C;bp_C,-80,Hazardous Substances Data Bank (HSDB),high,178,Hazardous Substances Data Bank (HSDB),high,-20,60
BTANRVKWQNVYAZ-UHFFFAOYSA-N,butan-2-ol,6568,pass,,,mp_C;bp_C,-114,Hazardous Substances Data Bank (HSDB),medium,99.5,Hazardous Substances Data Bank (HSDB),high,-20,60
BTGRAWJCKBQKAO-UHFFFAOYSA-N,hexanedinitrile,8128,blocked,mp_above_T_low,,mp_C;bp_C,3,Hazardous Substances Data Bank (HSDB),high,295,Hazardous Substances Data Bank (HSDB),high,-20,60
BTNXBLUGMAMSSH-UHFFFAOYSA-N,octanedinitrile,12385,unknown,,missing_mp;missing_bp,,,,absent,,,absent,-20,60
BTQZKHUEUDPRST-UHFFFAOYSA-N,m-Fluorotoluene,9606,pass,,,mp_C;bp_C,-87.7222,CAMEO Chemicals,low,116,CAMEO Chemicals,low,-20,60
BWEKDYGHDCHWEN-UHFFFAOYSA-N,2-methyl-2-hexene,17656,unknown,,missing_mp;missing_bp,,,,absent,,,absent,-20,60
CBTVGIZVANVGBH-UHFFFAOYSA-N,2-amino-2-methylpropan-1-ol,11807,blocked,mp_above_T_low,,mp_C;bp_C,31,Hazardous Substances Data Bank (HSDB),high,165,Hazardous Substances Data Bank (HSDB),high,-20,60
CGZZMOTZOONQIA-UHFFFAOYSA-N,cycloheptanone,10400,unknown,,missing_mp;missing_bp,,,,absent,,,absent,-20,60
CJSBUWDGPXGFGA-UHFFFAOYSA-N,"4-methyl-1,3-pentadiene",13555,unknown,,missing_mp;missing_bp,,,,absent,,,absent,-20,60
CQEYYJKEWSMYFG-UHFFFAOYSA-N,butyl 2-propenoate,8846,pass,,,mp_C;bp_C,-64.6,Hazardous Substances Data Bank (HSDB),high,138,Hazardous Substances Data Bank (HSDB),medium,-20,60
CRVGTESFCCXCTH-UHFFFAOYSA-N,N-methyldiethanolamine,7767,pass,,,mp_C;bp_C,-21,Hazardous Substances Data Bank (HSDB),high,245,Hazardous Substances Data Bank (HSDB),medium,-20,60
CSCPPACGZOOCGX-UHFFFAOYSA-N,Acetone,180,blocked,bp_below_T_high,,mp_C;bp_C,-94.9,Hazardous Substances Data Bank (HSDB),high,56.08,Hazardous Substances Data Bank (HSDB),high,-20,60
CUNYTRQQXKCRTJ-UHFFFAOYSA-N,1-ethyl-3-methylimidazolium tetrafluoroborate,2769348,unknown,,missing_mp;missing_bp,,,,absent,,,absent,-20,60
CWIFAKBLLXGZIC-UHFFFAOYSA-N,"1,1,2,2-tetrafluoroethyl 2,2,2-trifluoroethyl ether",164596,unknown,,missing_mp;missing_bp,,,,absent,,,absent,-20,60
CYFFKUDZLZREEX-WNQIDUERSA-M,1-butyl-3-methylimidazolium L-lactate,2734253,unknown,,missing_mp;missing_bp,,,,absent,,,absent,-20,60
CYTYCFOTNPOANT-UHFFFAOYSA-N,Tetrachloroethylene,31373,pass,,,mp_C;bp_C,-22.2,Hazardous Substances Data Bank (HSDB),medium,121.2,Hazardous Substances Data Bank (HSDB),high,-20,60
CZIUVCSYOGFUPH-UHFFFAOYSA-M,1-hexyl-3-methylimidazolium iodide,12036651,unknown,,missing_mp;missing_bp,,,,absent,,,absent,-20,60
DHKHKXVYLBGOIT-UHFFFAOYSA-N,"1,1-Diethoxyethane",7765,pass,,,mp_C;bp_C,-100,Hazardous Substances Data Bank (HSDB),high,102.7,Hazardous Substances Data Bank (HSDB),high,-20,60
DIQMPQMYFZXDAX-UHFFFAOYSA-N,Amyl formate,12529,pass,,,mp_C;bp_C,-73.5,Human Metabolome Database (HMDB),low,130,Joint FAO/WHO Expert Committee on Food Additives (JECFA),low,-20,60
DKGAVHZHDRPRBM-UHFFFAOYSA-N,2-methylpropan-2-ol,6386,blocked,mp_above_T_low,,mp_C;bp_C,25.81,Hazardous Substances Data Bank (HSDB),high,82.3,Hazardous Substances Data Bank (HSDB),high,-20,60
DKPFZGUDAPQIHT-UHFFFAOYSA-N,Butyl acetate,31272,pass,,,mp_C;bp_C,-77,Hazardous Substances Data Bank (HSDB),high,126,Hazardous Substances Data Bank (HSDB),high,-20,60
DLRJIFUOBPOJNS-UHFFFAOYSA-N,ethoxybenzene,7674,pass,,,mp_C;bp_C,-30,Hazardous Substances Data Bank (HSDB),medium,173,Hazardous Substances Data Bank (HSDB),medium,-20,60
DNIAPMSPPWPWGF-UHFFFAOYSA-N,"1,2-propanediol",1030,pass,,,mp_C;bp_C,-60,Hazardous Substances Data Bank (HSDB),high,187.6,Hazardous Substances Data Bank (HSDB),high,-20,60
DQWPFSLDHJDLRL-UHFFFAOYSA-N,triethyl phosphate,6535,pass,,,mp_C;bp_C,-56.4,Hazardous Substances Data Bank (HSDB),high,215.5,Hazardous Substances Data Bank (HSDB),high,-20,60
DTQVDTLACAAQTR-UHFFFAOYSA-N,Trifluoroacetic acid,6422,blocked,mp_above_T_low,,mp_C;bp_C,-15.4,Hazardous Substances Data Bank (HSDB),high,72.4,Hazardous Substances Data Bank (HSDB),high,-20,60
DURPTKYDGMDSBL-UHFFFAOYSA-N,dibutyl ether,8909,pass,,,mp_C;bp_C,-95.2,Hazardous Substances Data Bank (HSDB),medium,140.8,Hazardous Substances Data Bank (HSDB),high,-20,60
FDPIMTJIUBPUKL-UHFFFAOYSA-N,3-Pentanone,7288,pass,,,mp_C;bp_C,-39,Hazardous Substances Data Bank (HSDB),medium,101.7,Hazardous Substances Data Bank (HSDB),high,-20,60
FERIUCNNQQJTOY-UHFFFAOYSA-N,Butyric acid,264,blocked,mp_above_T_low,,mp_C;bp_C,-7.9,Hazardous Substances Data Bank (HSDB),medium,163.5,Hazardous Substances Data Bank (HSDB),high,-20,60
FOTXAJDDGPYIFU-UHFFFAOYSA-N,Ethylcyclopropane,70933,unknown,,missing_mp;missing_bp,,,,absent,,,absent,-20,60
FRZPYEHDSAQGAS-UHFFFAOYSA-M,1-butyl-3-methylimidazolium trifluoromethanesulfonate,2734246,unknown,,missing_mp;missing_bp,,,,absent,,,absent,-20,60
FSXANJBLYFVXEU-UHFFFAOYSA-N,1-methyl-3-octylimidazolium bromide,57351531,unknown,,missing_mp;missing_bp,,,,absent,,,absent,-20,60
FVSKHRXBFJPNKK-UHFFFAOYSA-N,Propionitrile,7854,pass,,,mp_C;bp_C,-91.8,Hazardous Substances Data Bank (HSDB),medium,97.2,Hazardous Substances Data Bank (HSDB),high,-20,60
FXHOOIRPVKKKFG-UHFFFAOYSA-N,"N,N-dimethylethanamide",31374,blocked,mp_above_T_low,,mp_C;bp_C,-18.59,Hazardous Substances Data Bank (HSDB),high,165,Hazardous Substances Data Bank (HSDB),high,-20,60
FYIRUPZTYPILDH-UHFFFAOYSA-N,"1,1,1,2,3,3-hexafluoropropane",79009,unknown,,missing_mp;missing_bp,,,,absent,,,absent,-20,60
FYOFOKCECDGJBF-UHFFFAOYSA-N,Iron pentacarbonyl,26040,pass,,,mp_C;bp_C,-20.5,Hazardous Substances Data Bank (HSDB),medium,103,Hazardous Substances Data Bank (HSDB),high,-20,60
GAEKPEKOJKCEMS-UHFFFAOYSA-N,gamma-valerolactone,7921,pass,,,mp_C;bp_C,-31.1111,CAMEO Chemicals,low,207.7778,CAMEO Chemicals,low,-20,60
GDOPTJXRTPNYNR-UHFFFAOYSA-N,Methylcyclopentane,7296,pass,,,mp_C;bp_C,-142.5,Hazardous Substances Data Bank (HSDB),medium,71.8,Hazardous Substances Data Bank (HSDB),high,-20,60
GETQZCLCWQTVFV-UHFFFAOYSA-N,Trimethylamine,1146,blocked,bp_below_T_high,,mp_C;bp_C,-117.08,Hazardous Substances Data Bank (HSDB),medium,2.87,Hazardous Substances Data Bank (HSDB),medium,-20,60
GETTZEONDQJALK-UHFFFAOYSA-N,"alpha,alpha,alpha-Trifluorotoluene",7368,pass,,,mp_C;bp_C,-29.05,Hazardous Substances Data Bank (HSDB),high,103.46,Hazardous Substances Data Bank (HSDB),medium,-20,60
GJRQTCIYDGXPES-UHFFFAOYSA-N,Isobutyl acetate,8038,pass,,,mp_C;bp_C,-98.8,Hazardous Substances Data Bank (HSDB),high,116.5,Hazardous Substances Data Bank (HSDB),high,-20,60
GOYDNIKZWGIXJT-UHFFFAOYSA-N,"1,2-difluorobenzene",9706,unknown,,missing_mp;missing_bp,,,,absent,,,absent,-20,60
GRCIJNHHTXBJAK-UHFFFAOYSA-N,1-octyl-3-methylimidazolium hexafluorophosphate,2734243,unknown,,missing_mp;missing_bp,,,,absent,,,absent,-20,60
GRYUVYIMDGRRLN-UHFFFAOYSA-N,"1-butyl-2,3,4,5-tetramethylimidazolium bis(trifluoromethylsulfonyl)imide",139245575,unknown,,missing_mp;missing_bp,,,,absent,,,absent,-20,60
GSEJCLTVZPLZKY-UHFFFAOYSA-N,triethanolamine,7618,blocked,mp_above_T_low,,mp_C;bp_C,21.5,Hazardous Substances Data Bank (HSDB),medium,335.4,Hazardous Substances Data Bank (HSDB),medium,-20,60
GSGLHYXFTXGIAQ-UHFFFAOYSA-M,"1,3-dimethylimidazolium dimethylphosphate",16069365,unknown,,missing_mp;missing_bp,,,,absent,,,absent,-20,60
GSNUFIFRDBKVIE-UHFFFAOYSA-N,"2,5-dimethylfuran",12266,pass,,,mp_C;bp_C,-63,Human Metabolome Database (HMDB),low,93.8889,CAMEO Chemicals,low,-20,60
GWQYPLXGJIXMMV-UHFFFAOYSA-M,1-ethyl-3-methylimidazolium bromide,2734235,unknown,,missing_mp;missing_bp,,,,absent,,,absent,-20,60
GWYFCOCPABKNJV-UHFFFAOYSA-N,Isovaleric acid,10430,pass,,,mp_C;bp_C,-29.3,Hazardous Substances Data Bank (HSDB),high,176.5,Hazardous Substances Data Bank (HSDB),high,-20,60
GXZCAMSPWNHTAE-UHFFFAOYSA-N,1-methyl-3-octylimidazolium tetrafluoroborate,11460221,unknown,,missing_mp;missing_bp,,,,absent,,,absent,-20,60
HBNYJWAFDZLWRS-UHFFFAOYSA-N,Ethyl isothiocyanate,10966,unknown,,missing_mp,bp_C,,,absent,132,Joint FAO/WHO Expert Committee on Food Additives (JECFA),low,-20,60
HBZDPWBWBJMYRY-UHFFFAOYSA-N,decanenitrile,74791,unknown,,missing_mp,bp_C,,,absent,241,"Haz-Map, Information on Hazardous Chemicals and Occupational Diseases",low,-20,60
HCBRSIIGBBDDCD-UHFFFAOYSA-N,"1,1,2,2-tetrafluoroethyl 2,2,3,3-tetrafluoropropyl ether",2776662,unknown,,missing_mp;missing_bp,,,,absent,,,absent,-20,60
HDGQICNBXPAKLR-UHFFFAOYSA-N,"2,4-dimethylhexane",11511,unknown,,missing_mp;missing_bp,,,,absent,,,absent,-20,60
HEBKCHPVOIAQTA-NGQZWQHPSA-N,Xylitol,6912,unknown,,missing_mp;missing_bp,,,,absent,,,absent,-20,60
HGCIXCUEYOPUTN-UHFFFAOYSA-N,Cyclohexene,8079,pass,,,mp_C;bp_C,-103.5,Hazardous Substances Data Bank (HSDB),high,83,Hazardous Substances Data Bank (HSDB),high,-20,60
HLLCNVLEVVFTJB-UHFFFAOYSA-N,2-Fluoro-2-methylbutane,13709961,unknown,,missing_mp;missing_bp,,,,absent,,,absent,-20,60
HLPIHRDZBHXTFJ-UHFFFAOYSA-N,2-ethylfuran,18554,unknown,,missing_mp,bp_C,,,absent,93,Human Metabolome Database (HMDB),low,-20,60
HPXRVTGHNJAIIH-UHFFFAOYSA-N,cyclohexanol,7966,blocked,mp_above_T_low,,mp_C;bp_C,25.93,Hazardous Substances Data Bank (HSDB),medium,161.84,Hazardous Substances Data Bank (HSDB),high,-20,60
HQABUPZFAYXKJW-UHFFFAOYSA-N,1-butanamine,8007,pass,,,mp_C;bp_C,-50,Hazardous Substances Data Bank (HSDB),high,78,Hazardous Substances Data Bank (HSDB),high,-20,60
HQWOEDCLDNFWEV-UHFFFAOYSA-M,1-ethyl-3-methylimidazolium diethyl phosphate,53316406,unknown,,missing_mp;missing_bp,,,,absent,,,absent,-20,60
HTSABYAWKQAHBT-UHFFFAOYSA-N,3-Methylcyclohexanol,11566,blocked,mp_above_T_low,,mp_C;bp_C,-5.5,ILO-WHO International Chemical Safety Cards (ICSCs),low,164,Human Metabolome Database (HMDB),low,-20,60
HXDLWJWIAHWIKI-UHFFFAOYSA-N,beta-Hydroxyethyl acetate (Glycol monoacetate),10960,unknown,,missing_mp,bp_C,,,absent,182.2222,CAMEO Chemicals,low,-20,60
HXJUTPCZVOIRIF-UHFFFAOYSA-N,sulfolane,31347,blocked,mp_above_T_low,,mp_C;bp_C,27.8,Hazardous Substances Data Bank (HSDB),high,285,Hazardous Substances Data Bank (HSDB),high,-20,60
HZAXFHJVJLSVMW-UHFFFAOYSA-N,2-aminoethan-1-ol,700,blocked,mp_above_T_low,,mp_C;bp_C,10.4,Hazardous Substances Data Bank (HSDB),medium,170.3,Hazardous Substances Data Bank (HSDB),high,-20,60
HZKDSQCZNUUQIF-UHFFFAOYSA-M,1-ethyl-3-methylimidazolium hydrogen sulfate,16217215,unknown,,missing_mp;missing_bp,,,,absent,,,absent,-20,60
IAZDPXIOMUYVGZ-UHFFFAOYSA-N,dimethyl sulfoxide,679,blocked,mp_above_T_low,,mp_C;bp_C,18.45,Hazardous Substances Data Bank (HSDB),high,189,Hazardous Substances Data Bank (HSDB),high,-20,60
IBSQPLPBRSHTTG-UHFFFAOYSA-N,o-Chlorotoluene,7238,pass,,,mp_C;bp_C,-35.59,Hazardous Substances Data Bank (HSDB),high,158.97,Hazardous Substances Data Bank (HSDB),high,-20,60
ICIVTHOGIQHZRY-UHFFFAOYSA-N,1-butyl-3-methylimidazolium dicyanamide,11171745,unknown,,missing_mp;missing_bp,,,,absent,,,absent,-20,60
IEFUHGXOQSVRDQ-UHFFFAOYSA-N,1-methyl-1-propylpiperidinium bis(trifluoromethylsulfonyl)imide,16726630,unknown,,missing_mp;missing_bp,,,,absent,,,absent,-20,60
IEJIGPNLZYLLBP-UHFFFAOYSA-N,dimethyl carbonate,12021,blocked,mp_above_T_low,,mp_C;bp_C,0.5,Hazardous Substances Data Bank (HSDB),medium,90.5,Hazardous Substances Data Bank (HSDB),high,-20,60
IIRFCWANHMSDCG-UHFFFAOYSA-N,cyclooctanone,10403,unknown,,missing_mp;missing_bp,,,,absent,,,absent,-20,60
IMNFDUFMRHMDMM-UHFFFAOYSA-N,heptane,8900,pass,,,mp_C;bp_C,-90.549,Hazardous Substances Data Bank (HSDB),high,98.38,Hazardous Substances Data Bank (HSDB),high,-20,60
INDFXCHYORWHLQ-UHFFFAOYSA-N,1-butyl-3-methylimidazolium bis(trifluoromethylsulfonyl)imide,11258643,unknown,,missing_mp;missing_bp,,,,absent,,,absent,-20,60
ISPYQTSUDJAMAB-UHFFFAOYSA-N,o-Chlorophenol,7245,blocked,mp_above_T_low,,mp_C;bp_C,7,Hazardous Substances Data Bank (HSDB),medium,174.9,Hazardous Substances Data Bank (HSDB),high,-20,60
IVCMUVGRRDWTDK-UHFFFAOYSA-M,1-methyl-3-propylimidazolium iodide,12971008,unknown,,missing_mp;missing_bp,,,,absent,,,absent,-20,60
IXQYBUDWDLYNMA-UHFFFAOYSA-N,1-butyl-3-methylimidazolium hexafluorophosphate,2734174,unknown,,missing_mp;missing_bp,,,,absent,,,absent,-20,60
IYXGSMUGOJNHAZ-UHFFFAOYSA-N,Diethyl malonate,7761,pass,,,mp_C;bp_C,-50,Hazardous Substances Data Bank (HSDB),high,200,Hazardous Substances Data Bank (HSDB),high,-20,60
JBTWLSYIZRCDFO-UHFFFAOYSA-N,ethyl methyl carbonate,522046,unknown,,missing_mp;missing_bp,,,,absent,,,absent,-20,60
JCCCMAAJYSNBPR-UHFFFAOYSA-N,2-ethylthiophene,13388,unknown,,missing_mp,bp_C,,,absent,133,Human Metabolome Database (HMDB),low,-20,60
JCQGIZYNVAZYOH-UHFFFAOYSA-M,trihexyl(tetradecyl)phosphonium chloride,11375816,unknown,,missing_mp;missing_bp,,,,absent,,,absent,-20,60
JFDZBHWFFUWGJE-UHFFFAOYSA-N,Benzonitrile,7505,blocked,mp_above_T_low,,mp_C;bp_C,-12.82,Hazardous Substances Data Bank (HSDB),high,123.5,Hazardous Substances Data Bank (HSDB),medium,-20,60
JHIVVAPYMSGYDF-UHFFFAOYSA-N,cyclohexanone,7967,pass,,,mp_C;bp_C,-31,Hazardous Substances Data Bank (HSDB),medium,155.6,Hazardous Substances Data Bank (HSDB),high,-20,60
JIGUQPWFLRLWPJ-UHFFFAOYSA-N,ethyl propenoate,8821,pass,,,mp_C;bp_C,-71.2,Hazardous Substances Data Bank (HSDB),medium,99.4,Hazardous Substances Data Bank (HSDB),high,-20,60
JMXOUHNHEFFQIW-UHFFFAOYSA-M,tributylmethylphosphonium methyl sulfate,16218793,unknown,,missing_mp;missing_bp,,,,absent,,,absent,-20,60
JQVDAXLFBXTEQA-UHFFFAOYSA-N,dibutylamine,8148,pass,,,mp_C;bp_C,-59,Hazardous Substances Data Bank (HSDB),medium,160,Hazardous Substances Data Bank (HSDB),high,-20,60
JRGGUPZKKTVKOV-UHFFFAOYSA-N,1-Bromo-3-chlorobenzene,7928,pass,,,mp_C;bp_C,-21.5,"PAC Chemical Database, U.S. Department of Energy",low,196,"PAC Chemical Database, U.S. Department of Energy",low,-20,60
JSRLURSZEMLAFO-UHFFFAOYSA-N,m-Dibromobenzene,7927,unknown,,missing_mp;missing_bp,,,,absent,,,absent,-20,60
JUJWROOIHBZHMG-UHFFFAOYSA-N,Pyridine,1049,pass,,,mp_C;bp_C,-41.6,Hazardous Substances Data Bank (HSDB),high,115.3,Hazardous Substances Data Bank (HSDB),high,-20,60
JWFPQAXAGSAKRF-UHFFFAOYSA-N,"1-butyl-2,3-dimethylimidazolium hexafluorophosphate",11243457,unknown,,missing_mp;missing_bp,,,,absent,,,absent,-20,60
JWUJQDFVADABEY-UHFFFAOYSA-N,2-methyltetrahydrofuran,7301,unknown,,missing_mp,bp_C,,,absent,80,"PAC Chemical Database, U.S. Department of Energy",low,-20,60
JYPJLAPMBJKRDG-UHFFFAOYSA-M,1-ethyl-3-methylimidazolium butylsulfonate,87376840,unknown,,missing_mp;missing_bp,,,,absent,,,absent,-20,60
JYVLIDXNZAXMDK-UHFFFAOYSA-N,pentan-2-ol,22386,pass,,,mp_C;bp_C,-73,Human Metabolome Database (HMDB),low,112.2222,The National Institute for Occupational Safety and Health (NIOSH),low,-20,60
KBPLFHHGFOOTCA-UHFFFAOYSA-N,octan-1-ol,957,blocked,mp_above_T_low,,mp_C;bp_C,-14.7,Hazardous Substances Data Bank (HSDB),high,194.7,Hazardous Substances Data Bank (HSDB),high,-20,60
KFUSEUYYWQURPO-OWOJBTEDSA-N,"trans-1,2-Dichloroethylene",638186,blocked,bp_below_T_high,,mp_C;bp_C,-49.8,Hazardous Substances Data Bank (HSDB),high,47.64,Hazardous Substances Data Bank (HSDB),high,-20,60
KFUSEUYYWQURPO-UPHRSURJSA-N,"cis-1,2-Dichloroethylene",643833,pass,,,mp_C;bp_C,-80,Hazardous Substances Data Bank (HSDB),high,60,Hazardous Substances Data Bank (HSDB),high,-20,60
KFZMGEQAYNKOFK-UHFFFAOYSA-N,propan-2-ol,3776,pass,,,mp_C;bp_C,-87.9,Hazardous Substances Data Bank (HSDB),medium,82.3,Hazardous Substances Data Bank (HSDB),high,-20,60
KGPPDNUWZNWPSI-UHFFFAOYSA-N,"bis(2,2,2-trifluoroethyl) ether",9528,unknown,,missing_mp;missing_bp,,,,absent,,,absent,-20,60
KJDRSWPQXHESDQ-UHFFFAOYSA-N,"1,4-dichlorobutane",8059,pass,,,mp_C;bp_C,-37.2778,CAMEO Chemicals,low,153.8889,CAMEO Chemicals,low,-20,60
KLTUZFZUYLXTFF-UHFFFAOYSA-N,1-(2-hydroxyethyl)-3-methylimidazolium tetrafluoroborate,11344909,unknown,,missing_mp;missing_bp,,,,absent,,,absent,-20,60
KMTRUDSVKNLOMY-UHFFFAOYSA-N,ethylene carbonate,7303,blocked,mp_above_T_low,,mp_C;bp_C,36.4,Hazardous Substances Data Bank (HSDB),high,248,Hazardous Substances Data Bank (HSDB),high,-20,60
KNGDDPFNUUIHKR-UHFFFAOYSA-N,1-butyl-1-methylpyrrolidinium tris(pentafluoroethyl)trifluorophosphate,23082572,unknown,,missing_mp;missing_bp,,,,absent,,,absent,-20,60
KNKRKFALVUDBJE-UHFFFAOYSA-N,"1,2-dichloropropane",6564,pass,,,mp_C;bp_C,-100.4,Hazardous Substances Data Bank (HSDB),medium,96.4,Hazardous Substances Data Bank (HSDB),high,-20,60
KVNRLNFWIYMESJ-UHFFFAOYSA-N,butanenitrile,8008,pass,,,mp_C;bp_C,-112,Hazardous Substances Data Bank (HSDB),high,117.5,Hazardous Substances Data Bank (HSDB),high,-20,60
KWOLFJPFCHCOCG-UHFFFAOYSA-N,acetophenone,7410,blocked,mp_above_T_low,,mp_C;bp_C,19.4,Hazardous Substances Data Bank (HSDB),high,202.1,Hazardous Substances Data Bank (HSDB),high,-20,60
KXGRFVJWZGSJBS-UHFFFAOYSA-M,N-butyl-3-methylpyridinium methylsulfate,57355794,unknown,,missing_mp;missing_bp,,,,absent,,,absent,-20,60
KXKVLQRXCPHEJC-UHFFFAOYSA-N,Methyl acetate,6584,blocked,bp_below_T_high,,mp_C;bp_C,-98.2,Hazardous Substances Data Bank (HSDB),high,56.7,Hazardous Substances Data Bank (HSDB),high,-20,60
LAIUFBWHERIJIH-UHFFFAOYSA-N,3-methylheptane,11519,pass,,,mp_C;bp_C,-100,Human Metabolome Database (HMDB),low,118,Human Metabolome Database (HMDB),low,-20,60
LBHLGZNUPKUZJC-UHFFFAOYSA-N,1-butyl-1-methylpyrrolidinium dicyanamide,16213711,unknown,,missing_mp;missing_bp,,,,absent,,,absent,-20,60
LCGLNKUTAGEVQW-UHFFFAOYSA-N,Methyl ether,8254,blocked,bp_below_T_high,,mp_C;bp_C,-141.5,Hazardous Substances Data Bank (HSDB),medium,-24.82,Hazardous Substances Data Bank (HSDB),medium,-20,60
LCZUOKDVTBMCMX-UHFFFAOYSA-N,"2,5-Dimethylpyrazine",31252,blocked,mp_above_T_low,,mp_C;bp_C,15,Human Metabolome Database (HMDB),low,155,Joint FAO/WHO Expert Committee on Food Additives (JECFA),low,-20,60
LECQXINNQGHJBM-UHFFFAOYSA-N,1-methyl-3-octylimidazolium bis(trifluoromethylsulfonyl)imide,12184591,unknown,,missing_mp;missing_bp,,,,absent,,,absent,-20,60
LFQSCWFLJHTTHZ-UHFFFAOYSA-N,ethanol,702,pass,,,mp_C;bp_C,-114.14,Hazardous Substances Data Bank (HSDB),high,78.24,Hazardous Substances Data Bank (HSDB),high,-20,60
LFSAPCRASZRSKS-UHFFFAOYSA-N,2-Methylcyclohexanone,11419,blocked,mp_above_T_low,,mp_C;bp_C,-14,Occupational Safety and Health Administration (OSHA),low,165,CAMEO Chemicals,low,-20,60
LHIJANUOQQMGNT-UHFFFAOYSA-N,N-(2-aminoethyl)ethanolamine,8112,pass,,,mp_C;bp_C,-33,"PAC Chemical Database, U.S. Department of Energy",low,240,Occupational Safety and Health Administration (OSHA),low,-20,60
LJSQFQKUNVCTIA-UHFFFAOYSA-N,Ethyl sulfide,9609,pass,,,mp_C;bp_C,-103.9,Hazardous Substances Data Bank (HSDB),high,92.1,Hazardous Substances Data Bank (HSDB),high,-20,60
LLEVMYXEJUDBTA-UHFFFAOYSA-N,heptanedinitrile,12590,unknown,,missing_mp;missing_bp,,,,absent,,,absent,-20,60
LPEKGGXMPWTOCB-UHFFFAOYSA-N,methyl 2-hydroxypropanoate,11040,pass,,,mp_C;bp_C,-66,Hazardous Substances Data Bank (HSDB),medium,145,Hazardous Substances Data Bank (HSDB),medium,-20,60
LPSXSORODABQKT-FIRGSJFUSA-N,exo-tetrahydrodicyclopentadiene,11159354,unknown,,missing_mp;missing_bp,,,,absent,,,absent,-20,60
LQNUZADURLCDLV-UHFFFAOYSA-N,nitrobenzene,7416,blocked,mp_above_T_low,,mp_C;bp_C,5.7,Hazardous Substances Data Bank (HSDB),high,210.8,Hazardous Substances Data Bank (HSDB),high,-20,60
LRESCJAINPKJTO-UHFFFAOYSA-N,1-ethyl-3-methylimidazolium bis((trifluoromethyl)sulfonyl)imide,11731903,unknown,,missing_mp;missing_bp,,,,absent,,,absent,-20,60
LRHPLDYGYMQRHN-UHFFFAOYSA-N,butan-1-ol,263,pass,,,mp_C;bp_C,-88.6,Hazardous Substances Data Bank (HSDB),high,117.6,Hazardous Substances Data Bank (HSDB),high,-20,60
LSBXQLQATZTAPE-UHFFFAOYSA-N,1-butyl-3-methylimidazolium tetrafluoroborate,2734178,unknown,,missing_mp;missing_bp,,,,absent,,,absent,-20,60
LTMWUXUUPSUBPP-UHFFFAOYSA-N,1-hexylpyridinium tetrafluoroborate,2734181,unknown,,missing_mp;missing_bp,,,,absent,,,absent,-20,60
LVTYICIALWPMFW-UHFFFAOYSA-N,N-(2-hydroxypropyl)-2-hydroxy-1-propanamine,8086,blocked,mp_above_T_low,,mp_C;bp_C,42,Hazardous Substances Data Bank (HSDB),high,249,Hazardous Substances Data Bank (HSDB),high,-20,60
LYCAIKOWRPUZTN-UHFFFAOYSA-N,"1,2-ethanediol",174,blocked,mp_above_T_low,,mp_C;bp_C,-12.69,Hazardous Substances Data Bank (HSDB),medium,197.3,Hazardous Substances Data Bank (HSDB),high,-20,60
LZCLXQDLBQLTDK-UHFFFAOYSA-N,DL-ethyl lactate,7344,pass,,,mp_C;bp_C,-26,Hazardous Substances Data Bank (HSDB),medium,154,Hazardous Substances Data Bank (HSDB),high,-20,60
LZJIBRSVPKKOSI-UHFFFAOYSA-O,ethanolammonium nitrate,15606546,unknown,,missing_mp;missing_bp,,,,absent,,,absent,-20,60
MCTWTZJPVLRJOU-UHFFFAOYSA-N,1-methylimidazole,1390,blocked,mp_above_T_low,,mp_C;bp_C,-6,"PAC Chemical Database, U.S. Department of Energy",low,196,"PAC Chemical Database, U.S. Department of Energy",low,-20,60
MEMNKNZDROKJHP-UHFFFAOYSA-M,1-butyl-3-methylimidazolium methyl sulfate,12095228,unknown,,missing_mp;missing_bp,,,,absent,,,absent,-20,60
MFXLOVLEQJRXFP-UHFFFAOYSA-N,1-hexyl-3-methylimidazolium tetrafluoroborate,2734179,unknown,,missing_mp;missing_bp,,,,absent,,,absent,-20,60
MHNNAWXXUZQSNM-UHFFFAOYSA-N,2-Methyl-1-butene,11240,blocked,bp_below_T_high,,mp_C;bp_C,-137.5,Hazardous Substances Data Bank (HSDB),high,31.2,Hazardous Substances Data Bank (HSDB),high,-20,60
MKHFCTXNDRMIDR-UHFFFAOYSA-N,1-ethyl-3-methylimidazolium dicyanamide,11159638,unknown,,missing_mp;missing_bp,,,,absent,,,absent,-20,60
MMZYCBHLNZVROM-UHFFFAOYSA-N,o-Fluorotoluene,7241,pass,,,mp_C;bp_C,-62,CAMEO Chemicals,low,114,CAMEO Chemicals,low,-20,60
MQWCXKGKQLNYQG-UHFFFAOYSA-N,4-Methylcyclohexanol,11524,blocked,mp_above_T_low,,mp_C;bp_C,-9.2,ILO-WHO International Chemical Safety Cards (ICSCs),low,173,ILO-WHO International Chemical Safety Cards (ICSCs),low,-20,60
MRABAEUHTLLEML-UHFFFAOYSA-N,butyl 2-hydroxypropanoate,8738,pass,,,mp_C;bp_C,-43,Hazardous Substances Data Bank (HSDB),medium,77,Hazardous Substances Data Bank (HSDB),medium,-20,60
MSXVEPNJUHWQHW-UHFFFAOYSA-N,2-Methyl-2-butanol,6405,blocked,mp_above_T_low,,mp_C;bp_C,-9.1,Hazardous Substances Data Bank (HSDB),high,87.35,Hazardous Substances Data Bank (HSDB),medium,-20,60
MTHSVFCYNBDYFN-UHFFFAOYSA-N,diethylene glycol,8117,blocked,mp_above_T_low,,mp_C;bp_C,-10.4,Hazardous Substances Data Bank (HSDB),medium,245.8,Hazardous Substances Data Bank (HSDB),high,-20,60
MVPPADPHJFYWMZ-UHFFFAOYSA-N,Chlorobenzene,7964,pass,,,mp_C;bp_C,-45.2,Hazardous Substances Data Bank (HSDB),high,131.6,Hazardous Substances Data Bank (HSDB),high,-20,60
MWKFXSUHUHTGQN-UHFFFAOYSA-N,decan-1-ol,8174,blocked,mp_above_T_low,,mp_C;bp_C,7,Hazardous Substances Data Bank (HSDB),high,120,Hazardous Substances Data Bank (HSDB),medium,-20,60
MXLMTQWGSQIYOW-UHFFFAOYSA-N,3-methyl-2-butanol,11732,unknown,,missing_mp,bp_C,,,absent,112,Joint FAO/WHO Expert Committee on Food Additives (JECFA),low,-20,60
NBRKLOOSMBRFMH-UHFFFAOYSA-N,2-chloro-2-methylpropane,10486,blocked,bp_below_T_high,,bp_C,,,absent,50.9,"PAC Chemical Database, U.S. Department of Energy",low,-20,60
NDVWOBYBJYUSMF-UHFFFAOYSA-N,2-Methylcyclohexanol,11418,pass,,,mp_C;bp_C,-21.1111,CAMEO Chemicals,low,166,CAMEO Chemicals,low,-20,60
NEQXUPRFDXNNTA-UHFFFAOYSA-N,2-hydroxyethylammonium lactate,11275112,unknown,,missing_mp;missing_bp,,,,absent,,,absent,-20,60
NEZRFXZYPAIZAD-UHFFFAOYSA-N,Ethylcyclobutane,252322,unknown,,missing_mp;missing_bp,,,,absent,,,absent,-20,60
NHTMVDHEPJAVLT-UHFFFAOYSA-N,"2,2,4-trimethylpentane",10907,pass,,,mp_C;bp_C,-107.45,Hazardous Substances Data Bank (HSDB),high,99.238,Hazardous Substances Data Bank (HSDB),high,-20,60
NKKMVIVFRUYPLQ-NSCUHMNNSA-N,Crotononitrile (bp 108 C),637921,unknown,,missing_mp;missing_bp,,,,absent,,,absent,-20,60
NPDACUSDTOMAMK-UHFFFAOYSA-N,p-Chlorotoluene,7810,blocked,mp_above_T_low,,mp_C;bp_C,7.5,Hazardous Substances Data Bank (HSDB),high,162.4,Hazardous Substances Data Bank (HSDB),high,-20,60
NQPDZGIKBAWPEJ-UHFFFAOYSA-N,Valeric acid,7991,pass,,,mp_C;bp_C,-34.5,Hazardous Substances Data Bank (HSDB),high,187,Hazardous Substances Data Bank (HSDB),high,-20,60
NTIZESTWPVYFNL-UHFFFAOYSA-N,4-Methyl-2-pentanone,7909,pass,,,mp_C;bp_C,-85,Hazardous Substances Data Bank (HSDB),high,115.7,Hazardous Substances Data Bank (HSDB),medium,-20,60
NVJBFARDFTXOTO-UHFFFAOYSA-N,Ethyl sulfite,12197,unknown,,missing_mp;missing_bp,,,,absent,,,absent,-20,60
OEPRBXUJOQLYID-UHFFFAOYSA-N,1-Fluoropentane,11603,unknown,,missing_mp;missing_bp,,,,absent,,,absent,-20,60
OFBQJSOFQDEBGM-UHFFFAOYSA-N,n-Pentane,8003,blocked,bp_below_T_high,,mp_C;bp_C,-129.67,Hazardous Substances Data Bank (HSDB),high,36.06,Hazardous Substances Data Bank (HSDB),high,-20,60
OHLUUHNLEMFGTQ-UHFFFAOYSA-N,N-methylacetamide,6582,blocked,mp_above_T_low,,mp_C;bp_C,28,Hazardous Substances Data Bank (HSDB),medium,205,Hazardous Substances Data Bank (HSDB),medium,-20,60
OIFBSDVPJOWBCH-UHFFFAOYSA-N,diethyl carbonate,7766,pass,,,mp_C;bp_C,-43,Hazardous Substances Data Bank (HSDB),high,126,Hazardous Substances Data Bank (HSDB),high,-20,60
OIWSIWZBQPTDKI-UHFFFAOYSA-N,1-butyl-3-methylimidazolium bromide,25153273,unknown,,missing_mp;missing_bp,,,,absent,,,absent,-20,60
OKKJLVBELUTLKV-UHFFFAOYSA-N,methanol,887,pass,,,mp_C;bp_C,-97.8,Hazardous Substances Data Bank (HSDB),high,64.7,Hazardous Substances Data Bank (HSDB),high,-20,60
OOKUTCYPKPJYFV-UHFFFAOYSA-N,1-methylimidazolium bromide,11298140,unknown,,missing_mp;missing_bp,,,,absent,,,absent,-20,60
OOWFYDWAMOKVSF-UHFFFAOYSA-N,3-methoxypropionitrile,61032,unknown,,missing_mp;missing_bp,,,,absent,,,absent,-20,60
OSOUNOBYRMOXQQ-UHFFFAOYSA-N,m-Chlorotoluene,7931,pass,,,mp_C;bp_C,-47.7778,CAMEO Chemicals,low,162.2222,CAMEO Chemicals,low,-20,60
OUDFNZMQXZILJD-UHFFFAOYSA-N,5-methylfurfural,12097,unknown,,missing_mp,bp_C,,,absent,90,Human Metabolome Database (HMDB),low,-20,60
OVAFCUDNRWHPRW-UHFFFAOYSA-N,"N,N-diethyl-2-methoxy-N-methylethan-1-aminium tetrafluoroborate",23132015,unknown,,missing_mp;missing_bp,,,,absent,,,absent,-20,60
OWBTYPJTUOEWEK-UHFFFAOYSA-N,"2,3-butanediol",262,blocked,mp_above_T_low,,mp_C;bp_C,19,Hazardous Substances Data Bank (HSDB),medium,182,Hazardous Substances Data Bank (HSDB),high,-20,60
OXFBEEDAZHXDHB-UHFFFAOYSA-M,1-methyl-3-octylimidazolium chloride,2734223,unknown,,missing_mp;missing_bp,,,,absent,,,absent,-20,60
PAFZNILMFXTMIY-UHFFFAOYSA-N,cyclohexylamine,7965,blocked,mp_above_T_low,,mp_C;bp_C,-17.7222,CAMEO Chemicals,low,134.4444,The National Institute for Occupational Safety and Health (NIOSH),low,-20,60
PAYRUJLWNCNPSJ-UHFFFAOYSA-N,Aniline,6115,blocked,mp_above_T_low,,mp_C;bp_C,-6,Hazardous Substances Data Bank (HSDB),high,184.1,Hazardous Substances Data Bank (HSDB),medium,-20,60
PEDCQBHIVMGVHV-UHFFFAOYSA-N,glycerol,753,blocked,mp_above_T_low,,mp_C;bp_C,18.1,Hazardous Substances Data Bank (HSDB),medium,263,Hazardous Substances Data Bank (HSDB),medium,-20,60
PHTQWCKDNZKARW-UHFFFAOYSA-N,3-Methyl-1-butanol,31260,pass,,,mp_C;bp_C,-117.2,Hazardous Substances Data Bank (HSDB),high,132.5,Hazardous Substances Data Bank (HSDB),medium,-20,60
PIICEJLVQHRZGT-UHFFFAOYSA-N,"1,2-Ethanediamine",3301,blocked,mp_above_T_low,,mp_C;bp_C,8.5,Hazardous Substances Data Bank (HSDB),medium,117,Hazardous Substances Data Bank (HSDB),high,-20,60
PLDWAJLZAAHOGG-UHFFFAOYSA-N,1-bromo-3-methoxybenzene,16971,unknown,,missing_mp,bp_C,,,absent,211,"PAC Chemical Database, U.S. Department of Energy",low,-20,60
PMJHHCWVYXUKFD-SNAWJCMRSA-N,"1,3-Pentadiene",62204,blocked,bp_below_T_high,,mp_C;bp_C,-87.5,Hazardous Substances Data Bank (HSDB),medium,42,Hazardous Substances Data Bank (HSDB),high,-20,60
POAOYUHQDCAZBD-UHFFFAOYSA-N,2-butoxyethan-1-ol,8133,pass,,,mp_C;bp_C,-74.8,Hazardous Substances Data Bank (HSDB),medium,168.4,Hazardous Substances Data Bank (HSDB),medium,-20,60
POLCUAVZOMRGSN-UHFFFAOYSA-N,Propyl ether,8114,pass,,,mp_C;bp_C,-122,Hazardous Substances Data Bank (HSDB),high,91,Hazardous Substances Data Bank (HSDB),high,-20,60
PUPZLCDOIYMWBV-UHFFFAOYSA-N,"1,3-butanediol",7896,pass,,,mp_C;bp_C,-50,Hazardous Substances Data Bank (HSDB),high,207.5,Hazardous Substances Data Bank (HSDB),high,-20,60
PYLWMHQQBFSUBP-UHFFFAOYSA-N,Fluorobenzene,10008,pass,,,mp_C;bp_C,-41.2222,CAMEO Chemicals,low,85.1111,CAMEO Chemicals,low,-20,60
QARVLSVVCXYDNA-UHFFFAOYSA-N,Bromobenzene,7961,pass,,,mp_C;bp_C,-30.6,Hazardous Substances Data Bank (HSDB),high,132.3,Hazardous Substances Data Bank (HSDB),medium,-20,60
QBELEDRHMPMKHP-UHFFFAOYSA-N,1-Bromo-2-chlorobenzene,12754,unknown,,missing_mp;missing_bp,,,,absent,,,absent,-20,60
QGJOPFRUJISHPQ-UHFFFAOYSA-N,Carbon disulfide,6348,blocked,bp_below_T_high,,mp_C;bp_C,-111.7,Hazardous Substances Data Bank (HSDB),high,46.2,Hazardous Substances Data Bank (HSDB),high,-20,60
QJPJQTDYNZXKQF-UHFFFAOYSA-N,p-Bromoanisole,7730,unknown,,missing_mp;missing_bp,,,,absent,,,absent,-20,60
QPRQEDXDYOZYLA-UHFFFAOYSA-N,2-methyl-1-butanol,8723,pass,,,mp_C;bp_C,-70,Hazardous Substances Data Bank (HSDB),medium,128,Hazardous Substances Data Bank (HSDB),high,-20,60
QQONPFPTGQHPMA-UHFFFAOYSA-N,Propene,8252,blocked,bp_below_T_high,,mp_C;bp_C,-185.3,Hazardous Substances Data Bank (HSDB),high,-47.68,Hazardous Substances Data Bank (HSDB),high,-20,60
QRCRANRUHQKZME-UHFFFAOYSA-N,"3-butyl-1,2,4,5-tetramethyl-1H-imidazol-3-ium tetrafluoroborate",87182556,unknown,,missing_mp;missing_bp,,,,absent,,,absent,-20,60
QTBFPMKWQKYFLR-UHFFFAOYSA-N,1-chloro-2-methylpropane,10554,pass,,,mp_C;bp_C,-131,ILO-WHO International Chemical Safety Cards (ICSCs),low,68.8,"PAC Chemical Database, U.S. Department of Energy",low,-20,60
QTBSBXVTEAMEQO-UHFFFAOYSA-N,acetic acid,176,blocked,mp_above_T_low,,mp_C;bp_C,16.635,Hazardous Substances Data Bank (HSDB),high,117.9,Hazardous Substances Data Bank (HSDB),high,-20,60
QWTDNUCVQCZILF-UHFFFAOYSA-N,2-Methylbutane,6556,blocked,bp_below_T_high,,mp_C;bp_C,-159.8,Hazardous Substances Data Bank (HSDB),high,27.83,Hazardous Substances Data Bank (HSDB),medium,-20,60
QWVGKYWNOKOFNN-UHFFFAOYSA-N,o-Cresol,335,blocked,mp_above_T_low,,mp_C;bp_C,31,Hazardous Substances Data Bank (HSDB),high,191,Hazardous Substances Data Bank (HSDB),high,-20,60
RCJMVGJKROQDCB-UHFFFAOYSA-N,"2-Methyl-1,3-pentadiene",14238,unknown,,missing_mp;missing_bp,,,,absent,,,absent,-20,60
RDOXTESZEPMUJZ-UHFFFAOYSA-N,Methoxybenzene (Anisole),7519,pass,,,mp_C;bp_C,-37.3,Hazardous Substances Data Bank (HSDB),high,155.5,Hazardous Substances Data Bank (HSDB),high,-20,60
RFFFKMOABOFIDF-UHFFFAOYSA-N,pentanenitrile,8061,pass,,,mp_C;bp_C,-96.2,"PAC Chemical Database, U.S. Department of Energy",low,141.3,"PAC Chemical Database, U.S. Department of Energy",low,-20,60
RFFLAFLAYFXFSW-UHFFFAOYSA-N,o-Dichlorobenzene,7239,blocked,mp_above_T_low,,mp_C;bp_C,-16.7,Hazardous Substances Data Bank (HSDB),high,180.1,Hazardous Substances Data Bank (HSDB),medium,-20,60
RGSFGYAAUTVSQA-UHFFFAOYSA-N,Cyclopentane,9253,blocked,bp_below_T_high,,mp_C;bp_C,-93.4,Hazardous Substances Data Bank (HSDB),high,49.2,Hazardous Substances Data Bank (HSDB),high,-20,60
RJQQOKKINHMXIM-UHFFFAOYSA-N,triethanolamine lactate,159890,unknown,,missing_mp;missing_bp,,,,absent,,,absent,-20,60
RJUFJBKOKNCXHH-UHFFFAOYSA-N,methyl propionate,11124,pass,,,mp_C;bp_C,-87.5,Hazardous Substances Data Bank (HSDB),high,79.8,Hazardous Substances Data Bank (HSDB),high,-20,60
RLSSMJSEOOYNOY-UHFFFAOYSA-N,m-Cresol,342,blocked,mp_above_T_low,,mp_C;bp_C,12.2,Hazardous Substances Data Bank (HSDB),high,202.2,Hazardous Substances Data Bank (HSDB),high,-20,60
ROSDSFDQCJNGOL-UHFFFAOYSA-N,Dimethylamine,674,blocked,bp_below_T_high,,mp_C;bp_C,-93,Hazardous Substances Data Bank (HSDB),medium,7.3,Hazardous Substances Data Bank (HSDB),medium,-20,60
RRHGJUQNOFWUDK-UHFFFAOYSA-N,"2-Methyl-1,3-butadiene (Isoprene)",6557,blocked,bp_below_T_high,,mp_C;bp_C,-145.95,Hazardous Substances Data Bank (HSDB),medium,34.067,Hazardous Substances Data Bank (HSDB),high,-20,60
RTZKZFJDLAIYFH-UHFFFAOYSA-N,Ethyl ether,3283,blocked,bp_below_T_high,,mp_C;bp_C,-116.3,Hazardous Substances Data Bank (HSDB),high,34.6,Hazardous Substances Data Bank (HSDB),high,-20,60
RUOJZAUFBMNUDX-UHFFFAOYSA-N,propylene carbonate,7924,pass,,,mp_C;bp_C,-48.8,Hazardous Substances Data Bank (HSDB),high,241.6,Hazardous Substances Data Bank (HSDB),high,-20,60
RWNKSTSCBHKHTB-UHFFFAOYSA-N,"Hexachloro-1,3-butadiene",6901,pass,,,mp_C;bp_C,-21,Hazardous Substances Data Bank (HSDB),medium,215,Hazardous Substances Data Bank (HSDB),medium,-20,60
RYHBNJHYFVUHQT-UHFFFAOYSA-N,"1,4-dioxane",31275,blocked,mp_above_T_low,,mp_C;bp_C,11.75,Hazardous Substances Data Bank (HSDB),high,101.2,Hazardous Substances Data Bank (HSDB),high,-20,60
SBLRHMKNNHXPHG-UHFFFAOYSA-N,fluoroethylene carbonate,2769656,unknown,,missing_mp;missing_bp,,,,absent,,,absent,-20,60
SBZXBUIDTXKZTM-UHFFFAOYSA-N,"2,5,8-trioxanonane",8150,pass,,,mp_C;bp_C,-68,Hazardous Substances Data Bank (HSDB),high,162,Hazardous Substances Data Bank (HSDB),high,-20,60
SDJHPPZKZZWAKF-UHFFFAOYSA-N,"2,3-dimethyl-1,3-butadiene",10566,unknown,,missing_mp;missing_bp,,,,absent,,,absent,-20,60
SECXISVLQFMRJM-UHFFFAOYSA-N,N-methylpyrrolidone,13387,pass,,,mp_C;bp_C,-25,Hazardous Substances Data Bank (HSDB),medium,202,Hazardous Substances Data Bank (HSDB),high,-20,60
SFPQFQUXAJOWNF-UHFFFAOYSA-N,m-Diiodobenzene,12270,unknown,,missing_mp;missing_bp,,,,absent,,,absent,-20,60
SHQSVMDWKBRBGB-UHFFFAOYSA-N,cyclobutanone,14496,unknown,,missing_mp;missing_bp,,,,absent,,,absent,-20,60
SIXHYMZEOJSYQH-UHFFFAOYSA-M,1-butyl-3-methylimidazolium thiocyanate,11424151,unknown,,missing_mp;missing_bp,,,,absent,,,absent,-20,60
SNHMUERNLJLMHN-UHFFFAOYSA-N,Iodobenzene,11575,pass,,,mp_C;bp_C,-31.3,Hazardous Substances Data Bank (HSDB),medium,188.4,Hazardous Substances Data Bank (HSDB),high,-20,60
SNRUBQQJIBEYMU-UHFFFAOYSA-N,dodecane,8182,blocked,mp_above_T_low,,mp_C;bp_C,-9.55,Hazardous Substances Data Bank (HSDB),high,216.3,Hazardous Substances Data Bank (HSDB),high,-20,60
SPEUIVXLLWOEMJ-UHFFFAOYSA-N,"1,1-Dimethoxyethane",10795,pass,,,mp_C;bp_C,-113.2,Hazardous Substances Data Bank (HSDB),high,64.5,Hazardous Substances Data Bank (HSDB),high,-20,60
SQYNKIJPMDEDEG-UHFFFAOYSA-N,Paraldehyde,31264,blocked,mp_above_T_low,,mp_C;bp_C,12.6,Hazardous Substances Data Bank (HSDB),high,124.5,Hazardous Substances Data Bank (HSDB),medium,-20,60
STCBHSHARMAIOM-UHFFFAOYSA-N,1-methylimidazolium chloride,12196634,unknown,,missing_mp;missing_bp,,,,absent,,,absent,-20,60
SVONRAPFKPVNKG-UHFFFAOYSA-N,"beta-Ethoxyethyl acetate (""Cellosolve"" acetate)",8095,pass,,,mp_C;bp_C,-61.7,Hazardous Substances Data Bank (HSDB),high,156.4,Hazardous Substances Data Bank (HSDB),high,-20,60
SVTBMSDMJJWYQN-UHFFFAOYSA-N,"2-Methyl-2,4-pentanediol",7870,pass,,,mp_C;bp_C,-50,Hazardous Substances Data Bank (HSDB),high,198,Hazardous Substances Data Bank (HSDB),high,-20,60
SWXVUIWOUIDPGS-UHFFFAOYSA-N,4-Hydroxy-4-methyl-2-pentanone (Diacetone alcohol),31256,pass,,,mp_C;bp_C,-44,Hazardous Substances Data Bank (HSDB),medium,167.9,Hazardous Substances Data Bank (HSDB),medium,-20,60
SZKKNEOUHLFYNA-UHFFFAOYSA-N,undecanenitrile,16722,unknown,,missing_mp;missing_bp,,,,absent,,,absent,-20,60
TVMXDCGIABBOFY-UHFFFAOYSA-N,octane,356,pass,,,mp_C;bp_C,-56.73,Hazardous Substances Data Bank (HSDB),high,125.62,Hazardous Substances Data Bank (HSDB),high,-20,60
UAEPNZWRGJTJPN-UHFFFAOYSA-N,methylcyclohexane,7962,pass,,,mp_C;bp_C,-126.6,Hazardous Substances Data Bank (HSDB),high,100.9,Hazardous Substances Data Bank (HSDB),high,-20,60
UAGJVSRUFNSIHR-UHFFFAOYSA-N,methyl levulinate,69354,unknown,,missing_mp,bp_C,,,absent,196,Human Metabolome Database (HMDB),low,-20,60
UCCKRVYTJPMHRO-UHFFFAOYSA-N,"1-butyl-2,3-dimethyl-1H-imidazolium bis(trifluoromethylsulfonyl)amide",11212667,unknown,,missing_mp;missing_bp,,,,absent,,,absent,-20,60
UEEJHVSXFDXPFK-UHFFFAOYSA-N,"2-(N,N-dimethylamino)ethanol",7902,pass,,,mp_C;bp_C,-65,Hazardous Substances Data Bank (HSDB),medium,134.1,Hazardous Substances Data Bank (HSDB),high,-20,60
UHOVQNZJYSORNB-UHFFFAOYSA-N,Benzene,241,blocked,mp_above_T_low,,mp_C;bp_C,5.558,Hazardous Substances Data Bank (HSDB),high,80.08,Hazardous Substances Data Bank (HSDB),high,-20,60
UJBOOUHRTQVGRU-UHFFFAOYSA-N,3-Methylcyclohexanone,11567,pass,,,mp_C;bp_C,-73.5,Human Metabolome Database (HMDB),low,170,Joint FAO/WHO Expert Committee on Food Additives (JECFA),low,-20,60
UJPMYEOUBPIPHQ-UHFFFAOYSA-N,"1,1,1-trifluoroethane",9868,blocked,bp_below_T_high,,mp_C;bp_C,-111.8,Hazardous Substances Data Bank (HSDB),medium,-47.2,Hazardous Substances Data Bank (HSDB),medium,-20,60
UODQEMVTULZGKO-UHFFFAOYSA-N,"1-pentyl-1-methylpyrrolidinium 1,1,1-trifluoro-N-[(trifluoromethyl)sulfonyl]methanesulfonamide",121234256,unknown,,missing_mp;missing_bp,,,,absent,,,absent,-20,60
UPCXAARSWVHVLY-UHFFFAOYSA-N,triethanolammonium acetate,159752,unknown,,missing_mp;missing_bp,,,,absent,,,absent,-20,60
UQEAIHBTYFGYIE-UHFFFAOYSA-N,Hexamethyldisiloxane,24764,pass,,,mp_C;bp_C,-66,Hazardous Substances Data Bank (HSDB),medium,99,Hazardous Substances Data Bank (HSDB),high,-20,60
UUIQMZJEGPQKFD-UHFFFAOYSA-N,methyl butyrate,12180,pass,,,mp_C;bp_C,-85.8,Hazardous Substances Data Bank (HSDB),medium,102.8,Hazardous Substances Data Bank (HSDB),high,-20,60
UWHCKJMYHZGTIT-UHFFFAOYSA-N,tetraethylene glycol,8200,blocked,mp_above_T_low,,mp_C;bp_C,-9.4,Hazardous Substances Data Bank (HSDB),medium,327.3,Hazardous Substances Data Bank (HSDB),high,-20,60
VASPYXGQVWPGAB-UHFFFAOYSA-M,1-ethyl-3-methylimidazolium thiocyanate,16211115,unknown,,missing_mp;missing_bp,,,,absent,,,absent,-20,60
VAYTZRYEBVHVLE-UHFFFAOYSA-N,vinylene carbonate,13385,unknown,,missing_mp;missing_bp,,,,absent,,,absent,-20,60
VCAIYEJBOWHUGP-UHFFFAOYSA-N,"1-butyl-2,3-dimethylimidazolium tetrafluoroborate",2734244,unknown,,missing_mp;missing_bp,,,,absent,,,absent,-20,60
VFTFKUDGYRBSAL-UHFFFAOYSA-N,"1,4,7,10,13-pentaoxacyclopentadecane",36336,unknown,,missing_mp;missing_bp,,,,absent,,,absent,-20,60
VFWCMGCRMGJXDK-UHFFFAOYSA-N,1-chlorobutane,8005,pass,,,mp_C;bp_C,-123.1,Hazardous Substances Data Bank (HSDB),high,78.5,Hazardous Substances Data Bank (HSDB),high,-20,60
VGVHNLRUAMRIEW-UHFFFAOYSA-N,4-Methylcyclohexanone,11525,pass,,,mp_C;bp_C,-40.6,Human Metabolome Database (HMDB),low,171,Human Metabolome Database (HMDB),low,-20,60
VLKZOEOYAKHREP-UHFFFAOYSA-N,n-Hexane,8058,pass,,,mp_C;bp_C,-95.35,Hazardous Substances Data Bank (HSDB),medium,68.73,Hazardous Substances Data Bank (HSDB),high,-20,60
VQKFNUFAXTZWDK-UHFFFAOYSA-N,2-methylfuran,10797,pass,,,mp_C;bp_C,-88.7,"PAC Chemical Database, U.S. Department of Energy",low,64,Joint FAO/WHO Expert Committee on Food Additives (JECFA),low,-20,60
VRFOKYHDLYBVAL-UHFFFAOYSA-M,1-ethyl-3-methylimidazolium ethyl sulfate,12095229,unknown,,missing_mp;missing_bp,,,,absent,,,absent,-20,60
VVLAIYIMMFWRFW-UHFFFAOYSA-N,2-hydroxyethylammonium acetate,108573,unknown,,missing_mp;missing_bp,,,,absent,,,absent,-20,60
VZGDMQKNWNREIO-UHFFFAOYSA-N,tetrachloromethane,5943,pass,,,mp_C;bp_C,-22.2,Hazardous Substances Data Bank (HSDB),medium,76.7,Hazardous Substances Data Bank (HSDB),high,-20,60
WEHWNAOGRSTTBQ-UHFFFAOYSA-N,dipropylamine,8902,pass,,,mp_C;bp_C,-63,Hazardous Substances Data Bank (HSDB),medium,109.3,Hazardous Substances Data Bank (HSDB),high,-20,60
WERYXYBDKMZEQL-UHFFFAOYSA-N,"1,4-Butanediol",8064,blocked,mp_above_T_low,,mp_C;bp_C,20.43,Hazardous Substances Data Bank (HSDB),medium,229.5,Hazardous Substances Data Bank (HSDB),high,-20,60
WEVYAHXRMPXWCK-UHFFFAOYSA-N,Acetonitrile,6342,pass,,,mp_C;bp_C,-44,Hazardous Substances Data Bank (HSDB),medium,81.6,Hazardous Substances Data Bank (HSDB),high,-20,60
WFCLYEAZTHWNEH-UHFFFAOYSA-N,Ethyl thiocyanate,10968,pass,,,mp_C;bp_C,-85.5,Hazardous Substances Data Bank (HSDB),high,146,Hazardous Substances Data Bank (HSDB),high,-20,60
WNXJIVFYUVYPPR-UHFFFAOYSA-N,"1,3-dioxolane",12586,pass,,,mp_C;bp_C,-95,Hazardous Substances Data Bank (HSDB),medium,78,Hazardous Substances Data Bank (HSDB),high,-20,60
WQAQPCDUOCURKW-UHFFFAOYSA-N,1-Butanethiol,8012,pass,,,mp_C;bp_C,-115.9,Hazardous Substances Data Bank (HSDB),medium,97.8,Hazardous Substances Data Bank (HSDB),medium,-20,60
WQONPSCCEXUXTQ-UHFFFAOYSA-N,o-Dibromobenzene,11414,unknown,,missing_mp;missing_bp,,,,absent,,,absent,-20,60
WRWPPGUCZBJXKX-UHFFFAOYSA-N,p-Fluorotoluene,9603,pass,,,mp_C;bp_C,-56.7778,CAMEO Chemicals,low,116.6111,CAMEO Chemicals,low,-20,60
WSLDOOZREJYCGB-UHFFFAOYSA-N,"1,2-dichloroethane",11,pass,,,mp_C;bp_C,-35.6,Hazardous Substances Data Bank (HSDB),high,83.4,Hazardous Substances Data Bank (HSDB),high,-20,60
WVDDGKGOMKODPV-UHFFFAOYSA-N,Benzyl alcohol,244,blocked,mp_above_T_low,,mp_C;bp_C,-15.2,Hazardous Substances Data Bank (HSDB),high,205.3,Hazardous Substances Data Bank (HSDB),high,-20,60
WVLBCYQITXONBZ-UHFFFAOYSA-N,trimethyl phosphate,10541,pass,,,mp_C;bp_C,-46,Hazardous Substances Data Bank (HSDB),high,197.2,Hazardous Substances Data Bank (HSDB),high,-20,60
WYJOVVXUZNRJQY-UHFFFAOYSA-N,2-acetylthiophene,6920,blocked,mp_above_T_low,,mp_C;bp_C,9,Human Metabolome Database (HMDB),low,213,Human Metabolome Database (HMDB),low,-20,60
WYURNTSHIVDZCO-UHFFFAOYSA-N,tetrahydrofuran,8028,pass,,,mp_C;bp_C,-108.44,Hazardous Substances Data Bank (HSDB),high,65,Hazardous Substances Data Bank (HSDB),high,-20,60
WZJDNKTZWIOOJE-UHFFFAOYSA-M,1-butyl-1-methylpyrrolidinium trifluoromethanesulfonate,12195864,unknown,,missing_mp;missing_bp,,,,absent,,,absent,-20,60
WZLFPVPRZGTCKP-UHFFFAOYSA-N,"1,1,1,3,3-pentafluorobutane",67884,unknown,,missing_mp;missing_bp,,,,absent,,,absent,-20,60
XCIXKGXIYUWCLL-UHFFFAOYSA-N,Cyclopentanol,7298,blocked,mp_above_T_low,,mp_C;bp_C,-19,Hazardous Substances Data Bank (HSDB),medium,140.4,Hazardous Substances Data Bank (HSDB),medium,-20,60
XDJYSDBSJWNTQT-UHFFFAOYSA-N,"1-ethyl-2,3-dimethylimidazolium bis[(trifluoromethyl)sulfonyl]imide",21932259,unknown,,missing_mp;missing_bp,,,,absent,,,absent,-20,60
XDTMQSROBMDMFD-UHFFFAOYSA-N,cyclohexane,8078,blocked,mp_above_T_low,,mp_C;bp_C,6.47,Hazardous Substances Data Bank (HSDB),high,80.7,Hazardous Substances Data Bank (HSDB),high,-20,60
XEKOWRVHYACXOJ-UHFFFAOYSA-N,Ethyl acetate,8857,pass,,,mp_C;bp_C,-83.8,Hazardous Substances Data Bank (HSDB),medium,70.4,Hazardous Substances Data Bank (HSDB),medium,-20,60
XIYUIMLQTKODPS-UHFFFAOYSA-M,1-ethyl-3-methylimidazolium acetate,11658353,unknown,,missing_mp;missing_bp,,,,absent,,,absent,-20,60
XLYOFNOQVPJJNP-UHFFFAOYSA-N,water,962,blocked,mp_above_T_low,,mp_C;bp_C,0,Hazardous Substances Data Bank (HSDB),high,99.974,Hazardous Substances Data Bank (HSDB),high,-20,60
XNLICIUVMPYHGG-UHFFFAOYSA-N,2-Pentanone,7895,pass,,,mp_C;bp_C,-76.8,Hazardous Substances Data Bank (HSDB),high,102.26,Hazardous Substances Data Bank (HSDB),medium,-20,60
XNWFRZJHXBZDAG-UHFFFAOYSA-N,2-Methoxyethanol,8019,pass,,,mp_C;bp_C,-85.1,Hazardous Substances Data Bank (HSDB),high,124.1,Hazardous Substances Data Bank (HSDB),high,-20,60
XQQZRZQVBFHBHL-UHFFFAOYSA-N,"1,4,7,10-tetraoxacyclododecane",9269,unknown,,missing_mp;missing_bp,,,,absent,,,absent,-20,60
XREPTGNZZKNFQZ-UHFFFAOYSA-M,1-butyl-3-methylimidazolium iodide,11448496,unknown,,missing_mp;missing_bp,,,,absent,,,absent,-20,60
XTHFKEDIFFGKHM-UHFFFAOYSA-N,"1,2-dimethoxyethane",8071,pass,,,mp_C;bp_C,-58,Hazardous Substances Data Bank (HSDB),medium,83,Hazardous Substances Data Bank (HSDB),high,-20,60
YEJRWHAVMIAJKC-UHFFFAOYSA-N,.gamma.-butyrolactone,7302,pass,,,mp_C;bp_C,-43.53,Hazardous Substances Data Bank (HSDB),high,204,Hazardous Substances Data Bank (HSDB),high,-20,60
YEYKMVJDLWJFOA-UHFFFAOYSA-N,2-propoxyethanol,17756,pass,,,mp_C;bp_C,-90,ILO-WHO International Chemical Safety Cards (ICSCs),low,152,Hazardous Substances Data Bank (HSDB),medium,-20,60
YFMFNYKEUDLDTL-UHFFFAOYSA-N,"1,1,1,2,3,3,3-heptafluoropropane",67940,blocked,bp_below_T_high,,mp_C;bp_C,-126.8,Hazardous Substances Data Bank (HSDB),medium,-16.34,Hazardous Substances Data Bank (HSDB),medium,-20,60
YFNKIDBQEZZDLK-UHFFFAOYSA-N,"2,5,8,11-tetraoxadodecane",8189,pass,,,mp_C;bp_C,-45,CAMEO Chemicals,low,216,"PAC Chemical Database, U.S. Department of Energy",low,-20,60
YHRUOJUYPBUZOS-UHFFFAOYSA-N,"1,3-dichloropropane",8881,pass,,,mp_C;bp_C,-99.5,Hazardous Substances Data Bank (HSDB),high,120.4,Hazardous Substances Data Bank (HSDB),high,-20,60
YIWUKEYIRIRTPP-UHFFFAOYSA-N,2-ethyl-1-hexanol,7720,pass,,,mp_C;bp_C,-70,Hazardous Substances Data Bank (HSDB),medium,184.34,Hazardous Substances Data Bank (HSDB),medium,-20,60
YLQBMQCUIZJEEH-UHFFFAOYSA-N,Furan,8029,blocked,bp_below_T_high,,mp_C;bp_C,-85.61,Hazardous Substances Data Bank (HSDB),high,31.5,Hazardous Substances Data Bank (HSDB),high,-20,60
YMWUJEATGCHHMB-UHFFFAOYSA-N,dichloromethane,6344,blocked,bp_below_T_high,,mp_C;bp_C,-95,Hazardous Substances Data Bank (HSDB),medium,39.75,Hazardous Substances Data Bank (HSDB),high,-20,60
YNAVUWVOSKDBBP-UHFFFAOYSA-N,Morpholine,8083,blocked,mp_above_T_low,,mp_C;bp_C,111,Hazardous Substances Data Bank (HSDB),medium,128,Hazardous Substances Data Bank (HSDB),high,-20,60
YPFDHNVEDLHUCE-UHFFFAOYSA-N,"1,3-Propanediol",10442,unknown,,missing_mp,bp_C,,,absent,212,Hazardous Substances Data Bank (HSDB),medium,-20,60
YPWSSSRXUOQNMQ-UHFFFAOYSA-N,1-hexyl-3-methylimidazolium hexafluorophosphate,2734175,unknown,,missing_mp;missing_bp,,,,absent,,,absent,-20,60
YSIMAPNUZAVQER-UHFFFAOYSA-N,octanenitrile,31286,pass,,,mp_C;bp_C,-45.6,"PAC Chemical Database, U.S. Department of Energy",low,205.2,"PAC Chemical Database, U.S. Department of Energy",low,-20,60
YWAKXRMUMFPDSH-UHFFFAOYSA-N,1-Pentene,8004,blocked,bp_below_T_high,,mp_C;bp_C,-165.2,Hazardous Substances Data Bank (HSDB),high,29.9,Hazardous Substances Data Bank (HSDB),high,-20,60
YXFVVABEGXRONW-UHFFFAOYSA-N,toluene,1140,pass,,,mp_C;bp_C,-94.9,Hazardous Substances Data Bank (HSDB),high,110.6,Hazardous Substances Data Bank (HSDB),high,-20,60
ZAFNJMIOTHYJRJ-UHFFFAOYSA-N,Isopropyl ether,7914,pass,,,mp_C;bp_C,-86.8,Hazardous Substances Data Bank (HSDB),medium,68.5,Hazardous Substances Data Bank (HSDB),high,-20,60
ZBCBWPMODOFKDW-UHFFFAOYSA-N,diethanolamine,8113,blocked,mp_above_T_low,,mp_C;bp_C,27.9,Hazardous Substances Data Bank (HSDB),high,217,Hazardous Substances Data Bank (HSDB),medium,-20,60
ZGEGCLOFRBLKSE-UHFFFAOYSA-N,1-heptene,11610,pass,,,mp_C;bp_C,-119.7,Hazardous Substances Data Bank (HSDB),medium,93.6,Hazardous Substances Data Bank (HSDB),high,-20,60
ZHNUHDYFZUAESO-UHFFFAOYSA-N,formamide,713,blocked,mp_above_T_low,,mp_C;bp_C,2.55,Hazardous Substances Data Bank (HSDB),high,210.5,Hazardous Substances Data Bank (HSDB),medium,-20,60
ZIBGPFATKBEMQZ-UHFFFAOYSA-N,triethylene glycol,8172,blocked,mp_above_T_low,,mp_C;bp_C,-7,Hazardous Substances Data Bank (HSDB),medium,285,Hazardous Substances Data Bank (HSDB),high,-20,60
ZMANZCXQSJIPKH-UHFFFAOYSA-N,Triethylamine,8471,pass,,,mp_C;bp_C,-114.7,Hazardous Substances Data Bank (HSDB),high,88.8,Hazardous Substances Data Bank (HSDB),high,-20,60
ZMXDDKWLCZADIW-UHFFFAOYSA-N,dimethylformamide,6228,pass,,,mp_C;bp_C,-60.3,Hazardous Substances Data Bank (HSDB),high,76,Hazardous Substances Data Bank (HSDB),medium,-20,60
ZNQVEEAIQZEUHB-UHFFFAOYSA-N,2-ethoxyethan-1-ol,8076,pass,,,mp_C;bp_C,-70,Hazardous Substances Data Bank (HSDB),medium,135.7,Hazardous Substances Data Bank (HSDB),high,-20,60
ZNSMNVMLTJELDZ-UHFFFAOYSA-N,"2,2'-dichlorodiethyl ether",8115,pass,,,mp_C;bp_C,-51.9,Hazardous Substances Data Bank (HSDB),high,178.5,Hazardous Substances Data Bank (HSDB),high,-20,60
ZPQOPVIELGIULI-UHFFFAOYSA-N,m-Dichlorobenzene,10943,pass,,,mp_C;bp_C,-24.8,Hazardous Substances Data Bank (HSDB),high,173,Hazardous Substances Data Bank (HSDB),high,-20,60
ZPTRYWVRCNOTAS-UHFFFAOYSA-M,1-ethyl-3-methylimidazolium trifluoromethanesulfonate,2758874,unknown,,missing_mp;missing_bp,,,,absent,,,absent,-20,60
ZQDPJFUHLCOCRG-AATRIKPKSA-N,trans-3-Hexene,638066,unknown,,missing_mp;missing_bp,,,,absent,,,absent,-20,60
ZQDPJFUHLCOCRG-WAYWQWQTSA-N,cis-3-Hexene,643783,unknown,,missing_mp;missing_bp,,,,absent,,,absent,-20,60
ZRKMQKLGEQPLNS-UHFFFAOYSA-N,1-Pentanethiol,8067,pass,,,mp_C;bp_C,-75.69,Hazardous Substances Data Bank (HSDB),high,124,Hazardous Substances Data Bank (HSDB),medium,-20,60
ZSIAUFGUXNUGDI-UHFFFAOYSA-N,hexan-1-ol,8103,pass,,,mp_C;bp_C,-44.6,Hazardous Substances Data Bank (HSDB),medium,157,Hazardous Substances Data Bank (HSDB),high,-20,60
ZTOMUSMDRMJOTH-UHFFFAOYSA-N,pentanedinitrile,10994,unknown,,missing_mp;missing_bp,,,,absent,,,absent,-20,60
ZUHZGEOKBKGPSW-UHFFFAOYSA-N,"2,5,8,11,14-pentaoxapentadecane",8925,unknown,,missing_mp;missing_bp,,,,absent,,,absent,-20,60
ZWEHNKRNPOVVGH-UHFFFAOYSA-N,2-Butanone,6569,pass,,,mp_C;bp_C,-86.67,Hazardous Substances Data Bank (HSDB),high,79.59,Hazardous Substances Data Bank (HSDB),high,-20,60
ZXEKIIBDNHEJCQ-UHFFFAOYSA-N,2-methyl-1-propanol,6560,pass,,,mp_C;bp_C,-108,Hazardous Substances Data Bank (HSDB),medium,108,Hazardous Substances Data Bank (HSDB),high,-20,60
