source_id,inchikey,compound_name,formula,T_K,temperature_c,dielectric_observed,alpha_1e5,alpha_kind,valid_range_C,range_low_c,range_high_c,target_in_valid_range,correctability,implied_dielectric_slope,implied_slope_is_physical,dielectric_at_298_15,delta_epsilon,relative_delta_epsilon,in_frozen_v03
nbs514:p13:002,VZGDMQKNWNREIO-UHFFFAOYSA-N,Carbon tetrachloride,CCl4,293.15,20,2.238,200,a,"-10,60",-10,60,true,range_covers_target,-0.002,true,2.228,-0.01,-0.00446827524576,false
nbs514:p13:003,NYTOUQBROMCLBJ-UHFFFAOYSA-N,Tetranitromethane,CN4O8,298.15,25,2.521,,,,,,,no_coefficient,,,,,,false
nbs514:p13:004,QGJOPFRUJISHPQ-UHFFFAOYSA-N,Carbon disulfide,CS2,293.15,20,2.641,268,a,"-90,130",-90,130,true,range_covers_target,-0.00268,true,2.6276,-0.0134,-0.00507383566831,true
nbs514:p13:005,DIKBFYAXUHHXCS-UHFFFAOYSA-N,Bromoform,CHBr3,293.15,20,4.39,105,alpha,"10,70",10,70,true,range_covers_target,-0.0106137659862,true,4.33725064462,-0.0527493553781,-0.0120157984916,false
nbs514:p13:006,HEDRZPFGACZZDS-UHFFFAOYSA-N,Chloroform,CHCl3,293.15,20,4.806,160,alpha,"0,50",0,50,true,range_covers_target,-0.0177059583311,true,4.71828061415,-0.087719385846,-0.01825205698,false
nbs514:p13:007,LELOWRISYMNNSU-UHFFFAOYSA-N,Hydrocyanic acid,CHN,293.15,20,114.9,630,alpha,"18,26",18,26,true,range_covers_target,-1.66677227127,true,106.861195545,-8.03880445477,-0.069963485246,false
nbs514:p13:008,YMWUJEATGCHHMB-UHFFFAOYSA-N,Dichloromethane,CH2Cl2,293.15,20,9.08,,,"-80,25",-80,25,true,no_coefficient,,,,,,false
nbs514:p13:009,NZZFYRREKKOMAT-UHFFFAOYSA-N,Diiodomethane,CH2I2,298.15,25,5.32,,,,,,,no_coefficient,,,,,,false
nbs514:p13:011,INQOMBQAUSQDDS-UHFFFAOYSA-N,Iodomethane,CH3I,293.15,20,7,,,"-70,40",-70,40,true,no_coefficient,,,,,,false
nbs514:p13:013,LYGJENNIWJXYER-UHFFFAOYSA-N,Nitromethane,CH3NO2,303.15,30,35.87,189,alpha,"12,92",12,92,true,range_covers_target,-0.15610214457,true,36.659064385,0.789064385003,0.0219978919711,false
nbs514:p14:002,CTSLXHKWHWQRSH-UHFFFAOYSA-N,Oxalyl chloride,C2Cl2O2,294.15,21,3.47,,,,,,,no_coefficient,,,,,,false
nbs514:p14:003,CYTYCFOTNPOANT-UHFFFAOYSA-N,Tetrachloroethylene,C2Cl4,298.15,25,2.3,200,a,"25,90",25,90,true,already_at_target,-0.002,true,2.3,0,0,true
nbs514:p14:008,BNIXVQGCZULYKV-UHFFFAOYSA-N,Pentachloroethane,C2HCl5,293.15,20,3.73,,,,,,,no_coefficient,,,,,,false
nbs514:p14:009,DTQVDTLACAAQTR-UHFFFAOYSA-N,Trifluoroacetic acid,C2HF3O2,293.15,20,39.5,-50000,a,"0,28",0,28,true,range_covers_target,0.5,false,42,2.5,0.0632911392405,true
nbs514:p14:014,LSTRKXWIZZZYAS-UHFFFAOYSA-N,Bromoacetyl bromide,C2H2Br2O,293.15,20,12.45,,,,,,,no_coefficient,,,,,,false
nbs514:p14:017,KFUSEUYYWQURPO-UPHRSURJSA-N,"cis-1,2-Dichloroethylene",C2H2Cl2,298.15,25,9.2,,,,,,,no_coefficient,,,,,,true
nbs514:p14:018,KFUSEUYYWQURPO-OWOJBTEDSA-N,"trans-1,2-Dichloroethylene",C2H2Cl2,298.15,25,2.14,,,,,,,no_coefficient,,,,,,true
nbs514:p14:020,QPFMBZIOSGYJDE-UHFFFAOYSA-N,"1,1,2,2-Tetrachloroethane",C2H2Cl4,293.15,20,8.2,,,,,,,no_coefficient,,,,,,false
nbs514:p14:021,FXXACINHVKSMDR-UHFFFAOYSA-N,Acetyl bromide,C2H3BrO,293.15,20,16.2,,,,,,,no_coefficient,,,,,,false
nbs514:p15:001,WETWJCDKMRHUPV-UHFFFAOYSA-N,Acetyl chloride,C2H3ClO,295.15,22,15.8,,,,,,,no_coefficient,,,,,,false
nbs514:p15:003,WEVYAHXRMPXWCK-UHFFFAOYSA-N,Acetonitrile,C2H3N,293.15,20,37.5,16000,a,"15,25",15,25,true,range_covers_target,-0.16,true,36.7,-0.8,-0.0213333333333,true
nbs514:p15:006,IBYHHJPAARCAIE-UHFFFAOYSA-N,1-Bromo-2-chloroethane,C2H4BrCl,293.15,20,7.14,140,alpha,"10,90",10,90,true,range_covers_target,-0.0230166405896,true,7.02583929513,-0.114160704866,-0.0159888942389,false
nbs514:p15:007,PAAZPARNPHGIKF-UHFFFAOYSA-N,"1,2-Dibromoethane",C2H4Br2,298.15,25,4.78,600,a,"10,55",10,55,true,already_at_target,-0.006,true,4.78,0,0,false
nbs514:p15:010,WSLDOOZREJYCGB-UHFFFAOYSA-N,"1,2-Dichloroethane",C2H4Cl2,298.15,25,10.36,,,,,,,no_coefficient,,,,,,false
nbs514:p15:012,UQXKXGWGFRWILX-UHFFFAOYSA-N,Ethylene nitrate,C2H4N2O6,293.15,20,28.3,,,,,,,no_coefficient,,,,,,false
nbs514:p15:013,IKHGUXGNUITLKF-UHFFFAOYSA-N,Acetaldehyde,C2H4O,294.15,21,21.1,,,,,,,no_coefficient,,,,,,false
nbs514:p15:014,DUYAAUVXQSMXQP-UHFFFAOYSA-N,Ethanethiolic acid (Thioacetic acid),C2H4OS,293.15,20,13.4,,,,,,,no_coefficient,,,,,,false
nbs514:p15:017,RDHPKYGYEGBMSE-UHFFFAOYSA-N,Bromoethane,C2H5Br,293.15,20,9.39,196,alpha,"-30,30",-30,30,true,range_covers_target,-0.0423776970855,true,9.1804843007,-0.209515699296,-0.0223126410326,false
nbs514:p15:018,SZIFAVKTNFCBPC-UHFFFAOYSA-N,2-Chloroethanol (Ethylene chlorohydrin),C2H5ClO,298.15,25,25.8,,,,,,,no_coefficient,,,,,,false
nbs514:p16:001,HVTICUPFWKNHNG-UHFFFAOYSA-N,Iodoethane,C2H5I,293.15,20,7.82,150,alpha,"-20,70",-20,70,true,range_covers_target,-0.0270093231408,true,7.68611278686,-0.13388721314,-0.017121127,false
nbs514:p16:003,MCSAJNNLRCFZED-UHFFFAOYSA-N,Nitroethane,C2H5NO2,303.15,30,28.04,11400,a,"30,35",30,35,false,range_excludes_target,-0.114,true,28.61,0.57,0.0203281027104,false
nbs514:p16:004,IDNUEBSJWINEMI-UHFFFAOYSA-N,Ethyl nitrate,C2H5NO3,293.15,20,19.4,9000,a,"0,50",0,50,true,range_covers_target,-0.09,true,18.95,-0.45,-0.0231958762887,false
nbs514:p16:008,LCGLNKUTAGEVQW-UHFFFAOYSA-N,Methyl ether,C2H6O,298.15,25,5.02,2380,a,"25,100",25,100,true,already_at_target,-0.0238,true,5.02,0,0,true
nbs514:p16:018,ROSDSFDQCJNGOL-UHFFFAOYSA-N,Dimethylamine,C2H7N,298.15,25,5.26,,,,,,,no_coefficient,,,,,,true
nbs514:p16:019,PIICEJLVQHRZGT-UHFFFAOYSA-N,"1,2-Ethanediamine",C2H8N2,293.15,20,14.2,10000,a,"10,27",10,27,true,range_covers_target,-0.1,true,13.7,-0.5,-0.0352112676056,true
nbs514:p17:001,CSVFWMMPUJDVKH-UHFFFAOYSA-N,"1,1-Dichloro-2-propanone",C3H4Cl2O,293.15,20,14.68,,,,,,,no_coefficient,,,,,,false
nbs514:p17:003,MONMFXREYOKQTI-UHFFFAOYSA-N,alpha-Bromopropionic acid,C3H5BrO2,294.15,21,11,,,,,,,no_coefficient,,,,,,false
nbs514:p17:004,FHCLGDLYRUPKAM-UHFFFAOYSA-N,"1,2,3-Tribromopropane",C3H5Br3,293.15,20,6.45,,,,,,,no_coefficient,,,,,,false
nbs514:p17:006,SUAJWTBTMNHVBZ-UHFFFAOYSA-N,"3-Chloro-1,2-propanediol dinitrate",C3H5ClN2O6,293.15,20,17.5,,,,,,,no_coefficient,,,,,,false
nbs514:p17:008,BRLQWZUYTZBJKN-UHFFFAOYSA-N,"3-Chloro-1,2-epoxypropane (Epichlorohydrin)",C3H5ClO,295.15,22,22.6,,,,,,,no_coefficient,,,,,,false
nbs514:p17:009,RIFGWPKJUGCATF-UHFFFAOYSA-N,Ethyl chloroformate,C3H5ClO2,293.15,20,11,,,,,,,no_coefficient,,,,,,false
nbs514:p17:010,QABLOFMHHSOFRJ-UHFFFAOYSA-N,Methyl chloroacetate,C3H5ClO2,294.15,21,12.9,,,,,,,no_coefficient,,,,,,false
nbs514:p17:014,FVSKHRXBFJPNKK-UHFFFAOYSA-N,Propionitrile,C3H5N,293.15,20,27.2,,,,,,,no_coefficient,,,,,,true
nbs514:p17:016,WFCLYEAZTHWNEH-UHFFFAOYSA-N,Ethyl thiocyanate,C3H5NS,294.15,21,29.3,,,,,,,no_coefficient,,,,,,true
nbs514:p17:017,HBNYJWAFDZLWRS-UHFFFAOYSA-N,Ethyl isothiocyanate,C3H5NS,294.15,21,19.5,,,,,,,no_coefficient,,,,,,true
nbs514:p17:018,SNIOPGDIGTZGOP-UHFFFAOYSA-N,"1,2,3-Propanetriol trinitrate (Nitroglycerin)",C3H5N3O9,293.15,20,19.3,,,,,,,no_coefficient,,,,,,false
nbs514:p17:019,QQONPFPTGQHPMA-UHFFFAOYSA-N,Propene,C3H6,293.15,20,1.875,,,,,,,no_coefficient,,,,,,true
nbs514:p18:001,KNKRKFALVUDBJE-UHFFFAOYSA-N,"1,2-Dichloropropane",C3H6Cl2,299.15,26,8.93,,,,,,,no_coefficient,,,,,,false
nbs514:p18:002,ZEOVXNVKXIPWMS-UHFFFAOYSA-N,"2,2-Dichloropropane",C3H6Cl2,293.15,20,10.19,247,alpha,"-33,20",-33,20,false,range_excludes_target,-0.0579544549811,true,9.90430906304,-0.285690936956,-0.0280364020566,false
nbs514:p18:003,PSXCGTLGGVDWFU-UHFFFAOYSA-N,"1,2-Propanediol dinitrate",C3H6N2O6,293.15,20,26.8,,,,,,,no_coefficient,,,,,,false
nbs514:p18:004,KOSAMXZBGUIISK-UHFFFAOYSA-N,"1,3-Propanediol dinitrate",C3H6N2O6,293.15,20,19,,,,,,,no_coefficient,,,,,,false
nbs514:p18:006,CSCPPACGZOOCGX-UHFFFAOYSA-N,Acetone,C3H6O,298.15,25,20.7,205,alpha,"-60,40",-60,40,true,already_at_target,-0.0977101984212,true,20.7,0,0,true
nbs514:p18:009,KXKVLQRXCPHEJC-UHFFFAOYSA-N,Methyl acetate,C3H6O2,298.15,25,6.68,2200,a,"25,40",25,40,true,already_at_target,-0.022,true,6.68,0,0,true
nbs514:p18:011,CYNYIHKIEHGYOZ-UHFFFAOYSA-N,1-Bromopropane,C3H7Br,298.15,25,8.09,3350,a,"1,55",1,55,true,already_at_target,-0.0335,true,8.09,0,0,false
nbs514:p18:012,NAMYKGVDVNBCFQ-UHFFFAOYSA-N,2-Bromopropane,C3H7Br,298.15,25,9.46,4400,a,"1,55",1,55,true,already_at_target,-0.044,true,9.46,0,0,false
nbs514:p18:015,PVWOIHVRPOBWPI-UHFFFAOYSA-N,1-Iodopropane,C3H7I,293.15,20,7,,,,,,,no_coefficient,,,,,,false
nbs514:p18:016,FMKOJHQHASLBPH-UHFFFAOYSA-N,2-Iodopropane,C3H7I,293.15,20,8.19,,,,,,,no_coefficient,,,,,,false
nbs514:p18:017,JSZOAYXJRCEYSX-UHFFFAOYSA-N,1-Nitropropane,C3H7NO2,303.15,30,23.24,10100,a,"30,35",30,35,false,range_excludes_target,-0.101,true,23.745,0.505,0.0217297762478,false
nbs514:p18:018,FGLBSLMDCBOPQK-UHFFFAOYSA-N,2-Nitropropane,C3H7NO2,303.15,30,25.52,10900,a,"30,35",30,35,false,range_excludes_target,-0.109,true,26.065,0.545,0.021355799373,false
nbs514:p19:002,YPFDHNVEDLHUCE-UHFFFAOYSA-N,"1,3-Propanediol",C3H8O2,293.15,20,35,230,alpha,at 20,20,20,false,range_excludes_target,-0.185358099986,true,34.0853724865,-0.914627513498,-0.0261322146714,true
nbs514:p19:003,XNWFRZJHXBZDAG-UHFFFAOYSA-N,2-Methoxyethanol,C3H8O2,303.15,30,16,,,,,,,no_coefficient,,,,,,true
nbs514:p19:008,GETQZCLCWQTVFV-UHFFFAOYSA-N,Trimethylamine,C3H9N,298.15,25,2.44,520,a,"0,25",0,25,true,already_at_target,-0.0052,true,2.44,0,0,true
nbs514:p19:009,RWNKSTSCBHKHTB-UHFFFAOYSA-N,"Hexachloro-1,3-butadiene",C4Cl6,298.15,25,2.55,,,,,,,no_coefficient,,,,,,true
nbs514:p19:010,YLQBMQCUIZJEEH-UHFFFAOYSA-N,Furan,C4H4O,298.15,25,2.95,,,,,,,no_coefficient,,,,,,true
nbs514:p19:014,NKKMVIVFRUYPLQ-NSCUHMNNSA-N,Crotononitrile (bp 108 C),C4H5N,293.15,20,36.1,,,,,,,no_coefficient,,,,,,true
nbs514:p19:017,ANGDWNBGPBMQHW-UHFFFAOYSA-N,Methyl cyanoacetate,C4H5NO2,293.15,20,28.8,,,,,,,no_coefficient,,,,,,false
nbs514:p19:019,IWYBVQLPTCMVFO-UHFFFAOYSA-N,Ethyl dichloroacetate,C4H6Cl2O2,295.15,22,10.3,,,,,,,no_coefficient,,,,,,false
nbs514:p19:020,QYKIQEUNHZKYBP-UHFFFAOYSA-N,Vinyl ether,C4H6O,293.15,20,3.94,,,,,,,no_coefficient,,,,,,false
nbs514:p19:021,WMYNMYVRWWCRPS-UHFFFAOYSA-N,Ethoxyacetylene,C4H6O,298.15,25,8.05,,,,,,,no_coefficient,,,,,,false
nbs514:p20:006,QQKDTTWZXHEGAQ-UHFFFAOYSA-N,Propyl chloroformate,C4H7ClO2,293.15,20,11.2,,,,,,,no_coefficient,,,,,,false
nbs514:p20:007,VEUUMBGHMNQHGO-UHFFFAOYSA-N,Ethyl chloroacetate,C4H7ClO2,294.15,21,11.4,,,,,,,no_coefficient,,,,,,false
nbs514:p20:008,KVNRLNFWIYMESJ-UHFFFAOYSA-N,Butyronitrile,C4H7N,294.15,21,20.3,,,,,,,no_coefficient,,,,,,false
nbs514:p20:009,LRDFRRGEGBBSRN-UHFFFAOYSA-N,Isobutyronitrile,C4H7N,297.15,24,20.4,,,,,,,no_coefficient,,,,,,false
nbs514:p20:010,BXXWFOGWXLJPPA-ZXZARUISSA-N,"meso-2,3-Dibromobutane",C4H8Br2,298.15,25,6.245,,,,,,,no_coefficient,,,,,,false
nbs514:p20:011,BXXWFOGWXLJPPA-UHFFFAOYSA-N,"dl-2,3-Dibromobutane",C4H8Br2,298.15,25,5.758,,,,,,,no_coefficient,,,,,,false
nbs514:p20:013,KJDRSWPQXHESDQ-UHFFFAOYSA-N,"1,4-Dichlorobutane",C4H8Cl2,298.15,25,8.9,3070,a,"1,55",1,55,true,already_at_target,-0.0307,true,8.9,0,0,false
nbs514:p20:014,OQPNDCHKFIHPBY-UHFFFAOYSA-N,"1,2-Dichloro-2-methylpropane",C4H8Cl2,293.15,20,7.22,,,,,,,no_coefficient,,,,,,false
nbs514:p20:015,ZNSMNVMLTJELDZ-UHFFFAOYSA-N,"beta,beta'-Dichlorodiethyl ether",C4H8Cl2O,293.15,20,21.2,,,,,,,no_coefficient,,,,,,false
nbs514:p20:018,ZWEHNKRNPOVVGH-UHFFFAOYSA-N,2-Butanone,C4H8O,293.15,20,18.51,207,alpha,"-60,60",-60,60,true,range_covers_target,-0.0882251596476,true,18.0740890941,-0.435910905929,-0.0235500219302,true
nbs514:p20:019,ZTQSAGDEMFDKMZ-UHFFFAOYSA-N,Butyraldehyde,C4H8O,299.15,26,13.4,,,,,,,no_coefficient,,,,,,false
nbs514:p20:020,FERIUCNNQQJTOY-UHFFFAOYSA-N,Butyric acid,C4H8O2,293.15,20,2.97,-230,a,"10,70",10,70,true,range_covers_target,0.0023,false,2.9815,0.0115,0.00387205387205,true
nbs514:p20:022,XEKOWRVHYACXOJ-UHFFFAOYSA-N,Ethyl acetate,C4H8O2,298.15,25,6.02,1500,a,at 25,25,25,true,already_at_target,-0.015,true,6.02,0,0,true
nbs514:p20:025,HXDLWJWIAHWIKI-UHFFFAOYSA-N,beta-Hydroxyethyl acetate (Glycol monoacetate),C4H8O3,303.15,30,13,,,,,,,no_coefficient,,,,,,true
nbs514:p21:001,MPPPKRYCTPRNTB-UHFFFAOYSA-N,1-Bromobutane,C4H9Br,293.15,20,7.07,150,alpha,"10,90",10,90,true,range_covers_target,-0.0244189149112,true,6.94895363211,-0.12104636789,-0.017121127,false
nbs514:p21:002,HLVFKOKELQSXIQ-UHFFFAOYSA-N,1-Bromo-2-methylpropane,C4H9Br,298.15,25,7.18,2800,a,"1,55",1,55,true,already_at_target,-0.028,true,7.18,0,0,false
nbs514:p21:003,UPSXAPQYNGXVBF-UHFFFAOYSA-N,2-Bromobutane,C4H9Br,298.15,25,8.64,3300,a,"1,55",1,55,true,already_at_target,-0.033,true,8.64,0,0,false
nbs514:p21:004,RKSOPLXZQNSWAS-UHFFFAOYSA-N,2-Bromo-2-methylpropane,C4H9Br,298.15,25,10.15,5200,a,"-15,55",-15,55,true,already_at_target,-0.052,true,10.15,0,0,false
nbs514:p21:005,VFWCMGCRMGJXDK-UHFFFAOYSA-N,1-Chlorobutane,C4H9Cl,293.15,20,7.39,173,alpha,"-10,70",-10,70,true,range_covers_target,-0.0294378596384,true,7.24426682957,-0.145733170426,-0.0197203207613,false
nbs514:p21:006,KMGBZBJJOKUPIA-UHFFFAOYSA-N,1-Iodobutane,C4H9I,293.15,20,6.22,135,alpha,"0,80",0,80,true,range_covers_target,-0.0193348070259,true,6.12407336337,-0.0959266366253,-0.0154222888465,false
nbs514:p21:007,BTUGGGLMQBJCBN-UHFFFAOYSA-N,1-Iodo-2-methylpropane,C4H9I,293.15,20,6.47,,,,,,,no_coefficient,,,,,,false
nbs514:p21:009,ANGGPYSFTXVERY-UHFFFAOYSA-N,2-Iodo-2-methylpropane,C4H9I,293.15,20,8.42,,,,,,,no_coefficient,,,,,,false
nbs514:p21:011,YNAVUWVOSKDBBP-UHFFFAOYSA-N,Morpholine,C4H9NO,298.15,25,7.33,,,,,,,no_coefficient,,,,,,true
nbs514:p21:012,QQHZPQUHCAKSOL-UHFFFAOYSA-N,Butyl nitrate,C4H9NO3,293.15,20,13.1,,,,,,,no_coefficient,,,,,,false
nbs514:p22:002,RTZKZFJDLAIYFH-UHFFFAOYSA-N,Ethyl ether,C4H10O,293.15,20,4.335,2000,a,at 20,20,20,false,range_excludes_target,-0.02,true,4.235,-0.1,-0.0230680507497,true
nbs514:p22:005,WERYXYBDKMZEQL-UHFFFAOYSA-N,"1,4-Butanediol",C4H10O2,303.15,30,30.2,,,,,,,no_coefficient,,,,,,true
nbs514:p22:006,SPEUIVXLLWOEMJ-UHFFFAOYSA-N,"1,1-Dimethoxyethane",C4H10O2,293.15,20,3.49,,,,,,,no_coefficient,,,,,,true
nbs514:p22:007,NVJBFARDFTXOTO-UHFFFAOYSA-N,Ethyl sulfite,C4H10O3S,293.15,20,15.9,,,,,,,no_coefficient,,,,,,true
nbs514:p22:009,WQAQPCDUOCURKW-UHFFFAOYSA-N,1-Butanethiol,C4H10S,298.15,25,4.95,,,,,,,no_coefficient,,,,,,true
nbs514:p22:010,LJSQFQKUNVCTIA-UHFFFAOYSA-N,Ethyl sulfide,C4H10S,298.15,25,5.72,,,,,,,no_coefficient,,,,,,true
nbs514:p22:016,FYOFOKCECDGJBF-UHFFFAOYSA-N,Iron pentacarbonyl,C5FeO5,293.15,20,2.6,,,,,,,no_coefficient,,,,,,true
nbs514:p22:018,JUJWROOIHBZHMG-UHFFFAOYSA-N,Pyridine,C5H5N,298.15,25,12.3,,,,,,,no_coefficient,,,,,,true
nbs514:p23:001,PMJHHCWVYXUKFD-SNAWJCMRSA-N,"1,3-Pentadiene",C5H8,298.15,25,2.32,,,,,,,no_coefficient,,,,,,true
nbs514:p23:002,RRHGJUQNOFWUDK-UHFFFAOYSA-N,"2-Methyl-1,3-butadiene (Isoprene)",C5H8,298.15,25,2.1,240,a,-75 to 25,-75,25,true,already_at_target,-0.0024,true,2.1,0,0,true
nbs514:p23:004,BEPAFCGSDWSTEL-UHFFFAOYSA-N,Dimethyl malonate,C5H8O4,293.15,20,10.3,,,,,,,no_coefficient,,,,,,false
nbs514:p23:008,JEAVBVKAYUCPAQ-UHFFFAOYSA-N,Ethyl alpha-chloropropionate,C5H9ClO2,293.15,20,10.1,,,,,,,no_coefficient,,,,,,false
nbs514:p23:010,RFFFKMOABOFIDF-UHFFFAOYSA-N,Valeronitrile,C5H9N,294.15,21,17.4,,,,,,,no_coefficient,,,,,,false
nbs514:p23:011,QHDRKFYEGYYIIK-UHFFFAOYSA-N,Isovaleronitrile,C5H9N,295.15,22,18,,,,,,,no_coefficient,,,,,,false
nbs514:p23:012,YWAKXRMUMFPDSH-UHFFFAOYSA-N,1-Pentene,C5H10,293.15,20,2.1,,,,,,,no_coefficient,,,,,,true
nbs514:p23:013,MHNNAWXXUZQSNM-UHFFFAOYSA-N,2-Methyl-1-butene,C5H10,293.15,20,2.197,,,,,,,no_coefficient,,,,,,true
nbs514:p23:014,RGSFGYAAUTVSQA-UHFFFAOYSA-N,Cyclopentane,C5H10,293.15,20,1.965,,,,,,,no_coefficient,,,,,,true
nbs514:p23:015,FOTXAJDDGPYIFU-UHFFFAOYSA-N,Ethylcyclopropane,C5H10,293.15,20,1.933,,,,,,,no_coefficient,,,,,,true
nbs514:p23:016,CITMYAPULDSOHG-UHFFFAOYSA-N,"1,2-Dibromopentane",C5H10Br2,298.15,25,4.39,,,,,,,no_coefficient,,,,,,false
nbs514:p23:017,LWBRXRHBXMVUEX-UHFFFAOYSA-N,"dl-erythro-2,3-Dibromopentane",C5H10Br2,298.15,25,5.43,,,,,,,no_coefficient,,,,,,false
nbs514:p23:019,XCIXKGXIYUWCLL-UHFFFAOYSA-N,Cyclopentanol,C5H10O,293.15,20,18,380,alpha,20,20,20,false,range_excludes_target,-0.157496820361,true,17.2294932833,-0.770506716693,-0.0428059287052,true
nbs514:p23:020,XNLICIUVMPYHGG-UHFFFAOYSA-N,2-Pentanone,C5H10O,293.15,20,15.45,195,alpha,-40 to 80,-40,80,true,range_covers_target,-0.0693711323892,true,15.1070088546,-0.3429911454,-0.0222000741359,true
nbs514:p23:021,FDPIMTJIUBPUKL-UHFFFAOYSA-N,3-Pentanone,C5H10O,293.15,20,17,225,alpha,0 to 80,0,80,true,range_covers_target,-0.088073879807,true,16.5652853513,-0.434714648717,-0.0255714499245,true
nbs514:p23:023,NQPDZGIKBAWPEJ-UHFFFAOYSA-N,Valeric acid,C5H10O2,293.15,20,2.66,,,,,,,no_coefficient,,,,,,true
nbs514:p23:024,GWYFCOCPABKNJV-UHFFFAOYSA-N,Isovaleric acid,C5H10O2,293.15,20,2.64,,,,,,,no_coefficient,,,,,,true
nbs514:p24:006,YZWKKMVJZFACSU-UHFFFAOYSA-N,1-Bromopentane,C5H11Br,298.15,25,6.32,152,alpha,-45 to 55,-45,55,true,already_at_target,-0.0221195534373,true,6.32,0,0,false
nbs514:p24:007,YXZFFTJAHVMMLF-UHFFFAOYSA-N,1-Bromo-3-methylbutane,C5H11Br,293.15,20,6.05,2300,a,-18 to 23,-18,23,false,range_excludes_target,-0.023,true,5.935,-0.115,-0.0190082644628,false
nbs514:p24:009,CZHLPWNZCJEPJB-UHFFFAOYSA-N,1-Chloro-3-methylbutane,C5H11Cl,293.15,20,6.05,160,alpha,-40 to 23,-40,23,false,range_excludes_target,-0.0222890237002,true,5.93957505527,-0.110424944729,-0.01825205698,false
nbs514:p24:011,OEPRBXUJOQLYID-UHFFFAOYSA-N,1-Fluoropentane,C5H11F,293.15,20,4.24,,,,,,,no_coefficient,,,,,,true
nbs514:p24:012,HLLCNVLEVVFTJB-UHFFFAOYSA-N,2-Fluoro-2-methylbutane,C5H11F,293.15,20,5.89,,,,,,,no_coefficient,,,,,,true
nbs514:p24:013,BLXSFCHWMBESKV-UHFFFAOYSA-N,1-Iodopentane,C5H11I,293.15,20,5.81,,,,,,,no_coefficient,,,,,,false
nbs514:p24:015,VRQDQJYBWZERBW-UHFFFAOYSA-N,3-Iodopentane,C5H11I,293.15,20,7.43,,,,,,,no_coefficient,,,,,,false
nbs514:p24:016,NWRZTQFWFPLHHX-UHFFFAOYSA-N,2-Iodo-2-methylbutane,C5H11I,293.15,20,8.19,,,,,,,no_coefficient,,,,,,false
nbs514:p24:020,OFBQJSOFQDEBGM-UHFFFAOYSA-N,n-Pentane,C5H12,293.15,20,1.844,160,a,-50 to 30,-50,30,true,range_covers_target,-0.0016,true,1.836,-0.008,-0.00433839479393,true
nbs514:p24:021,QWTDNUCVQCZILF-UHFFFAOYSA-N,2-Methylbutane,C5H12,293.15,20,1.843,,,,,,,no_coefficient,,,,,,true
nbs514:p25:002,PHTQWCKDNZKARW-UHFFFAOYSA-N,3-Methyl-1-butanol,C5H12O,298.15,25,14.7,,,,,,,no_coefficient,,,,,,true
nbs514:p25:003,MSXVEPNJUHWQHW-UHFFFAOYSA-N,2-Methyl-2-butanol,C5H12O,298.15,25,5.82,,,,,,,no_coefficient,,,,,,true
nbs514:p25:004,HEBKCHPVOIAQTA-NGQZWQHPSA-N,Xylitol,C5H12O5,293.15,20,40,,,,,,,no_coefficient,,,,,,true
nbs514:p25:005,ZRKMQKLGEQPLNS-UHFFFAOYSA-N,1-Pentanethiol,C5H12S,298.15,25,4.55,,,,,,,no_coefficient,,,,,,true
nbs514:p25:007,QBELEDRHMPMKHP-UHFFFAOYSA-N,1-Bromo-2-chlorobenzene,C6H4BrCl,293.15,20,6.8,,,,,,,no_coefficient,,,,,,true
nbs514:p25:008,JRGGUPZKKTVKOV-UHFFFAOYSA-N,1-Bromo-3-chlorobenzene,C6H4BrCl,293.15,20,4.58,,,,,,,no_coefficient,,,,,,true
nbs514:p25:009,WQONPSCCEXUXTQ-UHFFFAOYSA-N,o-Dibromobenzene,C6H4Br2,293.15,20,7.35,,,,,,,no_coefficient,,,,,,true
nbs514:p25:010,JSRLURSZEMLAFO-UHFFFAOYSA-N,m-Dibromobenzene,C6H4Br2,293.15,20,4.8,,,,,,,no_coefficient,,,,,,true
nbs514:p25:011,RFFLAFLAYFXFSW-UHFFFAOYSA-N,o-Dichlorobenzene,C6H4Cl2,298.15,25,9.93,194,alpha,0 to 50,0,50,true,already_at_target,-0.0443574597485,true,9.93,0,0,true
nbs514:p25:012,ZPQOPVIELGIULI-UHFFFAOYSA-N,m-Dichlorobenzene,C6H4Cl2,298.15,25,5.04,120,alpha,0 to 50,0,50,true,already_at_target,-0.0139260346424,true,5.04,0,0,true
nbs514:p25:014,SFPQFQUXAJOWNF-UHFFFAOYSA-N,m-Diiodobenzene,C6H4I2,298.15,25,4.25,,,,,,,no_coefficient,,,,,,true
nbs514:p25:015,QARVLSVVCXYDNA-UHFFFAOYSA-N,Bromobenzene,C6H5Br,298.15,25,5.4,115,alpha,0 to 70,0,70,true,already_at_target,-0.0142990534275,true,5.4,0,0,true
nbs514:p26:002,MVPPADPHJFYWMZ-UHFFFAOYSA-N,Chlorobenzene,C6H5Cl,298.15,25,5.621,,,,,,,no_coefficient,,,,,,true
nbs514:p26:004,ISPYQTSUDJAMAB-UHFFFAOYSA-N,o-Chlorophenol,C6H5ClO,298.15,25,6.31,2700,a,25 to 58,25,58,true,already_at_target,-0.027,true,6.31,0,0,true
nbs514:p26:005,PYLWMHQQBFSUBP-UHFFFAOYSA-N,Fluorobenzene,C6H5F,298.15,25,5.42,,,,,,,no_coefficient,,,,,,true
nbs514:p26:006,SNHMUERNLJLMHN-UHFFFAOYSA-N,Iodobenzene,C6H5I,293.15,20,4.63,,,,,,,no_coefficient,,,,,,true
nbs514:p26:007,LQNUZADURLCDLV-UHFFFAOYSA-N,Nitrobenzene,C6H5NO2,298.15,25,34.82,225,alpha,10 to 80,10,80,true,already_at_target,-0.180396029111,true,34.82,0,0,false
nbs514:p26:008,UHOVQNZJYSORNB-UHFFFAOYSA-N,Benzene,C6H6,293.15,20,2.284,200,a,10 to 60,10,60,true,range_covers_target,-0.002,true,2.274,-0.01,-0.00437828371278,true
nbs514:p26:011,PAYRUJLWNCNPSJ-UHFFFAOYSA-N,Aniline,C6H7N,293.15,20,6.89,148,alpha,0 to 50,0,50,true,range_covers_target,-0.0234799207103,true,6.77359493329,-0.116405066709,-0.0168947847182,true
nbs514:p27:002,LCZUOKDVTBMCMX-UHFFFAOYSA-N,"2,5-Dimethylpyrazine",C6H8N2,293.15,20,2.436,130,a,20 to 50,20,50,true,range_covers_target,-0.0013,true,2.4295,-0.0065,-0.00266830870279,true
nbs514:p27:005,HGCIXCUEYOPUTN-UHFFFAOYSA-N,Cyclohexene,C6H10,298.15,25,2.22,,,,,,,no_coefficient,,,,,,true
nbs514:p27:006,APPOKADJQUIAHP-UHFFFAOYSA-N,"2,4-Hexadiene",C6H10,298.15,25,2.22,,,,,,,no_coefficient,,,,,,true
nbs514:p27:007,RCJMVGJKROQDCB-UHFFFAOYSA-N,"2-Methyl-1,3-pentadiene",C6H10,298.15,25,2.42,,,,,,,no_coefficient,,,,,,true
nbs514:p27:008,BOGRNZQRTNVZCZ-AATRIKPKSA-N,"3-Methyl-1,3-pentadiene",C6H10,298.15,25,2.43,,,,,,,no_coefficient,,,,,,true
nbs514:p27:009,CJSBUWDGPXGFGA-UHFFFAOYSA-N,"4-Methyl-1,3-pentadiene",C6H10,298.15,25,2.6,,,,,,,no_coefficient,,,,,,false
nbs514:p27:010,SDJHPPZKZZWAKF-UHFFFAOYSA-N,"2,3-Dimethyl-1,3-butadiene",C6H10,298.15,25,2.1,170,a,-50 to 50,-50,50,true,already_at_target,-0.0017,true,2.1,0,0,false
nbs514:p27:012,SHOJXDKTYKFBRD-UHFFFAOYSA-N,4-Methyl-3-penten-2-one (Mesityl oxide),C6H10O,293.15,20,15.1,,,,,,,no_coefficient,,,,,,false
nbs514:p27:013,SDMLPLSHKDLKLC-UHFFFAOYSA-N,Butoxyacetylene,C6H10O,298.15,25,6.62,,,,,,,no_coefficient,,,,,,false
nbs514:p27:016,XYIBRDXRRQCHLP-UHFFFAOYSA-N,Ethyl acetoacetate,C6H10O3,295.15,22,15.7,,,,,,,no_coefficient,,,,,,false
nbs514:p27:019,AQNQQHJNRPDOQV-UHFFFAOYSA-N,Bromocyclohexane,C6H11Br,298.15,25,7.92,140,alpha,1 to 55,1,55,true,already_at_target,-0.0255310635111,true,7.92,0,0,false
nbs514:p27:020,UAENTLSAGQVMDD-UHFFFAOYSA-N,dl-threo-2-Acetoxy-3-bromobutane,C6H11BrO2,298.15,25,7.414,,,,,,,no_coefficient,,,,,,false
nbs514:p28:005,DUJMVKJJUANUMQ-UHFFFAOYSA-N,Isocapronitrile,C6H11N,295.15,22,15.6,,,,,,,no_coefficient,,,,,,false
nbs514:p28:008,GDOPTJXRTPNYNR-UHFFFAOYSA-N,Methylcyclopentane,C6H12,293.15,20,1.985,,,,,,,no_coefficient,,,,,,true
nbs514:p28:009,NEZRFXZYPAIZAD-UHFFFAOYSA-N,Ethylcyclobutane,C6H12,293.15,20,1.965,,,,,,,no_coefficient,,,,,,true
nbs514:p28:010,ZQDPJFUHLCOCRG-WAYWQWQTSA-N,cis-3-Hexene,C6H12,298.15,25,2.062,,,,,,,no_coefficient,,,,,,true
nbs514:p28:011,ZQDPJFUHLCOCRG-AATRIKPKSA-N,trans-3-Hexene,C6H12,298.15,25,2,,,,,,,no_coefficient,,,,,,true
nbs514:p28:012,VCQBYNRFLHNSKA-UHFFFAOYSA-N,"dl-3,4-Dibromohexane",C6H12Br2,298.15,25,6.732,,,,,,,no_coefficient,,,,,,false
nbs514:p28:013,VCQBYNRFLHNSKA-OLQVQODUSA-N,"meso-3,4-Dibromohexane",C6H12Br2,298.15,25,4.67,,,,,,,no_coefficient,,,,,,false
nbs514:p28:015,NTIZESTWPVYFNL-UHFFFAOYSA-N,4-Methyl-2-pentanone,C6H12O,293.15,20,13.11,210,alpha,-20 to 100,-20,100,true,range_covers_target,-0.0633924701952,true,12.7968385777,-0.31316142234,-0.0238872175698,true
nbs514:p28:016,DIQMPQMYFZXDAX-UHFFFAOYSA-N,Amyl formate,C6H12O2,298.15,25,6.49,,,,,,,no_coefficient,,,,,,true
nbs514:p28:017,DKPFZGUDAPQIHT-UHFFFAOYSA-N,Butyl acetate,C6H12O2,293.15,20,5.01,1400,a,20 to 40,20,40,true,range_covers_target,-0.014,true,4.94,-0.07,-0.0139720558882,true
nbs514:p28:018,GJRQTCIYDGXPES-UHFFFAOYSA-N,Isobutyl acetate,C6H12O2,293.15,20,5.29,1600,a,20,20,20,false,range_excludes_target,-0.016,true,5.21,-0.08,-0.0151228733459,true
nbs514:p29:002,SWXVUIWOUIDPGS-UHFFFAOYSA-N,4-Hydroxy-4-methyl-2-pentanone (Diacetone alcohol),C6H12O2,298.15,25,18.2,,,,,,,no_coefficient,,,,,,true
nbs514:p29:003,SVONRAPFKPVNKG-UHFFFAOYSA-N,"beta-Ethoxyethyl acetate (""Cellosolve"" acetate)",C6H12O3,303.15,30,7.57,3100,a,30 to 50,30,50,false,range_excludes_target,-0.031,true,7.725,0.155,0.0204755614267,true
nbs514:p29:004,SQYNKIJPMDEDEG-UHFFFAOYSA-N,Paraldehyde,C6H12O3,298.15,25,13.9,,,,,,,no_coefficient,,,,,,true
nbs514:p29:005,MNDIARAMWBIKFW-UHFFFAOYSA-N,1-Bromohexane,C6H13Br,298.15,25,5.82,1730,a,25 to 55,25,55,true,already_at_target,-0.0173,true,5.82,0,0,false
nbs514:p29:006,ANOOTOPTCJRUPK-UHFFFAOYSA-N,1-Iodohexane,C6H13I,293.15,20,5.37,,,,,,,no_coefficient,,,,,,false
nbs514:p29:007,VLKZOEOYAKHREP-UHFFFAOYSA-N,n-Hexane,C6H14,293.15,20,1.89,155,a,-10 to 50,-10,50,true,range_covers_target,-0.00155,true,1.88225,-0.00775,-0.00410052910053,true
nbs514:p29:009,POLCUAVZOMRGSN-UHFFFAOYSA-N,Propyl ether,C6H14O,299.15,26,3.39,,,,,,,no_coefficient,,,,,,true
nbs514:p29:010,ZAFNJMIOTHYJRJ-UHFFFAOYSA-N,Isopropyl ether,C6H14O,298.15,25,3.88,1800,a,0 to 25,0,25,true,already_at_target,-0.018,true,3.88,0,0,true
nbs514:p29:011,SVTBMSDMJJWYQN-UHFFFAOYSA-N,"2-Methyl-2,4-pentanediol",C6H14O2,303.15,30,24.4,14500,a,30 to 35,30,35,false,range_excludes_target,-0.145,true,25.125,0.725,0.0297131147541,true
nbs514:p29:012,DHKHKXVYLBGOIT-UHFFFAOYSA-N,"1,1-Diethoxyethane",C6H14O2,298.15,25,3.8,,,,,,,no_coefficient,,,,,,true
nbs514:p29:015,ZMANZCXQSJIPKH-UHFFFAOYSA-N,Triethylamine,C6H15N,298.15,25,2.42,,,,,,,no_coefficient,,,,,,true
nbs514:p29:016,UQEAIHBTYFGYIE-UHFFFAOYSA-N,Hexamethyldisiloxane,C6H18OSi2,293.15,20,2.17,,,,,,,no_coefficient,,,,,,true
nbs514:p30:003,GETTZEONDQJALK-UHFFFAOYSA-N,"alpha,alpha,alpha-Trifluorotoluene",C7H5F3,303.15,30,9.18,,,,,,,no_coefficient,,,,,,true
nbs514:p30:004,JFDZBHWFFUWGJE-UHFFFAOYSA-N,Benzonitrile,C7H5N,298.15,25,25.2,157,alpha,0 to 25,0,25,true,already_at_target,-0.0910994766192,true,25.2,0,0,true
nbs514:p30:006,QKFJKGMPGYROCL-UHFFFAOYSA-N,Phenyl isothiocyanate,C7H5NS,293.15,20,10.4,,,,,,,no_coefficient,,,,,,false
nbs514:p30:008,HUMNYLRZRPPJDN-UHFFFAOYSA-N,Benzaldehyde,C7H6O,293.15,20,17.8,,,,,,,no_coefficient,,,,,,false
nbs514:p30:009,SMQUZDBALVYZAC-UHFFFAOYSA-N,Salicylaldehyde,C7H6O2,303.15,30,17.1,7000,a,30 to 40,30,40,false,range_excludes_target,-0.07,true,17.45,0.35,0.0204678362573,false
nbs514:p30:010,QJPJQTDYNZXKQF-UHFFFAOYSA-N,p-Bromoanisole,C7H7BrO,303.15,30,7.06,1600,a,30 to 40,30,40,false,range_excludes_target,-0.016,true,7.14,0.08,0.0113314447592,true
nbs514:p30:011,IBSQPLPBRSHTTG-UHFFFAOYSA-N,o-Chlorotoluene,C7H7Cl,293.15,20,4.45,,,,,,,no_coefficient,,,,,,true
nbs514:p30:012,OSOUNOBYRMOXQQ-UHFFFAOYSA-N,m-Chlorotoluene,C7H7Cl,293.15,20,5.55,,,,,,,no_coefficient,,,,,,true
nbs514:p30:013,NPDACUSDTOMAMK-UHFFFAOYSA-N,p-Chlorotoluene,C7H7Cl,293.15,20,6.08,,,,,,,no_coefficient,,,,,,true
nbs514:p30:014,MMZYCBHLNZVROM-UHFFFAOYSA-N,o-Fluorotoluene,C7H7F,303.15,30,4.22,,,,,,,no_coefficient,,,,,,true
nbs514:p30:015,BTQZKHUEUDPRST-UHFFFAOYSA-N,m-Fluorotoluene,C7H7F,303.15,30,5.42,,,,,,,no_coefficient,,,,,,true
nbs514:p30:016,WRWPPGUCZBJXKX-UHFFFAOYSA-N,p-Fluorotoluene,C7H7F,303.15,30,5.86,,,,,,,no_coefficient,,,,,,true
nbs514:p31:001,PLAZTCDQAHEYBI-UHFFFAOYSA-N,o-Nitrotoluene,C7H7NO2,293.15,20,27.4,15000,a,20,20,20,false,range_excludes_target,-0.15,true,26.65,-0.75,-0.0273722627737,false
nbs514:p31:002,QZYHIOPPLUPUJF-UHFFFAOYSA-N,m-Nitrotoluene,C7H7NO2,293.15,20,23.8,,,,,,,no_coefficient,,,,,,false
nbs514:p31:005,WVDDGKGOMKODPV-UHFFFAOYSA-N,Benzyl alcohol,C7H8O,293.15,20,13.1,,,,,,,no_coefficient,,,,,,true
nbs514:p31:006,QWVGKYWNOKOFNN-UHFFFAOYSA-N,o-Cresol,C7H8O,298.15,25,11.5,11000,a,25 to 30,25,30,true,already_at_target,-0.11,true,11.5,0,0,true
nbs514:p31:007,RLSSMJSEOOYNOY-UHFFFAOYSA-N,m-Cresol,C7H8O,298.15,25,11.8,410,alpha,15 to 50,15,50,true,already_at_target,-0.111399066799,true,11.8,0,0,true
nbs514:p31:008,RDOXTESZEPMUJZ-UHFFFAOYSA-N,Methoxybenzene (Anisole),C7H8O,298.15,25,4.33,1100,a,20 to 40,20,40,true,already_at_target,-0.011,true,4.33,0,0,true
nbs514:p31:009,LHGVFZTZFXWLCP-UHFFFAOYSA-N,o-Methoxyphenol (Guaiacol),C7H8O2,301.15,28,11.7,,,,,,,no_coefficient,,,,,,false
nbs514:p32:001,LFSAPCRASZRSKS-UHFFFAOYSA-N,2-Methylcyclohexanone,C7H12O,293.15,20,14,,,,,,,no_coefficient,,,,,,true
nbs514:p32:002,UJBOOUHRTQVGRU-UHFFFAOYSA-N,3-Methylcyclohexanone,C7H12O,293.15,20,12.4,,,,,,,no_coefficient,,,,,,true
nbs514:p32:003,VGVHNLRUAMRIEW-UHFFFAOYSA-N,4-Methylcyclohexanone,C7H12O,293.15,20,12.4,,,,,,,no_coefficient,,,,,,true
nbs514:p32:004,GMEONFUTDYJSNV-UHFFFAOYSA-N,Ethyl levulinate,C7H12O3,294.15,21,11.9,,,,,,,no_coefficient,,,,,,false
nbs514:p32:005,IYXGSMUGOJNHAZ-UHFFFAOYSA-N,Diethyl malonate,C7H12O4,298.15,25,8.03,3000,a,25 to 30,25,30,true,already_at_target,-0.03,true,8.03,0,0,true
nbs514:p32:008,ZGEGCLOFRBLKSE-UHFFFAOYSA-N,1-Heptene,C7H14,293.15,20,2.05,,,,,,,no_coefficient,,,,,,false
nbs514:p32:009,BWEKDYGHDCHWEN-UHFFFAOYSA-N,2-Methyl-2-hexene,C7H14,293.15,20,2.96,,,,,,,no_coefficient,,,,,,false
nbs514:p32:010,CKVJSNYSBIZAAE-UHFFFAOYSA-N,"1,2-Dibromoheptane",C7H14Br2,298.15,25,3.77,,,,,,,no_coefficient,,,,,,false
nbs514:p32:011,JEFHWRMJALOCDT-UHFFFAOYSA-N,"2,3-Dibromoheptane",C7H14Br2,298.15,25,5.08,,,,,,,no_coefficient,,,,,,false
nbs514:p32:012,JZGBICDPBLLXKB-UHFFFAOYSA-N,"3,4-Dibromoheptane",C7H14Br2,298.15,25,4.7,,,,,,,no_coefficient,,,,,,false
nbs514:p32:013,NDVWOBYBJYUSMF-UHFFFAOYSA-N,2-Methylcyclohexanol,C7H14O,293.15,20,13.3,560,alpha,20,20,20,false,range_excludes_target,-0.171496537726,true,12.4695746921,-0.830425307886,-0.0624379930741,true
nbs514:p32:014,HTSABYAWKQAHBT-UHFFFAOYSA-N,3-Methylcyclohexanol,C7H14O,293.15,20,12.3,430,alpha,20,20,20,false,range_excludes_target,-0.121783725568,true,11.7059081318,-0.594091868211,-0.0483001518871,true
nbs514:p32:015,MQWCXKGKQLNYQG-UHFFFAOYSA-N,4-Methylcyclohexanol,C7H14O,293.15,20,13.3,410,alpha,20,20,20,false,range_excludes_target,-0.125559965121,true,12.6867867798,-0.613213220207,-0.0461062571585,true
nbs514:p32:016,FXHGMKSSBGDXIY-UHFFFAOYSA-N,Heptaldehyde,C7H14O,295.15,22,9.07,,,,,,,no_coefficient,,,,,,false
