source_file,url,doi,retrieved_at,http_status,etag,last_modified,sha256,size_bytes,source_batch,dielectric_row_count
data/raw/thermoml/10.1007__s10765-008-0395-z-6bf8687d669d.xml,https://trc.nist.gov/ThermoML/10.1007/s10765-008-0395-z.xml,10.1007/s10765-008-0395-z,2026-09-22T06:38:49Z,200,"W/""1325c-618ff11863880-gzip""","Tue, 21 May 2024 23:20:50 GMT",61d80a57c32e4bc19e1892a48532c9d6cabf63bee1e5e5a8e8a028edc0eb70cb,78428,live NIST dielectric/permittivity API union,0
data/raw/thermoml/10.1007__s10765-011-1086-8-2162c823dcc2.xml,https://trc.nist.gov/ThermoML/10.1007/s10765-011-1086-8.xml,10.1007/s10765-011-1086-8,2026-09-22T06:38:00Z,200,"W/""285a1-618ff11863880-gzip""","Tue, 21 May 2024 23:20:50 GMT",695a4b41e73ad0efe8a4d1e1a434a4bdc3afd373d784061ca1ef42598e77f293,165281,live NIST dielectric/permittivity API union,164
data/raw/thermoml/10.1016__j.fluid.2006.03.009-2a423d8de155.xml,https://trc.nist.gov/ThermoML/10.1016/j.fluid.2006.03.009.xml,10.1016/j.fluid.2006.03.009,2026-09-22T08:15:13Z,200,"W/""21fb2-618ff0a7daf00-gzip""","Tue, 21 May 2024 23:18:52 GMT",3b09a9dbb385f66c3cc3803fa4225414eab1035408ef0d62197f7201a68d7798,139186,live NIST dielectric/permittivity API union,0
data/raw/thermoml/10.1016__j.fluid.2006.04.016-14e2cd066e7b.xml,https://trc.nist.gov/ThermoML/10.1016/j.fluid.2006.04.016.xml,10.1016/j.fluid.2006.04.016,2026-09-22T06:38:36Z,200,"W/""30403-618ff0a7daf00-gzip""","Tue, 21 May 2024 23:18:52 GMT",266492e0c4b08c8906ac49dc0c7dbe9d4f6a52aab646c4b13328a88c633c1cd3,197635,live NIST dielectric/permittivity API union,0
data/raw/thermoml/10.1016__j.fluid.2007.03.008-f667feedc003.xml,https://trc.nist.gov/ThermoML/10.1016/j.fluid.2007.03.008.xml,10.1016/j.fluid.2007.03.008,2026-09-22T06:38:19Z,200,"W/""5157-618ff0a8cf140-gzip""","Tue, 21 May 2024 23:18:53 GMT",d29eccadbe0f893ed9f0e33847dfb7ce02d430de065366d93a494a11187506a9,20823,live NIST dielectric/permittivity API union,0
data/raw/thermoml/10.1016__j.fluid.2007.07.076-fe9873928fd4.xml,https://trc.nist.gov/ThermoML/10.1016/j.fluid.2007.07.076.xml,10.1016/j.fluid.2007.07.076,2026-09-22T08:15:17Z,200,"W/""93c0-618ff0a8cf140-gzip""","Tue, 21 May 2024 23:18:53 GMT",ef05290495263d65479449cbcb5bf3f1a4f9921bbf47ddfe2c8dec77fe935298,37824,live NIST dielectric/permittivity API union,0
data/raw/thermoml/10.1016__j.fluid.2007.09.009-26ff4749ff64.xml,https://trc.nist.gov/ThermoML/10.1016/j.fluid.2007.09.009.xml,10.1016/j.fluid.2007.09.009,2026-09-22T06:41:49Z,200,"W/""1be36-618ff0a8cf140-gzip""","Tue, 21 May 2024 23:18:53 GMT",124b48f25f760d64a9f1f8ee3e9dac03bc67f18ee8658934daa38d4b3787c783,114230,live NIST dielectric/permittivity API union,57
data/raw/thermoml/10.1016__j.fluid.2008.01.024-9bbad5adbcd7.xml,https://trc.nist.gov/ThermoML/10.1016/j.fluid.2008.01.024.xml,10.1016/j.fluid.2008.01.024,2026-09-22T06:37:44Z,200,"W/""1304f-618ff0a9c3380-gzip""","Tue, 21 May 2024 23:18:54 GMT",f06614464b5a948250383173ba7ceab13b0afb2eff3868918c66075085af7132,77903,live NIST dielectric/permittivity API union,86
data/raw/thermoml/10.1016__j.fluid.2008.03.013-b56e5e152250.xml,https://trc.nist.gov/ThermoML/10.1016/j.fluid.2008.03.013.xml,10.1016/j.fluid.2008.03.013,2026-09-22T08:15:04Z,200,"W/""f569-618ff0a9c3380-gzip""","Tue, 21 May 2024 23:18:54 GMT",c81e2640ede669d90a9a1c7103df2c14cad812f06076a098f8bff007366a6824,62825,live NIST dielectric/permittivity API union,0
data/raw/thermoml/10.1016__j.fluid.2008.09.022-10ef30835c1e.xml,https://trc.nist.gov/ThermoML/10.1016/j.fluid.2008.09.022.xml,10.1016/j.fluid.2008.09.022,2026-09-22T06:38:11Z,200,"W/""161b8-618ff0a9c3380-gzip""","Tue, 21 May 2024 23:18:54 GMT",71b37d9f368c77a01175f3d10e9d77aad30b52a059c57e8ba2b777d553a3faf3,90552,live NIST dielectric/permittivity API union,126
data/raw/thermoml/10.1016__j.fluid.2009.07.009-fb420ceae3a5.xml,https://trc.nist.gov/ThermoML/10.1016/j.fluid.2009.07.009.xml,10.1016/j.fluid.2009.07.009,2026-09-22T06:37:48Z,200,"W/""6888-618ff0aab75c0-gzip""","Tue, 21 May 2024 23:18:55 GMT",a96afcc9260bee25a9c6b24a01cacae615b23ef3c98b59c17101cddb13433382,26760,live NIST dielectric/permittivity API union,7
data/raw/thermoml/10.1016__j.fluid.2009.12.006-0c9513ee7780.xml,https://trc.nist.gov/ThermoML/10.1016/j.fluid.2009.12.006.xml,10.1016/j.fluid.2009.12.006,2026-09-22T08:14:59Z,200,"W/""c12a-618ff0aab75c0-gzip""","Tue, 21 May 2024 23:18:55 GMT",e56b87fc2a2d08df19af5c514a91d0096917767e022e2538eb7415f806191c2a,49450,live NIST dielectric/permittivity API union,0
data/raw/thermoml/10.1016__j.fluid.2010.02.038-34ada80e513e.xml,https://trc.nist.gov/ThermoML/10.1016/j.fluid.2010.02.038.xml,10.1016/j.fluid.2010.02.038,2026-09-22T06:41:31Z,200,"W/""f8d9-618ff0abab800-gzip""","Tue, 21 May 2024 23:18:56 GMT",7ca4883dd4128484cc61a28d60ee950e3f5b99034ec5aa6323741418792bc644,63705,live NIST dielectric/permittivity API union,71
data/raw/thermoml/10.1016__j.fluid.2010.03.031-846d045b04ae.xml,https://trc.nist.gov/ThermoML/10.1016/j.fluid.2010.03.031.xml,10.1016/j.fluid.2010.03.031,2026-09-22T08:14:52Z,200,"W/""c6a8-618ff0abab800-gzip""","Tue, 21 May 2024 23:18:56 GMT",d54b6836f2baa4bff8692671f83adb16b229db0e1011dd85aae505a074dc140d,50856,live NIST dielectric/permittivity API union,0
data/raw/thermoml/10.1016__j.fluid.2011.09.028-86f6e523e4cd.xml,https://trc.nist.gov/ThermoML/10.1016/j.fluid.2011.09.028.xml,10.1016/j.fluid.2011.09.028,2026-09-22T06:38:25Z,200,"W/""194af-618ff0ad93c80-gzip""","Tue, 21 May 2024 23:18:58 GMT",3a9c5af5b9482191edbcbedd2ca498106e10506f5d8a98c9c820697dd9e735fc,103599,live NIST dielectric/permittivity API union,0
data/raw/thermoml/10.1016__j.fluid.2011.11.001-4a9c9310eb42.xml,https://trc.nist.gov/ThermoML/10.1016/j.fluid.2011.11.001.xml,10.1016/j.fluid.2011.11.001,2026-09-22T08:14:31Z,200,"W/""cc1b-618ff0ad93c80-gzip""","Tue, 21 May 2024 23:18:58 GMT",0aefe3de23e4703be708fe64c02ee7e975a796fc2c5c16fd7a41538767856f0b,52251,live NIST dielectric/permittivity API union,0
data/raw/thermoml/10.1016__j.fluid.2012.03.014-c08bac7d8f3c.xml,https://trc.nist.gov/ThermoML/10.1016/j.fluid.2012.03.014.xml,10.1016/j.fluid.2012.03.014,2026-09-22T08:14:37Z,200,"W/""15d52-618ff0ad93c80-gzip""","Tue, 21 May 2024 23:18:58 GMT",682913ee15f3b593f9f35578cbf301250d5e1eaccd5792facde36880cae6c5b8,89426,live NIST dielectric/permittivity API union,0
data/raw/thermoml/10.1016__j.fluid.2012.12.017-c86954b91dd2.xml,https://trc.nist.gov/ThermoML/10.1016/j.fluid.2012.12.017.xml,10.1016/j.fluid.2012.12.017,2026-09-22T08:14:36Z,200,"W/""ddc5-618ff0ae87ec0-gzip""","Tue, 21 May 2024 23:18:59 GMT",5e195e73c75f57d20a03af60dfcfb34668e7adca294595e6ad6003ddb3125467,56773,live NIST dielectric/permittivity API union,0
data/raw/thermoml/10.1016__j.fluid.2013.04.008-a73719f70eee.xml,https://trc.nist.gov/ThermoML/10.1016/j.fluid.2013.04.008.xml,10.1016/j.fluid.2013.04.008,2026-09-22T08:14:55Z,200,"W/""1b69e-618ff0af7c100-gzip""","Tue, 21 May 2024 23:19:00 GMT",8e1953b656ed800565686ad2ece6f7cbd8174f70945046bb284b75157dbf3594,112286,live NIST dielectric/permittivity API union,0
data/raw/thermoml/10.1016__j.fluid.2013.09.028-f05e8ccc37f7.xml,https://trc.nist.gov/ThermoML/10.1016/j.fluid.2013.09.028.xml,10.1016/j.fluid.2013.09.028,2026-09-22T06:38:59Z,200,"W/""35a67-618ff0af7c100-gzip""","Tue, 21 May 2024 23:19:00 GMT",167334d5f5061369cf5d320e510a9a67fe850c5f615e1d0963a00de18e44f87f,219751,live NIST dielectric/permittivity API union,0
data/raw/thermoml/10.1016__j.fluid.2013.12.014-a221979bacde.xml,https://trc.nist.gov/ThermoML/10.1016/j.fluid.2013.12.014.xml,10.1016/j.fluid.2013.12.014,2026-09-22T06:37:56Z,200,"W/""11f3b-618ff0b070340-gzip""","Tue, 21 May 2024 23:19:01 GMT",c4c7a9f8b01fa908b86b9071d19cb60d43e8e3fbb64f5fee0ec358a6dd9a882f,73531,live NIST dielectric/permittivity API union,68
data/raw/thermoml/10.1016__j.fluid.2013.12.024-f0cb358caf97.xml,https://trc.nist.gov/ThermoML/10.1016/j.fluid.2013.12.024.xml,10.1016/j.fluid.2013.12.024,2026-09-22T08:14:34Z,200,"W/""e854-618ff0b070340-gzip""","Tue, 21 May 2024 23:19:01 GMT",3a87128cdebac9510187f2c6aeb1594520d27f1cd90e87fa343bfee2c2a54f60,59476,live NIST dielectric/permittivity API union,0
data/raw/thermoml/10.1016__j.fluid.2014.01.022-a8159475cc20.xml,https://trc.nist.gov/ThermoML/10.1016/j.fluid.2014.01.022.xml,10.1016/j.fluid.2014.01.022,2026-09-22T08:15:16Z,200,"W/""18d2c-618ff0b070340-gzip""","Tue, 21 May 2024 23:19:01 GMT",016e14e90a33747d44539b73613b832cb8aaf06b1a8320275e028f96adec853b,101676,live NIST dielectric/permittivity API union,0
data/raw/thermoml/10.1016__j.fluid.2014.05.006-330722030333.xml,https://trc.nist.gov/ThermoML/10.1016/j.fluid.2014.05.006.xml,10.1016/j.fluid.2014.05.006,2026-09-22T06:37:38Z,200,"W/""421e-618ff0b164580-gzip""","Tue, 21 May 2024 23:19:02 GMT",096ba19192c01f16eb93fa039874e2ad4ec670685f8e7e642daedc101da27122,16926,live NIST dielectric/permittivity API union,13
data/raw/thermoml/10.1016__j.fluid.2014.08.026-967e8c8704a4.xml,https://trc.nist.gov/ThermoML/10.1016/j.fluid.2014.08.026.xml,10.1016/j.fluid.2014.08.026,2026-09-22T06:38:04Z,200,"W/""7f793-618ff0b164580-gzip""","Tue, 21 May 2024 23:19:02 GMT",73c0fee7808a7b3559907e10a60412a0a688eaf0c87671657d143bc72ca6e262,522131,live NIST dielectric/permittivity API union,20
data/raw/thermoml/10.1016__j.fluid.2014.09.015-bc817f31cafd.xml,https://trc.nist.gov/ThermoML/10.1016/j.fluid.2014.09.015.xml,10.1016/j.fluid.2014.09.015,2026-09-22T08:14:39Z,200,"W/""32e2-618ff0ae87ec0-gzip""","Tue, 21 May 2024 23:18:59 GMT",c915c8e5c543eb324df4dccdd4b61fefe8c48359a49da7b785b7fcf3f839feed,13026,live NIST dielectric/permittivity API union,0
data/raw/thermoml/10.1016__j.fluid.2014.10.039-3a879ffdf79f.xml,https://trc.nist.gov/ThermoML/10.1016/j.fluid.2014.10.039.xml,10.1016/j.fluid.2014.10.039,2026-09-22T06:37:46Z,200,"W/""af77-618ff0b164580-gzip""","Tue, 21 May 2024 23:19:02 GMT",14ef4defa3b6fd52ae192bc9ad428b461cb5bd83b9100cee2444b86ad93049c9,44919,live NIST dielectric/permittivity API union,0
data/raw/thermoml/10.1016__j.fluid.2014.12.031-27ceb1cfeb8d.xml,https://trc.nist.gov/ThermoML/10.1016/j.fluid.2014.12.031.xml,10.1016/j.fluid.2014.12.031,2026-09-22T08:14:42Z,200,"W/""944c-618ff0b2587c0-gzip""","Tue, 21 May 2024 23:19:03 GMT",c2f10c375af1cdc3d339525a6deccfbdb0de3bd92a83f57b042f67a5a656847d,37964,live NIST dielectric/permittivity API union,0
data/raw/thermoml/10.1016__j.fluid.2014.12.033-9c727e282e03.xml,https://trc.nist.gov/ThermoML/10.1016/j.fluid.2014.12.033.xml,10.1016/j.fluid.2014.12.033,2026-09-22T06:38:56Z,200,"W/""1b4dd-618ff0b2587c0-gzip""","Tue, 21 May 2024 23:19:03 GMT",93edbf62ea8be03938465dbdc20bde7aa7fb218b55eccda162c071348d56a9d3,111837,live NIST dielectric/permittivity API union,0
data/raw/thermoml/10.1016__j.fluid.2015.05.017-a627ee82f4ae.xml,https://trc.nist.gov/ThermoML/10.1016/j.fluid.2015.05.017.xml,10.1016/j.fluid.2015.05.017,2026-09-22T06:38:48Z,200,"W/""32c5d-618ff0b2587c0-gzip""","Tue, 21 May 2024 23:19:03 GMT",b227a420da006d22453450ba72891f325f9d496af79668e5bb83173bd234803b,207965,live NIST dielectric/permittivity API union,0
data/raw/thermoml/10.1016__j.fluid.2015.06.026-3bbe7cbdc0c2.xml,https://trc.nist.gov/ThermoML/10.1016/j.fluid.2015.06.026.xml,10.1016/j.fluid.2015.06.026,2026-09-22T06:38:14Z,200,"W/""2110f-618ff0b2587c0-gzip""","Tue, 21 May 2024 23:19:03 GMT",8484e6c39d9e50836d509cad536b935dbe507276c2cfbbf50fed2539fca3ab11,135439,live NIST dielectric/permittivity API union,0
data/raw/thermoml/10.1016__j.fluid.2016.10.026-4f9936028fc6.xml,https://trc.nist.gov/ThermoML/10.1016/j.fluid.2016.10.026.xml,10.1016/j.fluid.2016.10.026,2026-09-22T06:42:18Z,200,"W/""39c67-618ff0b534e80-gzip""","Tue, 21 May 2024 23:19:06 GMT",f5785805d0e0599622843af70d65c823c650772223ef17e5131a708a8f8809b1,236647,live NIST dielectric/permittivity API union,25
data/raw/thermoml/10.1016__j.fluid.2016.11.029-8aeaa1938fd2.xml,https://trc.nist.gov/ThermoML/10.1016/j.fluid.2016.11.029.xml,10.1016/j.fluid.2016.11.029,2026-09-22T06:38:43Z,200,"W/""38f05-618ff0b440c40-gzip""","Tue, 21 May 2024 23:19:05 GMT",276691bfa46300341612df2057af34900d794e9998f3f2d9509788d4f6a3e5d3,233221,live NIST dielectric/permittivity API union,0
data/raw/thermoml/10.1016__j.fluid.2017.06.022-447c19826e61.xml,https://trc.nist.gov/ThermoML/10.1016/j.fluid.2017.06.022.xml,10.1016/j.fluid.2017.06.022,2026-09-22T08:15:07Z,200,"W/""62b95-618ff0b534e80-gzip""","Tue, 21 May 2024 23:19:06 GMT",ef3281c503b64a95b9c5c377d15f45ef41cec3dce87abb42d13ae04a9bb98a86,404373,live NIST dielectric/permittivity API union,0
data/raw/thermoml/10.1016__j.fluid.2017.07.006-e9ea848aa20b.xml,https://trc.nist.gov/ThermoML/10.1016/j.fluid.2017.07.006.xml,10.1016/j.fluid.2017.07.006,2026-09-22T08:14:43Z,200,"W/""159d0-618ff0b534e80-gzip""","Tue, 21 May 2024 23:19:06 GMT",dbdf43f61abd3cef9f87a9b42c41125433d4589d6f0e9f3f97042f6e588a8f30,88528,live NIST dielectric/permittivity API union,0
data/raw/thermoml/10.1016__j.fluid.2018.04.007-97057ee59b6a.xml,https://trc.nist.gov/ThermoML/10.1016/j.fluid.2018.04.007.xml,10.1016/j.fluid.2018.04.007,2026-09-22T06:41:48Z,200,"W/""63ded-618ff0b6290c0-gzip""","Tue, 21 May 2024 23:19:07 GMT",a5b8d9472b4ce11f0ccd761b9a7d48c8f31e25d903b2ffcf47f81696f2c5e00f,409069,live NIST dielectric/permittivity API union,243
data/raw/thermoml/10.1016__j.fluid.2019.06.022-5731e7e5e1d9.xml,https://trc.nist.gov/ThermoML/10.1016/j.fluid.2019.06.022.xml,10.1016/j.fluid.2019.06.022,2026-09-22T08:15:05Z,200,"W/""7812a-618ff0b811540-gzip""","Tue, 21 May 2024 23:19:09 GMT",654cd7f01919e342fd7a484fee808a4b865b298097ef133ff7d2f793861f983c,491818,live NIST dielectric/permittivity API union,0
data/raw/thermoml/10.1016__j.fluid.2019.112284-d7c178f0e2b6.xml,https://trc.nist.gov/ThermoML/10.1016/j.fluid.2019.112284.xml,10.1016/j.fluid.2019.112284,2026-09-22T06:38:18Z,200,"W/""29fad-618ff0b811540-gzip""","Tue, 21 May 2024 23:19:09 GMT",3966bc920ae97030aea1da5f623aaf0f5c7ac956ece09d5c92c548be0f851967,171949,live NIST dielectric/permittivity API union,0
data/raw/thermoml/10.1016__j.jct.2003.09.005-6c578a1fff2a.xml,https://trc.nist.gov/ThermoML/10.1016/j.jct.2003.09.005.xml,10.1016/j.jct.2003.09.005,2026-09-22T06:39:02Z,200,"W/""2be20-618ff0b905780-gzip""","Tue, 21 May 2024 23:19:10 GMT",3808f2e50764eac695ab21801c084c5bae9b46d74a36c95e7b5e1abb7d556a8f,179744,live NIST dielectric/permittivity API union,0
data/raw/thermoml/10.1016__j.jct.2003.11.007-fabdd7df1992.xml,https://trc.nist.gov/ThermoML/10.1016/j.jct.2003.11.007.xml,10.1016/j.jct.2003.11.007,2026-09-22T06:41:50Z,200,"W/""1eab5-618ff0b905780-gzip""","Tue, 21 May 2024 23:19:10 GMT",a03f032701f4e4fdc8ef7b5858c20a5e019db0b978239d50bd90d9f0100944f1,125621,live NIST dielectric/permittivity API union,0
data/raw/thermoml/10.1016__j.jct.2004.08.003-9e764b6430b1.xml,https://trc.nist.gov/ThermoML/10.1016/j.jct.2004.08.003.xml,10.1016/j.jct.2004.08.003,2026-09-22T06:41:39Z,200,"W/""3fa39-618ff0b905780-gzip""","Tue, 21 May 2024 23:19:10 GMT",1f64ae56ee2c8c059711947a2c70094cb9fb5b0704d57685aa9119689f810d1b,260665,live NIST dielectric/permittivity API union,175
data/raw/thermoml/10.1016__j.jct.2004.09.017-e53dc0ae03ae.xml,https://trc.nist.gov/ThermoML/10.1016/j.jct.2004.09.017.xml,10.1016/j.jct.2004.09.017,2026-09-22T06:38:09Z,200,"W/""1e107-618ff0b9f99c0-gzip""","Tue, 21 May 2024 23:19:11 GMT",8d29cce32a2f3e955f45039cc19730746363624d9e8d17fc10ac7e9624fe6087,123143,live NIST dielectric/permittivity API union,61
data/raw/thermoml/10.1016__j.jct.2004.11.004-c9b679328e71.xml,https://trc.nist.gov/ThermoML/10.1016/j.jct.2004.11.004.xml,10.1016/j.jct.2004.11.004,2026-09-22T06:42:19Z,200,"W/""2d5e-618ff0b9f99c0-gzip""","Tue, 21 May 2024 23:19:11 GMT",06bee56a3d84b6d75dd7ac953636362edc7e812cb043c09b26a9670bf998cefc,11614,live NIST dielectric/permittivity API union,0
data/raw/thermoml/10.1016__j.jct.2005.05.010-b22c057f5473.xml,https://trc.nist.gov/ThermoML/10.1016/j.jct.2005.05.010.xml,10.1016/j.jct.2005.05.010,2026-09-22T06:41:27Z,200,"W/""251c2-618ff0baedc00-gzip""","Tue, 21 May 2024 23:19:12 GMT",0bb88bf0b47e116e9a67fd8129e2f24123a5c539d9a24c502e2f5e34baf3d31c,152002,live NIST dielectric/permittivity API union,69
data/raw/thermoml/10.1016__j.jct.2005.07.018-af24c1220b01.xml,https://trc.nist.gov/ThermoML/10.1016/j.jct.2005.07.018.xml,10.1016/j.jct.2005.07.018,2026-09-22T06:38:59Z,200,"W/""36f85-618ff0baedc00-gzip""","Tue, 21 May 2024 23:19:12 GMT",b81d603eddd3237ab58601e35e2288ac13ce8cd9db12d176a132fda246a7103f,225157,live NIST dielectric/permittivity API union,0
data/raw/thermoml/10.1016__j.jct.2006.01.011-953ec74ab6d4.xml,https://trc.nist.gov/ThermoML/10.1016/j.jct.2006.01.011.xml,10.1016/j.jct.2006.01.011,2026-09-22T06:38:46Z,200,"W/""4cdb6-618ff0bbe1e40-gzip""","Tue, 21 May 2024 23:19:13 GMT",5365e3b30c666341e2c7d4c6e9ee702ba9f58e91e8d79482504e16fb6cfce27b,314806,live NIST dielectric/permittivity API union,0
data/raw/thermoml/10.1016__j.jct.2006.09.015-d5d338a19661.xml,https://trc.nist.gov/ThermoML/10.1016/j.jct.2006.09.015.xml,10.1016/j.jct.2006.09.015,2026-09-22T06:41:34Z,200,"W/""1b54e-618ff0bcd6080-gzip""","Tue, 21 May 2024 23:19:14 GMT",97e3e5824cc93ddecbeedd006d5a77e3e4a1ca2bb42fd7e10380fd4a943c475e,111950,live NIST dielectric/permittivity API union,129
data/raw/thermoml/10.1016__j.jct.2007.04.006-eebe756c5ebc.xml,https://trc.nist.gov/ThermoML/10.1016/j.jct.2007.04.006.xml,10.1016/j.jct.2007.04.006,2026-09-22T06:38:58Z,200,"W/""2ac9d-618ff0bdca2c0-gzip""","Tue, 21 May 2024 23:19:15 GMT",4f7b52ea3b2df49e2dbf08a3cf4f2b09e0ee2a31f29b92cbae741d85c88d87bc,175261,live NIST dielectric/permittivity API union,0
data/raw/thermoml/10.1016__j.jct.2007.05.006-c4f420b3645b.xml,https://trc.nist.gov/ThermoML/10.1016/j.jct.2007.05.006.xml,10.1016/j.jct.2007.05.006,2026-09-22T06:41:30Z,200,"W/""2c1c5-618ff0bdca2c0-gzip""","Tue, 21 May 2024 23:19:15 GMT",b1924ea7fbb68f6305ca35e14d3184fc3274f284a150d055499e6b078cffcbea,180677,live NIST dielectric/permittivity API union,115
data/raw/thermoml/10.1016__j.jct.2007.05.010-1dbf58ac4894.xml,https://trc.nist.gov/ThermoML/10.1016/j.jct.2007.05.010.xml,10.1016/j.jct.2007.05.010,2026-09-22T08:14:51Z,200,"W/""15afe-618ff0bdca2c0-gzip""","Tue, 21 May 2024 23:19:15 GMT",15ff7f0cf12820eef785f8cf238c2701d20d7dcff022d3cb271056b0d2575975,88830,live NIST dielectric/permittivity API union,0
data/raw/thermoml/10.1016__j.jct.2007.09.004-506d4cdbace7.xml,https://trc.nist.gov/ThermoML/10.1016/j.jct.2007.09.004.xml,10.1016/j.jct.2007.09.004,2026-09-22T06:41:45Z,200,"W/""3338b-618ff0bdca2c0-gzip""","Tue, 21 May 2024 23:19:15 GMT",6e76905a67da283374324a1a8cc4502341d6c809de97bbe9eea4ae2d41ce740a,209803,live NIST dielectric/permittivity API union,129
data/raw/thermoml/10.1016__j.jct.2008.02.015-2d3aeceb748c.xml,https://trc.nist.gov/ThermoML/10.1016/j.jct.2008.02.015.xml,10.1016/j.jct.2008.02.015,2026-09-22T06:41:52Z,200,"W/""2ec61-618ff0bebe500-gzip""","Tue, 21 May 2024 23:19:16 GMT",55971938b0e372660b794c9c92971d80dcfce69ef5fb0589731401dd9e5837ac,191585,live NIST dielectric/permittivity API union,125
data/raw/thermoml/10.1016__j.jct.2008.05.001-15c3429f629a.xml,https://trc.nist.gov/ThermoML/10.1016/j.jct.2008.05.001.xml,10.1016/j.jct.2008.05.001,2026-09-22T08:15:03Z,200,"W/""4666-618ff0bebe500-gzip""","Tue, 21 May 2024 23:19:16 GMT",e55d224db4adeda36cff74585ea5b18b7688bf1823ca997af08b6995360534ee,18022,live NIST dielectric/permittivity API union,0
data/raw/thermoml/10.1016__j.jct.2008.09.006-26d32d668650.xml,https://trc.nist.gov/ThermoML/10.1016/j.jct.2008.09.006.xml,10.1016/j.jct.2008.09.006,2026-09-22T06:41:42Z,200,"W/""39c7b-618ff0bfb2740-gzip""","Tue, 21 May 2024 23:19:17 GMT",fac691ab5f03cd711a6fa1735049bed46fcac2bcf22a6b00e1c6ee0bc4e70c0f,236667,live NIST dielectric/permittivity API union,150
data/raw/thermoml/10.1016__j.jct.2009.04.019-9fb6da118af6.xml,https://trc.nist.gov/ThermoML/10.1016/j.jct.2009.04.019.xml,10.1016/j.jct.2009.04.019,2026-09-22T08:15:18Z,200,"W/""8b2e-618ff0baedc00-gzip""","Tue, 21 May 2024 23:19:12 GMT",b0d4f5e97a120a53bdd1ae478e7e5839f68128934b09b4fa2343e84155bb07cc,35630,live NIST dielectric/permittivity API union,0
data/raw/thermoml/10.1016__j.jct.2010.03.011-53debc98a2ee.xml,https://trc.nist.gov/ThermoML/10.1016/j.jct.2010.03.011.xml,10.1016/j.jct.2010.03.011,2026-09-22T06:38:21Z,200,"W/""264ee-618ff0c0a6980-gzip""","Tue, 21 May 2024 23:19:18 GMT",c2ac65cfd59e24c648ee7145c55b1dc2d0aa7fe8c7385fbcb63a69288ce19aa2,156910,live NIST dielectric/permittivity API union,62
data/raw/thermoml/10.1016__j.jct.2010.09.008-f6e26363bf46.xml,https://trc.nist.gov/ThermoML/10.1016/j.jct.2010.09.008.xml,10.1016/j.jct.2010.09.008,2026-09-22T06:41:25Z,200,"W/""3bbb7-618ff0c19abc0-gzip""","Tue, 21 May 2024 23:19:19 GMT",44596c2f9d64df0eb6802fa1fe82b61406d72bb916143d70a41cadd404d88944,244663,live NIST dielectric/permittivity API union,146
data/raw/thermoml/10.1016__j.jct.2010.10.016-dc84aa5df3e8.xml,https://trc.nist.gov/ThermoML/10.1016/j.jct.2010.10.016.xml,10.1016/j.jct.2010.10.016,2026-09-22T06:42:03Z,200,"W/""76e33-618ff0c28ee00-gzip""","Tue, 21 May 2024 23:19:20 GMT",336748762d2d8d55b32e5c43ddeab12c10c23f720973e4d18dae33332109869a,486963,live NIST dielectric/permittivity API union,130
data/raw/thermoml/10.1016__j.jct.2010.11.009-6c306ad320ab.xml,https://trc.nist.gov/ThermoML/10.1016/j.jct.2010.11.009.xml,10.1016/j.jct.2010.11.009,2026-09-22T06:38:47Z,200,"W/""2c434-618ff0c19abc0-gzip""","Tue, 21 May 2024 23:19:19 GMT",fd9767e6d31ed38d98e184ba4ed5c89c256b4d66b61da89f8a353ab43df76939,181300,live NIST dielectric/permittivity API union,102
data/raw/thermoml/10.1016__j.jct.2011.07.021-b960d527f398.xml,https://trc.nist.gov/ThermoML/10.1016/j.jct.2011.07.021.xml,10.1016/j.jct.2011.07.021,2026-09-22T06:38:06Z,200,"W/""2d49b-618ff0c28ee00-gzip""","Tue, 21 May 2024 23:19:20 GMT",6bba0fe8b1a4dbfd0d27aadeb4b360739d7a111d8eec00f38d76640e1fa84da0,185499,live NIST dielectric/permittivity API union,111
data/raw/thermoml/10.1016__j.jct.2011.10.028-2c10edd225d5.xml,https://trc.nist.gov/ThermoML/10.1016/j.jct.2011.10.028.xml,10.1016/j.jct.2011.10.028,2026-09-22T06:38:12Z,200,"W/""7194-618ff0c383040-gzip""","Tue, 21 May 2024 23:19:21 GMT",8074c161e11bc0cfc7453ae9cfbc73cc74871b4b68fcf7de88da929043c31a38,29076,live NIST dielectric/permittivity API union,3
data/raw/thermoml/10.1016__j.jct.2012.02.011-2bdfc6f0ea85.xml,https://trc.nist.gov/ThermoML/10.1016/j.jct.2012.02.011.xml,10.1016/j.jct.2012.02.011,2026-09-22T06:41:23Z,200,"W/""3c95c-618ff0c477280-gzip""","Tue, 21 May 2024 23:19:22 GMT",7bee2fc7d41f4671f9f708a0f8c28ac6c033c2024b3ef1becfa316c882b40056,248156,live NIST dielectric/permittivity API union,326
data/raw/thermoml/10.1016__j.jct.2012.04.002-a8ab15120ed4.xml,https://trc.nist.gov/ThermoML/10.1016/j.jct.2012.04.002.xml,10.1016/j.jct.2012.04.002,2026-09-22T08:15:09Z,200,"W/""a0a9-618ff0c477280-gzip""","Tue, 21 May 2024 23:19:22 GMT",f15efc2eba336d1675340f812dc15a6de663eeb917c0a626215af32c19f001d8,41129,live NIST dielectric/permittivity API union,0
data/raw/thermoml/10.1016__j.jct.2012.04.011-8d41d80e769b.xml,https://trc.nist.gov/ThermoML/10.1016/j.jct.2012.04.011.xml,10.1016/j.jct.2012.04.011,2026-09-22T06:42:19Z,200,"W/""28062-618ff0c477280-gzip""","Tue, 21 May 2024 23:19:22 GMT",366efe9bd8247f0520ec824590fd63a5ba0cce6f2b280bc4401161ad2438eab3,163938,live NIST dielectric/permittivity API union,3
data/raw/thermoml/10.1016__j.jct.2012.05.032-9a192e4d5c7f.xml,https://trc.nist.gov/ThermoML/10.1016/j.jct.2012.05.032.xml,10.1016/j.jct.2012.05.032,2026-09-22T06:38:13Z,200,"W/""1dc61-618ff0c56b4c0-gzip""","Tue, 21 May 2024 23:19:23 GMT",e6eb4fe493e01d1e95e5c317962655c185e1047ea444ce84d5fa78b851c46ee3,121953,live NIST dielectric/permittivity API union,0
data/raw/thermoml/10.1016__j.jct.2012.08.009-8b0014258bbe.xml,https://trc.nist.gov/ThermoML/10.1016/j.jct.2012.08.009.xml,10.1016/j.jct.2012.08.009,2026-09-22T06:37:42Z,200,"W/""11d49-618ff0c56b4c0-gzip""","Tue, 21 May 2024 23:19:23 GMT",9118e2c04656be022681b766374377ff0e7fc3a6a894671b6b7992d104b969ec,73033,live NIST dielectric/permittivity API union,46
data/raw/thermoml/10.1016__j.jct.2012.11.020-bec20f14f9ca.xml,https://trc.nist.gov/ThermoML/10.1016/j.jct.2012.11.020.xml,10.1016/j.jct.2012.11.020,2026-09-22T08:15:00Z,200,"W/""3c014-618ff0c65f700-gzip""","Tue, 21 May 2024 23:19:24 GMT",c2c8f1c4c56a90d39cd0a0a90add2cf1e64ef73cb0b08a6d12ff9c0079dc34ee,245780,live NIST dielectric/permittivity API union,0
data/raw/thermoml/10.1016__j.jct.2013.05.025-591f04ad9471.xml,https://trc.nist.gov/ThermoML/10.1016/j.jct.2013.05.025.xml,10.1016/j.jct.2013.05.025,2026-09-22T06:42:11Z,200,"W/""2f47c-618ff0c753940-gzip""","Tue, 21 May 2024 23:19:25 GMT",49b2377c595751f1bc0e0f1de6760d082ded1fd4f5daef76a8f3a2d207ec253d,193660,live NIST dielectric/permittivity API union,25
data/raw/thermoml/10.1016__j.jct.2013.07.003-c3d0c74a0f7f.xml,https://trc.nist.gov/ThermoML/10.1016/j.jct.2013.07.003.xml,10.1016/j.jct.2013.07.003,2026-09-22T06:41:36Z,200,"W/""3cf53-618ff0c847b80-gzip""","Tue, 21 May 2024 23:19:26 GMT",d985a83350fb75b19238ce6a8b933bb2fe76cf1c34d05ecfcc18a2a3ad130b9e,249683,live NIST dielectric/permittivity API union,160
data/raw/thermoml/10.1016__j.jct.2013.08.002-c7d1baf130cc.xml,https://trc.nist.gov/ThermoML/10.1016/j.jct.2013.08.002.xml,10.1016/j.jct.2013.08.002,2026-09-22T06:38:22Z,200,"W/""812f-618ff0c753940-gzip""","Tue, 21 May 2024 23:19:25 GMT",f3b6a654363ec8289c24790978c9f16c2de279ae430ee44c6a3f990ad15869cc,33071,live NIST dielectric/permittivity API union,12
data/raw/thermoml/10.1016__j.jct.2013.08.034-4f9dc066f2a4.xml,https://trc.nist.gov/ThermoML/10.1016/j.jct.2013.08.034.xml,10.1016/j.jct.2013.08.034,2026-09-22T08:14:58Z,200,"W/""3a115-618ff0c847b80-gzip""","Tue, 21 May 2024 23:19:26 GMT",85e8343a7b0d07f1e8077da4beb6f3123509e13e7d3feeb4c5b3c74bf8d84f15,237845,live NIST dielectric/permittivity API union,0
data/raw/thermoml/10.1016__j.jct.2014.05.003-7c3af2401f15.xml,https://trc.nist.gov/ThermoML/10.1016/j.jct.2014.05.003.xml,10.1016/j.jct.2014.05.003,2026-09-22T06:42:20Z,200,"W/""553d5-618ff0ca30000-gzip""","Tue, 21 May 2024 23:19:28 GMT",1b591a1121797311aa54e7afeb993f00f2769c4ea3f9daec267de64a5987e4a9,349141,live NIST dielectric/permittivity API union,6
data/raw/thermoml/10.1016__j.jct.2014.07.011-cb40e099af6e.xml,https://trc.nist.gov/ThermoML/10.1016/j.jct.2014.07.011.xml,10.1016/j.jct.2014.07.011,2026-09-22T06:38:35Z,200,"W/""18628-618ff0ca30000-gzip""","Tue, 21 May 2024 23:19:28 GMT",9b74e65572bcc2489d010c352858a5dfc998cdd0cdebc71a2d4cea35aca51939,99880,live NIST dielectric/permittivity API union,0
data/raw/thermoml/10.1016__j.jct.2014.09.015-91ff54987832.xml,https://trc.nist.gov/ThermoML/10.1016/j.jct.2014.09.015.xml,10.1016/j.jct.2014.09.015,2026-09-22T06:41:57Z,200,"W/""9b911-618ff0cb24240-gzip""","Tue, 21 May 2024 23:19:29 GMT",37a13ad76e383cb8a2923a3783fedd298c908c4c1972677fa4649c2f74af9a96,637201,live NIST dielectric/permittivity API union,87
data/raw/thermoml/10.1016__j.jct.2014.12.001-6962597991fb.xml,https://trc.nist.gov/ThermoML/10.1016/j.jct.2014.12.001.xml,10.1016/j.jct.2014.12.001,2026-09-22T08:14:41Z,200,"W/""3283-618ff0cb24240-gzip""","Tue, 21 May 2024 23:19:29 GMT",0fe43e5f4461556ab460d2212e35c24a1bd7a53725dc4c796f65b3e9c3278469,12931,live NIST dielectric/permittivity API union,0
data/raw/thermoml/10.1016__j.jct.2015.02.006-ae44241b1c69.xml,https://trc.nist.gov/ThermoML/10.1016/j.jct.2015.02.006.xml,10.1016/j.jct.2015.02.006,2026-09-22T08:14:47Z,200,"W/""15a25-618ff0cb24240-gzip""","Tue, 21 May 2024 23:19:29 GMT",fb492aeaf7c3ddad80008137adfc9cc9dc2ad85b85c3995104b36cea77968c66,88613,live NIST dielectric/permittivity API union,0
data/raw/thermoml/10.1016__j.jct.2015.03.001-c72d90cf15f4.xml,https://trc.nist.gov/ThermoML/10.1016/j.jct.2015.03.001.xml,10.1016/j.jct.2015.03.001,2026-09-22T06:41:44Z,200,"W/""7afc8-618ff0cb24240-gzip""","Tue, 21 May 2024 23:19:29 GMT",e6d325250dfac1c02008f68abdf5520909b2bf5ecb0905958ea7d2cae6b1ca13,503752,live NIST dielectric/permittivity API union,330
data/raw/thermoml/10.1016__j.jct.2015.03.021-baf780968794.xml,https://trc.nist.gov/ThermoML/10.1016/j.jct.2015.03.021.xml,10.1016/j.jct.2015.03.021,2026-09-22T06:42:06Z,200,"W/""2fb03-618ff0cb24240-gzip""","Tue, 21 May 2024 23:19:29 GMT",e9ba46be25a3c2900445e9c0a0c497e4bd93bb048a49383f33172e0e6cfcf2d8,195331,live NIST dielectric/permittivity API union,14
data/raw/thermoml/10.1016__j.jct.2015.03.023-24b323828cf5.xml,https://trc.nist.gov/ThermoML/10.1016/j.jct.2015.03.023.xml,10.1016/j.jct.2015.03.023,2026-09-22T06:38:13Z,200,"W/""f984-618ff0cb24240-gzip""","Tue, 21 May 2024 23:19:29 GMT",a50b5cec3cbc90a5a68a8fa43759a41669d63f7029756ccf1778ae821c00d39c,63876,live NIST dielectric/permittivity API union,0
data/raw/thermoml/10.1016__j.jct.2015.05.006-7f7b00b0adf5.xml,https://trc.nist.gov/ThermoML/10.1016/j.jct.2015.05.006.xml,10.1016/j.jct.2015.05.006,2026-09-22T06:41:38Z,200,"W/""43d14-618ff0cc18480-gzip""","Tue, 21 May 2024 23:19:30 GMT",b6dfab59fd817103926d592cd1c81946576ed132d526c978ab8524500e339040,277780,live NIST dielectric/permittivity API union,171
data/raw/thermoml/10.1016__j.jct.2015.07.032-a2f41fd7add7.xml,https://trc.nist.gov/ThermoML/10.1016/j.jct.2015.07.032.xml,10.1016/j.jct.2015.07.032,2026-09-22T06:38:41Z,200,"W/""2b60a-618ff0cc18480-gzip""","Tue, 21 May 2024 23:19:30 GMT",da4f47f40ab54810ec7909456514ea6d2517cf2939ad57d978a52b19a9fee485,177674,live NIST dielectric/permittivity API union,219
data/raw/thermoml/10.1016__j.jct.2015.08.013-62bf4b608f41.xml,https://trc.nist.gov/ThermoML/10.1016/j.jct.2015.08.013.xml,10.1016/j.jct.2015.08.013,2026-09-22T08:14:57Z,200,"W/""3c487-618ff0cd0c6c0-gzip""","Tue, 21 May 2024 23:19:31 GMT",4bcf909c8c4805d6e4cd37b7b64dc35c68a96914773b7e5a0c1a0bfd8f9eae6a,246919,live NIST dielectric/permittivity API union,0
data/raw/thermoml/10.1016__j.jct.2015.08.021-c9eb93c54fa4.xml,https://trc.nist.gov/ThermoML/10.1016/j.jct.2015.08.021.xml,10.1016/j.jct.2015.08.021,2026-09-22T06:38:54Z,200,"W/""3c924-618ff0cd0c6c0-gzip""","Tue, 21 May 2024 23:19:31 GMT",e3fba40be77dc2bbc8fc6fe9df6ddaebed14467676cfdc61fd7bb4b494ff700f,248100,live NIST dielectric/permittivity API union,144
data/raw/thermoml/10.1016__j.jct.2016.01.001-06ba15a16602.xml,https://trc.nist.gov/ThermoML/10.1016/j.jct.2016.01.001.xml,10.1016/j.jct.2016.01.001,2026-09-22T06:38:23Z,200,"W/""7534-618ff0cd0c6c0-gzip""","Tue, 21 May 2024 23:19:31 GMT",f1278725d735944de442e5c0f91febbd9f7d36b2d551915f5dfe205169eb82a3,30004,live NIST dielectric/permittivity API union,0
data/raw/thermoml/10.1016__j.jct.2016.04.022-04af46244bd6.xml,https://trc.nist.gov/ThermoML/10.1016/j.jct.2016.04.022.xml,10.1016/j.jct.2016.04.022,2026-09-22T08:15:25Z,200,"W/""c18a-618ff0ce00900-gzip""","Tue, 21 May 2024 23:19:32 GMT",3143a9020844250fdb256c61c1e9dee80088babc6548de6c3cf5dd6f9549d61b,49546,live NIST dielectric/permittivity API union,0
data/raw/thermoml/10.1016__j.jct.2016.06.005-e28e0f469410.xml,https://trc.nist.gov/ThermoML/10.1016/j.jct.2016.06.005.xml,10.1016/j.jct.2016.06.005,2026-09-22T06:38:16Z,200,"W/""37fe-618ff0ce00900-gzip""","Tue, 21 May 2024 23:19:32 GMT",90a3ae13cf28b2e213a2126a3770daf28e3dbfec3b5069aea8e3a002fd222557,14334,live NIST dielectric/permittivity API union,0
data/raw/thermoml/10.1016__j.jct.2016.07.002-ed3a9046ff64.xml,https://trc.nist.gov/ThermoML/10.1016/j.jct.2016.07.002.xml,10.1016/j.jct.2016.07.002,2026-09-22T06:41:40Z,200,"W/""a8d8c-618ff0cef4b40-gzip""","Tue, 21 May 2024 23:19:33 GMT",3f62975e4bd2a8511388d159cd33359dc52f4cffae3aaa64728cd584b3b4db0d,691596,live NIST dielectric/permittivity API union,220
data/raw/thermoml/10.1016__j.jct.2016.07.014-d936fbaa64fe.xml,https://trc.nist.gov/ThermoML/10.1016/j.jct.2016.07.014.xml,10.1016/j.jct.2016.07.014,2026-09-22T06:38:34Z,200,"W/""1bc33-618ff0cfe8d80-gzip""","Tue, 21 May 2024 23:19:34 GMT",e6a404cc44bd9fdd384fd186ad0b2b31c50f2f12ce663385b913595f3a955e83,113715,live NIST dielectric/permittivity API union,0
data/raw/thermoml/10.1016__j.jct.2016.09.008-dc9136cb7357.xml,https://trc.nist.gov/ThermoML/10.1016/j.jct.2016.09.008.xml,10.1016/j.jct.2016.09.008,2026-09-22T08:15:26Z,200,"W/""1c441-618ff0d0dcfc0-gzip""","Tue, 21 May 2024 23:19:35 GMT",b4420704244ed91a574c624012c5ffb3f670644fa14c4407f060a3ce1720df00,115777,live NIST dielectric/permittivity API union,0
data/raw/thermoml/10.1016__j.jct.2017.03.016-f2f1bd2e473a.xml,https://trc.nist.gov/ThermoML/10.1016/j.jct.2017.03.016.xml,10.1016/j.jct.2017.03.016,2026-09-22T06:38:26Z,200,"W/""1e6ca-618ff0d1d1200-gzip""","Tue, 21 May 2024 23:19:36 GMT",df1b8a55d266f7dd85420a6f4cd7261d5a7572f5b71ebe4d8682756dce1181ef,124618,live NIST dielectric/permittivity API union,0
data/raw/thermoml/10.1016__j.jct.2017.06.020-7adc011d5187.xml,https://trc.nist.gov/ThermoML/10.1016/j.jct.2017.06.020.xml,10.1016/j.jct.2017.06.020,2026-09-22T06:38:31Z,200,"W/""31ce9-618ff0d2c5440-gzip""","Tue, 21 May 2024 23:19:37 GMT",8cfe2308d076354eefb326a5ce1dd211706b17756f489dc26e91d93cd78e5f6f,204009,live NIST dielectric/permittivity API union,95
data/raw/thermoml/10.1016__j.jct.2017.11.011-de6c184c00b4.xml,https://trc.nist.gov/ThermoML/10.1016/j.jct.2017.11.011.xml,10.1016/j.jct.2017.11.011,2026-09-22T06:41:37Z,200,"W/""351dc-618ff0d3b9680-gzip""","Tue, 21 May 2024 23:19:38 GMT",c3b8eebb3fe8fe2518d3d726abcf56b7461ae9a093ee67029d2123500b18db9b,217564,live NIST dielectric/permittivity API union,261
data/raw/thermoml/10.1016__j.jct.2017.11.016-39b8f7804b86.xml,https://trc.nist.gov/ThermoML/10.1016/j.jct.2017.11.016.xml,10.1016/j.jct.2017.11.016,2026-09-22T06:38:28Z,200,"W/""47658-618ff0d3b9680-gzip""","Tue, 21 May 2024 23:19:38 GMT",99fa8203a87fbdaf288d2cad81b997c3d4039405ceb70cd1fb4daaf5caaba4ba,292440,live NIST dielectric/permittivity API union,0
data/raw/thermoml/10.1016__j.jct.2018.02.005-e2d964fded15.xml,https://trc.nist.gov/ThermoML/10.1016/j.jct.2018.02.005.xml,10.1016/j.jct.2018.02.005,2026-09-22T06:38:51Z,200,"W/""33330-618ff0d4ad8c0-gzip""","Tue, 21 May 2024 23:19:39 GMT",bda29e71b4560c8184d9d09fa03c38d772a3e6a39a4fa6246159e9b910b0ed9b,209712,live NIST dielectric/permittivity API union,0
data/raw/thermoml/10.1016__j.jct.2018.04.007-cd4369ba580f.xml,https://trc.nist.gov/ThermoML/10.1016/j.jct.2018.04.007.xml,10.1016/j.jct.2018.04.007,2026-09-22T08:15:10Z,200,"W/""5de6-618ff0d2c5440-gzip""","Tue, 21 May 2024 23:19:37 GMT",038c1c5e28f66ffa871dc1c62f89c5b607cb67da0a11abf3891d5a75b3aa37fc,24038,live NIST dielectric/permittivity API union,0
data/raw/thermoml/10.1016__j.jct.2018.05.007-9ddab128dc35.xml,https://trc.nist.gov/ThermoML/10.1016/j.jct.2018.05.007.xml,10.1016/j.jct.2018.05.007,2026-09-22T08:14:53Z,200,"W/""15589-618ff0d5a1b00-gzip""","Tue, 21 May 2024 23:19:40 GMT",bea442f08ce8462eaa8a928c5935bc9735736fdd08302616d70c3497b334cef2,87433,live NIST dielectric/permittivity API union,0
data/raw/thermoml/10.1016__j.jct.2018.07.011-4f4097b32ee9.xml,https://trc.nist.gov/ThermoML/10.1016/j.jct.2018.07.011.xml,10.1016/j.jct.2018.07.011,2026-09-22T06:37:50Z,200,"W/""17a66-618ff0d4ad8c0-gzip""","Tue, 21 May 2024 23:19:39 GMT",c707ea61099494d66fb7677c54e12b826b294e37d4af0fb1570ae3360f0e4eba,96870,live NIST dielectric/permittivity API union,109
data/raw/thermoml/10.1016__j.jct.2018.09.010-455ce0046abe.xml,https://trc.nist.gov/ThermoML/10.1016/j.jct.2018.09.010.xml,10.1016/j.jct.2018.09.010,2026-09-22T03:19:11Z,200,"W/""15728-618ff0d5a1b00-gzip""","Tue, 21 May 2024 23:19:40 GMT",d13dce519084760d16c03fe2b4872f6e91352d94d4fe53eede3502e7031df030,87848,live NIST dielectric/permittivity API union,47
data/raw/thermoml/10.1016__j.jct.2018.10.016-03e3c543c44b.xml,https://trc.nist.gov/ThermoML/10.1016/j.jct.2018.10.016.xml,10.1016/j.jct.2018.10.016,2026-09-22T08:14:35Z,200,"W/""12096-618ff0d5a1b00-gzip""","Tue, 21 May 2024 23:19:40 GMT",2e2aece102f70b24b2d4226d37d0ef3b8d4ad6790110d6a2a946a550abe64dd7,73878,live NIST dielectric/permittivity API union,0
data/raw/thermoml/10.1016__j.jct.2018.12.025-8db33300216b.xml,https://trc.nist.gov/ThermoML/10.1016/j.jct.2018.12.025.xml,10.1016/j.jct.2018.12.025,2026-09-22T06:41:22Z,200,"W/""4ff1-618ff0d695d40-gzip""","Tue, 21 May 2024 23:19:41 GMT",9cc424d477710b8b7268aa441f76992f9c3f5c01189b839ce8dc8961608c44a9,20465,live NIST dielectric/permittivity API union,6
data/raw/thermoml/10.1016__j.jct.2019.03.027-4ecedcdb2c12.xml,https://trc.nist.gov/ThermoML/10.1016/j.jct.2019.03.027.xml,10.1016/j.jct.2019.03.027,2026-09-22T06:37:57Z,200,"W/""d330-618ff0d789f80-gzip""","Tue, 21 May 2024 23:19:42 GMT",15933185bfd56450478688fb259e6ebd847ad61094676eefbc9d962b5ddc0705,54064,live NIST dielectric/permittivity API union,0
data/raw/thermoml/10.1016__j.tca.2010.04.013-c28ac697c4dc.xml,https://trc.nist.gov/ThermoML/10.1016/j.tca.2010.04.013.xml,10.1016/j.tca.2010.04.013,2026-09-22T06:38:02Z,200,"W/""1b4bc-618ff0dc4eac0-gzip""","Tue, 21 May 2024 23:19:47 GMT",e5b8ca094759278f6f2a040c022349a8bf9744cc69c26544d6ddd677ab48256e,111804,live NIST dielectric/permittivity API union,124
data/raw/thermoml/10.1016__j.tca.2010.09.013-9097d4d0a6d3.xml,https://trc.nist.gov/ThermoML/10.1016/j.tca.2010.09.013.xml,10.1016/j.tca.2010.09.013,2026-09-22T08:14:57Z,200,"W/""718c-618ff0dc4eac0-gzip""","Tue, 21 May 2024 23:19:47 GMT",3b3ce60f34e17ac5c338bcb98a0d3c996f3e6e20c047a57339430cab01a5c73e,29068,live NIST dielectric/permittivity API union,0
data/raw/thermoml/10.1016__j.tca.2010.10.012-964f2de17f6c.xml,https://trc.nist.gov/ThermoML/10.1016/j.tca.2010.10.012.xml,10.1016/j.tca.2010.10.012,2026-09-22T08:14:44Z,200,"W/""9df2-618ff0dc4eac0-gzip""","Tue, 21 May 2024 23:19:47 GMT",6e0e39bd26a247098413153ed5585bc4bc759eb9392596aaf1fba9e79e9acfb1,40434,live NIST dielectric/permittivity API union,0
data/raw/thermoml/10.1016__j.tca.2012.05.036-7a79b7cbe9e4.xml,https://trc.nist.gov/ThermoML/10.1016/j.tca.2012.05.036.xml,10.1016/j.tca.2012.05.036,2026-09-22T06:38:42Z,200,"W/""32480-618ff0dc4eac0-gzip""","Tue, 21 May 2024 23:19:47 GMT",091505120540b46017ff02d6fa141167badef247be101460581dbd0dd10bab68,205952,live NIST dielectric/permittivity API union,150
data/raw/thermoml/10.1016__j.tca.2012.10.004-2df5b3cc585c.xml,https://trc.nist.gov/ThermoML/10.1016/j.tca.2012.10.004.xml,10.1016/j.tca.2012.10.004,2026-09-22T06:37:55Z,200,"W/""37aa6-618ff0de36f40-gzip""","Tue, 21 May 2024 23:19:49 GMT",0e2bacf087baf8c7248033da38f2a1ef49132f47d82b30a7b20fb534cf2bb54d,228006,live NIST dielectric/permittivity API union,104
data/raw/thermoml/10.1016__j.tca.2012.10.024-875129d55c7d.xml,https://trc.nist.gov/ThermoML/10.1016/j.tca.2012.10.024.xml,10.1016/j.tca.2012.10.024,2026-09-22T06:38:37Z,200,"W/""34602-618ff0de36f40-gzip""","Tue, 21 May 2024 23:19:49 GMT",4ded1ead50f8e637824b9870578c5bf4896cf2e175d951b9b84ba3951bdd7426,214530,live NIST dielectric/permittivity API union,141
data/raw/thermoml/10.1016__j.tca.2013.05.022-25c5c6642852.xml,https://trc.nist.gov/ThermoML/10.1016/j.tca.2013.05.022.xml,10.1016/j.tca.2013.05.022,2026-09-22T06:37:39Z,200,"W/""1b4a6-618ff0dc4eac0-gzip""","Tue, 21 May 2024 23:19:47 GMT",f0f23f385a1d041d566575e26937a5efa0c3d758ea80f9b248f7a7c57c6f2dec,111782,live NIST dielectric/permittivity API union,132
data/raw/thermoml/10.1016__j.tca.2013.10.035-8846a37fbf21.xml,https://trc.nist.gov/ThermoML/10.1016/j.tca.2013.10.035.xml,10.1016/j.tca.2013.10.035,2026-09-22T06:38:05Z,200,"W/""8470-618ff0df2b180-gzip""","Tue, 21 May 2024 23:19:50 GMT",ceb9834061a5b5a851bb998c262db9fb712f5c295d8f9e448f413d1a1fc4a4a4,33904,live NIST dielectric/permittivity API union,0
data/raw/thermoml/10.1016__j.tca.2013.11.010-cdd65386e7a0.xml,https://trc.nist.gov/ThermoML/10.1016/j.tca.2013.11.010.xml,10.1016/j.tca.2013.11.010,2026-09-22T06:42:09Z,200,"W/""4f069-618ff0df2b180-gzip""","Tue, 21 May 2024 23:19:50 GMT",1258a5fe7a5af26ad3162da9bd6fc878c45644acf4f8740a4d5431a8de4e3747,323689,live NIST dielectric/permittivity API union,75
data/raw/thermoml/10.1016__j.tca.2014.08.013-30587a790990.xml,https://trc.nist.gov/ThermoML/10.1016/j.tca.2014.08.013.xml,10.1016/j.tca.2014.08.013,2026-09-22T08:15:08Z,200,"W/""b289-618ff0df2b180-gzip""","Tue, 21 May 2024 23:19:50 GMT",1dbeb3335c524dcb10329feac92285f7bad249c95d3c9f3192f5ac813ced841e,45705,live NIST dielectric/permittivity API union,0
data/raw/thermoml/10.1016__j.tca.2015.01.017-497f49daa071.xml,https://trc.nist.gov/ThermoML/10.1016/j.tca.2015.01.017.xml,10.1016/j.tca.2015.01.017,2026-09-22T06:37:54Z,200,"W/""6080-618ff0e01f3c0-gzip""","Tue, 21 May 2024 23:19:51 GMT",f19929a0095f271c644a7f810ac235deffeb68b50211ec8ef196430287463904,24704,live NIST dielectric/permittivity API union,0
data/raw/thermoml/10.1016__j.tca.2015.08.011-c621f81d40d6.xml,https://trc.nist.gov/ThermoML/10.1016/j.tca.2015.08.011.xml,10.1016/j.tca.2015.08.011,2026-09-22T03:17:31Z,200,"W/""46cf-618ff0de36f40-gzip""","Tue, 21 May 2024 23:19:49 GMT",a94a7f5bfe4971149f802a995eff4aa8ae423d32f080311aabbb5b89e298781a,18127,live NIST dielectric/permittivity API union,0
data/raw/thermoml/10.1016__j.tca.2015.08.013-070762efffd3.xml,https://trc.nist.gov/ThermoML/10.1016/j.tca.2015.08.013.xml,10.1016/j.tca.2015.08.013,2026-09-22T06:42:10Z,200,"W/""80f05-618ff0de36f40-gzip""","Tue, 21 May 2024 23:19:49 GMT",ac0dadd4e5e13ba00d6538b7ced887c470d97e210ee8d97e50b9b44d39526a8c,528133,live NIST dielectric/permittivity API union,61
data/raw/thermoml/10.1016__j.tca.2015.11.012-6e0dba24e417.xml,https://trc.nist.gov/ThermoML/10.1016/j.tca.2015.11.012.xml,10.1016/j.tca.2015.11.012,2026-09-22T06:38:19Z,200,"W/""2f9d-618ff0e01f3c0-gzip""","Tue, 21 May 2024 23:19:51 GMT",01cc6a12d5267112304e988e62d35f7f6173a12376f24b66fd2576114f629c1b,12189,live NIST dielectric/permittivity API union,0
data/raw/thermoml/10.1016__j.tca.2016.03.002-3efcbcdb8e0b.xml,https://trc.nist.gov/ThermoML/10.1016/j.tca.2016.03.002.xml,10.1016/j.tca.2016.03.002,2026-09-22T06:38:15Z,200,"W/""2bf36-618ff0e01f3c0-gzip""","Tue, 21 May 2024 23:19:51 GMT",1f5832e37abde59a781d948e6a53d4da768c73e3ee4145c1d372a22e73f78296,180022,live NIST dielectric/permittivity API union,57
data/raw/thermoml/10.1016__j.tca.2016.03.003-0a40f51b0114.xml,https://trc.nist.gov/ThermoML/10.1016/j.tca.2016.03.003.xml,10.1016/j.tca.2016.03.003,2026-09-22T06:37:47Z,200,"W/""10575-618ff0e01f3c0-gzip""","Tue, 21 May 2024 23:19:51 GMT",e7cde185049f3d151f7f4faeff50eb2d06db33a3fa22069e345d19d45a10783f,66933,live NIST dielectric/permittivity API union,0
data/raw/thermoml/10.1016__j.tca.2016.03.009-969436319cd5.xml,https://trc.nist.gov/ThermoML/10.1016/j.tca.2016.03.009.xml,10.1016/j.tca.2016.03.009,2026-09-22T06:38:17Z,200,"W/""280b-618ff0e01f3c0-gzip""","Tue, 21 May 2024 23:19:51 GMT",2b48424f9b32173a74abb0b27ce6063841ad095654f704618a03a75291d1a163,10251,live NIST dielectric/permittivity API union,0
data/raw/thermoml/10.1016__j.tca.2016.05.007-6d8ea7fe2739.xml,https://trc.nist.gov/ThermoML/10.1016/j.tca.2016.05.007.xml,10.1016/j.tca.2016.05.007,2026-09-22T06:37:49Z,200,"W/""35a46-618ff0e01f3c0-gzip""","Tue, 21 May 2024 23:19:51 GMT",ffbb46bc08d6faff338be70f24aa938e5e4e32f84358ee94827bfc108655071e,219718,live NIST dielectric/permittivity API union,0
data/raw/thermoml/10.1016__j.tca.2017.03.018-7ceaa180c27f.xml,https://trc.nist.gov/ThermoML/10.1016/j.tca.2017.03.018.xml,10.1016/j.tca.2017.03.018,2026-09-22T06:37:45Z,200,"W/""ec11-618ff0e01f3c0-gzip""","Tue, 21 May 2024 23:19:51 GMT",7a30e50e233977b40b2cd677c851cfb7e7bcb854081f3dbd9081afcbd87818c3,60433,live NIST dielectric/permittivity API union,68
data/raw/thermoml/10.1016__j.tca.2017.09.023-c500db54c530.xml,https://trc.nist.gov/ThermoML/10.1016/j.tca.2017.09.023.xml,10.1016/j.tca.2017.09.023,2026-09-22T06:38:57Z,200,"W/""171c0-618ff0e01f3c0-gzip""","Tue, 21 May 2024 23:19:51 GMT",f54bbee36b35bf7746d483e80e31606e9e1692f033332287c4317654ca268b0c,94656,live NIST dielectric/permittivity API union,0
data/raw/thermoml/10.1016__j.tca.2017.09.024-7f5faa0c5f73.xml,https://trc.nist.gov/ThermoML/10.1016/j.tca.2017.09.024.xml,10.1016/j.tca.2017.09.024,2026-09-22T06:37:51Z,200,"W/""6a2c-618ff0e01f3c0-gzip""","Tue, 21 May 2024 23:19:51 GMT",1c9ea9349745446cf9fc67b46f553c3a467a26e00c3525cef89e5f8279483089,27180,live NIST dielectric/permittivity API union,0
data/raw/thermoml/10.1016__j.tca.2018.04.014-0a68391543d8.xml,https://trc.nist.gov/ThermoML/10.1016/j.tca.2018.04.014.xml,10.1016/j.tca.2018.04.014,2026-09-22T06:38:08Z,200,"W/""12626-618ff0e113600-gzip""","Tue, 21 May 2024 23:19:52 GMT",6a635f01c53f8cae6d852de8e1b20872dafdc044d7b35684d99891ef1093e013,75302,live NIST dielectric/permittivity API union,0
data/raw/thermoml/10.1016__j.tca.2019.03.028-25bcac87f771.xml,https://trc.nist.gov/ThermoML/10.1016/j.tca.2019.03.028.xml,10.1016/j.tca.2019.03.028,2026-09-22T06:38:45Z,200,"W/""2281e-618ff0e113600-gzip""","Tue, 21 May 2024 23:19:52 GMT",a8a3d560b23dfd573794683a28d4d28e74988ed3423166721464dea6281188b6,141342,live NIST dielectric/permittivity API union,19
data/raw/thermoml/10.1016__j.tca.2019.178339-a3883d7b5d47.xml,https://trc.nist.gov/ThermoML/10.1016/j.tca.2019.178339.xml,10.1016/j.tca.2019.178339,2026-09-22T06:42:00Z,200,"W/""6cfc-618ff0e113600-gzip""","Tue, 21 May 2024 23:19:52 GMT",1e62b728502238607eb769f5943d27e72c526845727e2f9996f3c91eb65becb7,27900,live NIST dielectric/permittivity API union,9
data/raw/thermoml/10.1021__acs.jced.5b00064-2d498f1672a6.xml,https://trc.nist.gov/ThermoML/10.1021/acs.jced.5b00064.xml,10.1021/acs.jced.5b00064,2026-09-22T08:14:41Z,200,"W/""17f4d-618ff0e2fba80-gzip""","Tue, 21 May 2024 23:19:54 GMT",8e77348cc10d394ca436523d85be208e64ba7971f58dc65b935f6907913d5abc,98125,live NIST dielectric/permittivity API union,0
data/raw/thermoml/10.1021__acs.jced.5b00131-e6f34463c6a9.xml,https://trc.nist.gov/ThermoML/10.1021/acs.jced.5b00131.xml,10.1021/acs.jced.5b00131,2026-09-22T06:37:41Z,200,"W/""6afc-618ff0e2fba80-gzip""","Tue, 21 May 2024 23:19:54 GMT",464c74619f7e5f6516bb75f135004db0664c72809230b53f9d9920f5c18164c6,27388,live NIST dielectric/permittivity API union,0
data/raw/thermoml/10.1021__acs.jced.5b00256-b7595ae21888.xml,https://trc.nist.gov/ThermoML/10.1021/acs.jced.5b00256.xml,10.1021/acs.jced.5b00256,2026-09-22T06:38:32Z,200,"W/""1d480-618ff0e2fba80-gzip""","Tue, 21 May 2024 23:19:54 GMT",2ba1746fc4e63b09f0df0bd49c035d07c4d24973a9a094ce4d3868b286032c5e,119936,live NIST dielectric/permittivity API union,72
data/raw/thermoml/10.1021__acs.jced.5b00369-24dbf73cb812.xml,https://trc.nist.gov/ThermoML/10.1021/acs.jced.5b00369.xml,10.1021/acs.jced.5b00369,2026-09-22T03:19:10Z,200,"W/""2b81f-618ff0e3efcc0-gzip""","Tue, 21 May 2024 23:19:55 GMT",a0de6fe5a6d98e680f04502b87f9f7b15a4a28769675491285fb3458d51620e3,178207,live NIST dielectric/permittivity API union,230
data/raw/thermoml/10.1021__acs.jced.5b00395-6ff5d6f7ba84.xml,https://trc.nist.gov/ThermoML/10.1021/acs.jced.5b00395.xml,10.1021/acs.jced.5b00395,2026-09-22T06:39:03Z,200,"W/""47096-618ff0e3efcc0-gzip""","Tue, 21 May 2024 23:19:55 GMT",a5aa9ee6d1709c0dc25babc428899794188f3ea4247b7de8c7263cfbe841ccd5,290966,live NIST dielectric/permittivity API union,0
data/raw/thermoml/10.1021__acs.jced.5b00669-cb0ae0c807bf.xml,https://trc.nist.gov/ThermoML/10.1021/acs.jced.5b00669.xml,10.1021/acs.jced.5b00669,2026-09-22T08:14:29Z,200,"W/""7737-618ff0e4e3f00-gzip""","Tue, 21 May 2024 23:19:56 GMT",26eb1fbc7dac9537b1ef01c22de38be27fd710b90f8f4509755d21e54be01c71,30519,live NIST dielectric/permittivity API union,0
data/raw/thermoml/10.1021__acs.jced.5b00771-6ed93ab18e30.xml,https://trc.nist.gov/ThermoML/10.1021/acs.jced.5b00771.xml,10.1021/acs.jced.5b00771,2026-09-22T06:38:55Z,200,"W/""25f01-618ff0e4e3f00-gzip""","Tue, 21 May 2024 23:19:56 GMT",c86a709266c642d0f4900dec5298c520f1dfd463b02e941620bcbdef4ba63149,155393,live NIST dielectric/permittivity API union,0
data/raw/thermoml/10.1021__acs.jced.5b01102-570ee704d12e.xml,https://trc.nist.gov/ThermoML/10.1021/acs.jced.5b01102.xml,10.1021/acs.jced.5b01102,2026-09-22T06:37:53Z,200,"W/""12f12-618ff0e6cc380-gzip""","Tue, 21 May 2024 23:19:58 GMT",a49a7c63e739231bb51b6f829cef079d42da8f33e3d18fa7ec07733b60de0b34,77586,live NIST dielectric/permittivity API union,0
data/raw/thermoml/10.1021__acs.jced.6b00660-7957dcd2b688.xml,https://trc.nist.gov/ThermoML/10.1021/acs.jced.6b00660.xml,10.1021/acs.jced.6b00660,2026-09-22T08:15:22Z,200,"W/""40a81-618ff0e8b4800-gzip""","Tue, 21 May 2024 23:20:00 GMT",d226f5005efe357db452060b6def5b461a23fe5adec4c1488ae69151a68818e2,264833,live NIST dielectric/permittivity API union,0
data/raw/thermoml/10.1021__acs.jced.6b01043-0cc51be93293.xml,https://trc.nist.gov/ThermoML/10.1021/acs.jced.6b01043.xml,10.1021/acs.jced.6b01043,2026-09-22T06:37:43Z,200,"W/""dedb-618ff0e8b4800-gzip""","Tue, 21 May 2024 23:20:00 GMT",8ff391ad61047761a613d2f6d2cc4035b83803bf1b7031552d834fda02a4f28b,57051,live NIST dielectric/permittivity API union,59
data/raw/thermoml/10.1021__acs.jced.7b00298-9b2a21265f66.xml,https://trc.nist.gov/ThermoML/10.1021/acs.jced.7b00298.xml,10.1021/acs.jced.7b00298,2026-09-22T06:38:40Z,200,"W/""28974-618ff0e9a8a40-gzip""","Tue, 21 May 2024 23:20:01 GMT",c674b00381c00383284ef8741b0f0b2e24e08233782d32bf26b5fc6362523c97,166260,live NIST dielectric/permittivity API union,0
data/raw/thermoml/10.1021__acs.jced.7b00578-87e2289718a7.xml,https://trc.nist.gov/ThermoML/10.1021/acs.jced.7b00578.xml,10.1021/acs.jced.7b00578,2026-09-22T08:15:01Z,200,"W/""29ec3-618ff0ea9cc80-gzip""","Tue, 21 May 2024 23:20:02 GMT",45411acb027bc6d7d357eb8695cd737fa5add13754c1c8347bc1dc2c5e9d6315,171715,live NIST dielectric/permittivity API union,0
data/raw/thermoml/10.1021__acs.jced.7b00581-4f75c97b4dec.xml,https://trc.nist.gov/ThermoML/10.1021/acs.jced.7b00581.xml,10.1021/acs.jced.7b00581,2026-09-22T08:14:38Z,200,"W/""2dd3-618ff0ea9cc80-gzip""","Tue, 21 May 2024 23:20:02 GMT",4ea8488fd1f63c39ed5e03c11bd199d2059f3de5f336336b6328565954f15dcb,11731,live NIST dielectric/permittivity API union,0
data/raw/thermoml/10.1021__acs.jced.7b00638-8b8ad6e1cc38.xml,https://trc.nist.gov/ThermoML/10.1021/acs.jced.7b00638.xml,10.1021/acs.jced.7b00638,2026-09-22T06:38:39Z,200,"W/""2edd3-618ff0ea9cc80-gzip""","Tue, 21 May 2024 23:20:02 GMT",6f40a4f05dea191d36bb11189ec6bbc744fb790f55a1eec074758840d28d45b2,191955,live NIST dielectric/permittivity API union,0
data/raw/thermoml/10.1021__acs.jced.7b00948-568e02cc1906.xml,https://trc.nist.gov/ThermoML/10.1021/acs.jced.7b00948.xml,10.1021/acs.jced.7b00948,2026-09-22T08:15:02Z,200,"W/""3c417-618ff0eb90ec0-gzip""","Tue, 21 May 2024 23:20:03 GMT",d66aa5e9d13d253cd334391ea58d7df6070c3d68b6e424a42a48274644785510,246807,live NIST dielectric/permittivity API union,0
data/raw/thermoml/10.1021__acs.jced.7b01107-07dcc7917989.xml,https://trc.nist.gov/ThermoML/10.1021/acs.jced.7b01107.xml,10.1021/acs.jced.7b01107,2026-09-22T08:14:49Z,200,"W/""15671-618ff0ec85100-gzip""","Tue, 21 May 2024 23:20:04 GMT",a6e18cb8b37f596cb8f088046805b83c5689dfc7d5c22dd362248e341bdd4d10,87665,live NIST dielectric/permittivity API union,0
data/raw/thermoml/10.1021__acs.jced.8b00153-fc34baf7d8a6.xml,https://trc.nist.gov/ThermoML/10.1021/acs.jced.8b00153.xml,10.1021/acs.jced.8b00153,2026-09-22T06:42:15Z,200,"W/""77bec-618ff0ec85100-gzip""","Tue, 21 May 2024 23:20:04 GMT",88303e38a72c69044fcb13953e67bc10d0ffdca052380bd8f006c153a9eb6ff2,490476,live NIST dielectric/permittivity API union,50
data/raw/thermoml/10.1021__acs.jced.8b00217-9815093b6cf9.xml,https://trc.nist.gov/ThermoML/10.1021/acs.jced.8b00217.xml,10.1021/acs.jced.8b00217,2026-09-22T06:41:55Z,200,"W/""33f69-618ff0ed79340-gzip""","Tue, 21 May 2024 23:20:05 GMT",b64ee50072fdc3e40c631200b8b83107753878cc61fc804479cae024826a043d,212841,live NIST dielectric/permittivity API union,76
data/raw/thermoml/10.1021__acs.jced.8b00250-aa79cf2e62e1.xml,https://trc.nist.gov/ThermoML/10.1021/acs.jced.8b00250.xml,10.1021/acs.jced.8b00250,2026-09-22T06:38:24Z,200,"W/""56d1-618ff0ed79340-gzip""","Tue, 21 May 2024 23:20:05 GMT",b3be978272c554e10e3c509f248468f6c7a88b9015e9af0e62b34a0189e6e8f3,22225,live NIST dielectric/permittivity API union,0
data/raw/thermoml/10.1021__acs.jced.8b00755-5753d3b1904a.xml,https://trc.nist.gov/ThermoML/10.1021/acs.jced.8b00755.xml,10.1021/acs.jced.8b00755,2026-09-22T06:38:52Z,200,"W/""46e70-618ff0ef617c0-gzip""","Tue, 21 May 2024 23:20:07 GMT",a4d9bf2cde22cfc4b0f9fe4d1c7767ba1564cbeea5b823f30e85daf862956742,290416,live NIST dielectric/permittivity API union,123
data/raw/thermoml/10.1021__acs.jced.8b01001-63d15aad3771.xml,https://trc.nist.gov/ThermoML/10.1021/acs.jced.8b01001.xml,10.1021/acs.jced.8b01001,2026-09-22T06:38:50Z,200,"W/""14a6d-618ff0ef617c0-gzip""","Tue, 21 May 2024 23:20:07 GMT",a27413a4dc7331f0ab64c31f3ca5f7b00c34094675cf3a5b4c845b99b855532b,84589,live NIST dielectric/permittivity API union,0
data/raw/thermoml/10.1021__acs.jced.9b00059-723581bc19c6.xml,https://trc.nist.gov/ThermoML/10.1021/acs.jced.9b00059.xml,10.1021/acs.jced.9b00059,2026-09-22T06:38:38Z,200,"W/""999a-618ff0f055a00-gzip""","Tue, 21 May 2024 23:20:08 GMT",12d6e7db9dc7b11006d6e1e7312c04faa7ae5510780547ce1495bff4651469d2,39322,live NIST dielectric/permittivity API union,0
data/raw/thermoml/10.1021__je030127e-b45bcaccbff3.xml,https://trc.nist.gov/ThermoML/10.1021/je030127e.xml,10.1021/je030127e,2026-09-22T06:42:13Z,200,"W/""1299a-618ff0f51a540-gzip""","Tue, 21 May 2024 23:20:13 GMT",137e37438fdae14525e80753e6f877f38ee7278fb19ec25945a807cce8201a50,76186,live NIST dielectric/permittivity API union,0
data/raw/thermoml/10.1021__je034096z-ae6c7d5123ad.xml,https://trc.nist.gov/ThermoML/10.1021/je034096z.xml,10.1021/je034096z,2026-09-22T08:15:15Z,200,"W/""2a840-618ff0f60e780-gzip""","Tue, 21 May 2024 23:20:14 GMT",e1dace98786fd0312c9b1ccef3145b20889fa12b4c6cd772be59b4f28f6fbf4f,174144,live NIST dielectric/permittivity API union,0
data/raw/thermoml/10.1021__je034173q-c5aa3206b3fa.xml,https://trc.nist.gov/ThermoML/10.1021/je034173q.xml,10.1021/je034173q,2026-09-22T08:15:19Z,200,"W/""1061b-618ff0f7029c0-gzip""","Tue, 21 May 2024 23:20:15 GMT",5011cb292128f8e093e36d157b3d5e25d95bb3cafd24afc1f6b56ef4edf5bf60,67099,live NIST dielectric/permittivity API union,0
data/raw/thermoml/10.1021__je040006u-1883d1fc1d4e.xml,https://trc.nist.gov/ThermoML/10.1021/je040006u.xml,10.1021/je040006u,2026-09-22T06:41:58Z,200,"W/""1520a-618ff0f7029c0-gzip""","Tue, 21 May 2024 23:20:15 GMT",a4f67abaf7105e47e7fa3a5e3d163f2bed4e0bbf64f498c225438797a1de598a,86538,live NIST dielectric/permittivity API union,0
data/raw/thermoml/10.1021__je0496903-4c390c3525bd.xml,https://trc.nist.gov/ThermoML/10.1021/je0496903.xml,10.1021/je0496903,2026-09-22T08:14:45Z,200,"W/""192e4-618ff0f7f6c00-gzip""","Tue, 21 May 2024 23:20:16 GMT",d0999f7570cb3d85363d0cae5d05affdbc1aa6fe96889a0cb6a9e48e9444429f,103140,live NIST dielectric/permittivity API union,0
data/raw/thermoml/10.1021__je0497698-c52f53d82e96.xml,https://trc.nist.gov/ThermoML/10.1021/je0497698.xml,10.1021/je0497698,2026-09-22T08:15:23Z,200,"W/""237fc-618ff0f7f6c00-gzip""","Tue, 21 May 2024 23:20:16 GMT",4e7b39647da34bbf993460dd439938036983527c9d3c965beb9964e4a94dbe51,145404,live NIST dielectric/permittivity API union,0
data/raw/thermoml/10.1021__je049950g-56c536e4428f.xml,https://trc.nist.gov/ThermoML/10.1021/je049950g.xml,10.1021/je049950g,2026-09-22T08:14:32Z,200,"W/""8908-618ff0f8eae40-gzip""","Tue, 21 May 2024 23:20:17 GMT",2ddb114f1000eeb68a83b1a1774764d8bc28c20ba23a636c3c04777f6fb4eb4d,35080,live NIST dielectric/permittivity API union,0
data/raw/thermoml/10.1021__je050075o-e9446efe58e5.xml,https://trc.nist.gov/ThermoML/10.1021/je050075o.xml,10.1021/je050075o,2026-09-22T06:41:29Z,200,"W/""a47e-618ff0f8eae40-gzip""","Tue, 21 May 2024 23:20:17 GMT",b79f3e88134fb3180be9784d0490bc8a66013446da7e7a28d49fac3e9de1e85a,42110,live NIST dielectric/permittivity API union,0
data/raw/thermoml/10.1021__je050116g-fa71e9de8a9a.xml,https://trc.nist.gov/ThermoML/10.1021/je050116g.xml,10.1021/je050116g,2026-09-22T06:42:02Z,200,"W/""41454-618ff0f9df080-gzip""","Tue, 21 May 2024 23:20:18 GMT",f967a96da9423a8b24075c3268b730876038ecb979506dcabd47427feb203881,267348,live NIST dielectric/permittivity API union,218
data/raw/thermoml/10.1021__je050190z-8c4d7d4556f6.xml,https://trc.nist.gov/ThermoML/10.1021/je050190z.xml,10.1021/je050190z,2026-09-22T08:14:48Z,200,"W/""b329-618ff0f9df080-gzip""","Tue, 21 May 2024 23:20:18 GMT",a4da7bc8d1ad943da9b6e97522dc75498d51740a38deecfc21e6a028d014e714,45865,live NIST dielectric/permittivity API union,0
data/raw/thermoml/10.1021__je050237g-4fe1b545f3a6.xml,https://trc.nist.gov/ThermoML/10.1021/je050237g.xml,10.1021/je050237g,2026-09-22T06:37:58Z,200,"W/""bc48-618ff0f9df080-gzip""","Tue, 21 May 2024 23:20:18 GMT",4251ffee1cd7caa6a0ca94ad89afde1d40a5f4beec039c9569cf833133778e19,48200,live NIST dielectric/permittivity API union,56
data/raw/thermoml/10.1021__je050276s-7d32db6a3d3e.xml,https://trc.nist.gov/ThermoML/10.1021/je050276s.xml,10.1021/je050276s,2026-09-22T08:15:12Z,200,"W/""16b27-618ff0f9df080-gzip""","Tue, 21 May 2024 23:20:18 GMT",6cdbfd6d5588287b0aa6068f1a797153105603e8dbe54e55e226716f312a446d,92967,live NIST dielectric/permittivity API union,0
data/raw/thermoml/10.1021__je050327l-d20a889a4296.xml,https://trc.nist.gov/ThermoML/10.1021/je050327l.xml,10.1021/je050327l,2026-09-22T08:15:11Z,200,"W/""207a7-618ff0fad32c0-gzip""","Tue, 21 May 2024 23:20:19 GMT",66c3039eb88cc958cc06e0e2ee574f23fd31e15d46c725f2e511a59f26815005,133031,live NIST dielectric/permittivity API union,0
data/raw/thermoml/10.1021__je050353j-65b06f05a666.xml,https://trc.nist.gov/ThermoML/10.1021/je050353j.xml,10.1021/je050353j,2026-09-22T06:42:12Z,200,"W/""e26e-618ff0fad32c0-gzip""","Tue, 21 May 2024 23:20:19 GMT",fb9bdd42d7f5b77ee591e2984634be58f2305f165884ca878113a0d3218aba29,57966,live NIST dielectric/permittivity API union,63
data/raw/thermoml/10.1021__je060248p-7b920dacfe19.xml,https://trc.nist.gov/ThermoML/10.1021/je060248p.xml,10.1021/je060248p,2026-09-22T06:38:25Z,200,"W/""13171-618ff0fcbb740-gzip""","Tue, 21 May 2024 23:20:21 GMT",3528b8f2fbac52cd3d6a4a1958ce7bc7a72f688bb499f26058058a095f2fc5a5,78193,live NIST dielectric/permittivity API union,54
data/raw/thermoml/10.1021__je060283w-00fe51efffa4.xml,https://trc.nist.gov/ThermoML/10.1021/je060283w.xml,10.1021/je060283w,2026-09-22T06:41:26Z,200,"W/""27265-618ff0fcbb740-gzip""","Tue, 21 May 2024 23:20:21 GMT",c67752268fca691b9e0f72ec3839f6c9ccf921846bf6ddf2dc1b1e37c91dcf3d,160357,live NIST dielectric/permittivity API union,228
data/raw/thermoml/10.1021__je1002708-ad3e3afa9a32.xml,https://trc.nist.gov/ThermoML/10.1021/je1002708.xml,10.1021/je1002708,2026-09-22T08:14:46Z,200,"W/""1b231-618ff0fea3bc0-gzip""","Tue, 21 May 2024 23:20:23 GMT",26d7e555ffcd08b379c6cfb86c1a7e31076bddece3eb945adead3004d71bd110,111153,live NIST dielectric/permittivity API union,0
data/raw/thermoml/10.1021__je101086r-d7a5c705ec49.xml,https://trc.nist.gov/ThermoML/10.1021/je101086r.xml,10.1021/je101086r,2026-09-22T08:14:50Z,200,"W/""410ca-618ff1008c040-gzip""","Tue, 21 May 2024 23:20:25 GMT",00a51c3b2bf491ba6a60145c74728cdb77ab48b62a22d9cc225d342fc227dc29,266442,live NIST dielectric/permittivity API union,0
data/raw/thermoml/10.1021__je101184s-5cc1e0c9d599.xml,https://trc.nist.gov/ThermoML/10.1021/je101184s.xml,10.1021/je101184s,2026-09-22T06:38:01Z,200,"W/""15874-618ff1008c040-gzip""","Tue, 21 May 2024 23:20:25 GMT",d1d934b0ba1ee323d74aefe1cae9b15bc4efcb0cc489a4ffd83fd2a74d37636b,88180,live NIST dielectric/permittivity API union,27
data/raw/thermoml/10.1021__je2003012-41c43c853726.xml,https://trc.nist.gov/ThermoML/10.1021/je2003012.xml,10.1021/je2003012,2026-09-22T06:42:04Z,200,"W/""4a243-618ff102744c0-gzip""","Tue, 21 May 2024 23:20:27 GMT",09e126d3aa7f63c81123e53cd48ea6b2d8c350c2d3ca92dfa26c25bb08241992,303683,live NIST dielectric/permittivity API union,361
data/raw/thermoml/10.1021__je200309v-b33ee35aa75d.xml,https://trc.nist.gov/ThermoML/10.1021/je200309v.xml,10.1021/je200309v,2026-09-22T08:14:33Z,200,"W/""85f5-618ff102744c0-gzip""","Tue, 21 May 2024 23:20:27 GMT",bc4eb21995722df329b3703f17d4b87a60d12e62195323da2f79acd9c6d86c78,34293,live NIST dielectric/permittivity API union,0
data/raw/thermoml/10.1021__je200682t-e9b4b9282142.xml,https://trc.nist.gov/ThermoML/10.1021/je200682t.xml,10.1021/je200682t,2026-09-22T06:37:51Z,200,"W/""14e71-618ff102744c0-gzip""","Tue, 21 May 2024 23:20:27 GMT",c9f6e7b79f129e0ce35e5a8129edc13deb60795f2a5beb1c142f2b4bdf83d1f1,85617,live NIST dielectric/permittivity API union,133
data/raw/thermoml/10.1021__je3001574-a71567c3cbf7.xml,https://trc.nist.gov/ThermoML/10.1021/je3001574.xml,10.1021/je3001574,2026-09-22T06:39:01Z,200,"W/""42a73-618ff1045c940-gzip""","Tue, 21 May 2024 23:20:29 GMT",84745dd9cece021c3e663360beb099f32c4ee5cb8b03819554eea783802859f0,273011,live NIST dielectric/permittivity API union,0
data/raw/thermoml/10.1021__je300234g-6ca2bf760d6c.xml,https://trc.nist.gov/ThermoML/10.1021/je300234g.xml,10.1021/je300234g,2026-09-22T06:38:07Z,200,"W/""c3bc-618ff1045c940-gzip""","Tue, 21 May 2024 23:20:29 GMT",aa85b41304f6fbabcfdb979932b08c3fb4ba8bfb4b2ecab5df8a743765d05742,50108,live NIST dielectric/permittivity API union,65
data/raw/thermoml/10.1021__je300603d-8f0350af2633.xml,https://trc.nist.gov/ThermoML/10.1021/je300603d.xml,10.1021/je300603d,2026-09-22T06:38:10Z,200,"W/""25274-618ff10550b80-gzip""","Tue, 21 May 2024 23:20:30 GMT",076223d7034cfed9f59060cc46ccbf7cfb5edcbcc363973c7fdc4ac2f3eae93f,152180,live NIST dielectric/permittivity API union,0
data/raw/thermoml/10.1021__je3007666-99db3d8c52e4.xml,https://trc.nist.gov/ThermoML/10.1021/je3007666.xml,10.1021/je3007666,2026-09-22T06:41:33Z,200,"W/""71e5c-618ff10550b80-gzip""","Tue, 21 May 2024 23:20:30 GMT",e28a6bb3a1bf70398d0e7aef0d3fb7c21b10665ee2901575db95ca8e1bd6d531,466524,live NIST dielectric/permittivity API union,650
data/raw/thermoml/10.1021__je300958c-3ec2399ba91a.xml,https://trc.nist.gov/ThermoML/10.1021/je300958c.xml,10.1021/je300958c,2026-09-22T06:41:28Z,200,"W/""15d17-618ff10550b80-gzip""","Tue, 21 May 2024 23:20:30 GMT",9c3a2f8c4017b916a6e7eb2a5957de40bbfa4556eb7d6bcbba3fa33aa3d06080,89367,live NIST dielectric/permittivity API union,139
data/raw/thermoml/10.1021__je301333b-44cb9c59a180.xml,https://trc.nist.gov/ThermoML/10.1021/je301333b.xml,10.1021/je301333b,2026-09-22T06:42:07Z,200,"W/""4c751-618ff10644dc0-gzip""","Tue, 21 May 2024 23:20:31 GMT",b9a217f64cadefcd0dd8da8bb047bc20bc02d06186c34d402b46298101823033,313169,live NIST dielectric/permittivity API union,75
data/raw/thermoml/10.1021__je400102p-03f00a190b8a.xml,https://trc.nist.gov/ThermoML/10.1021/je400102p.xml,10.1021/je400102p,2026-09-22T06:42:01Z,200,"W/""8ce0-618ff10739000-gzip""","Tue, 21 May 2024 23:20:32 GMT",3ca18e95227a4bb6c9db1f228b39574087c9bfa0b80986db9d563400f249fb0d,36064,live NIST dielectric/permittivity API union,43
data/raw/thermoml/10.1021__je400149j-7fb8965a0320.xml,https://trc.nist.gov/ThermoML/10.1021/je400149j.xml,10.1021/je400149j,2026-09-22T06:38:29Z,200,"W/""48ab3-618ff10739000-gzip""","Tue, 21 May 2024 23:20:32 GMT",a6402daf95d6a9021704c1bb1081c4e1b9ed718f1619828e476850713e74a5bb,297651,live NIST dielectric/permittivity API union,416
data/raw/thermoml/10.1021__je400468z-31e300f70be8.xml,https://trc.nist.gov/ThermoML/10.1021/je400468z.xml,10.1021/je400468z,2026-09-22T06:41:54Z,200,"W/""795f-618ff10739000-gzip""","Tue, 21 May 2024 23:20:32 GMT",fd61cc27bfc32e15fb2568978688a932ef15e59c76d636ca6f091c5a973b2a93,31071,live NIST dielectric/permittivity API union,37
data/raw/thermoml/10.1021__je4007713-d06214d4d9bd.xml,https://trc.nist.gov/ThermoML/10.1021/je4007713.xml,10.1021/je4007713,2026-09-22T08:15:14Z,200,"W/""370cb-618ff1082d240-gzip""","Tue, 21 May 2024 23:20:33 GMT",753504e0b87197b2ae30fba88553ab1ddd28f13cec8a72fbb30366ecca72c89d,225483,live NIST dielectric/permittivity API union,0
data/raw/thermoml/10.1021__je400783h-650322097419.xml,https://trc.nist.gov/ThermoML/10.1021/je400783h.xml,10.1021/je400783h,2026-09-22T06:42:14Z,200,"W/""5e7c4-618ff1082d240-gzip""","Tue, 21 May 2024 23:20:33 GMT",d64ff9ab6d281ea99e4b9f2976441c7314201f82c932ca08f99f4bbb5769b493,387012,live NIST dielectric/permittivity API union,50
data/raw/thermoml/10.1021__je4009014-0a77a2f17cfd.xml,https://trc.nist.gov/ThermoML/10.1021/je4009014.xml,10.1021/je4009014,2026-09-22T08:15:20Z,200,"W/""3aa22-618ff1082d240-gzip""","Tue, 21 May 2024 23:20:33 GMT",c5eac6f0f8b3da19f310f0c314d5b14644ef12d512a2a392befc5ce3d4f727af,240162,live NIST dielectric/permittivity API union,0
data/raw/thermoml/10.1021__je500026v-1b40642d8866.xml,https://trc.nist.gov/ThermoML/10.1021/je500026v.xml,10.1021/je500026v,2026-09-22T06:38:20Z,200,"W/""a34a-618ff10921480-gzip""","Tue, 21 May 2024 23:20:34 GMT",9cb00c1998fc42c8429cf2c8c98fd272637bb39bfcc65ae008bcc151dcebbce6,41802,live NIST dielectric/permittivity API union,0
data/raw/thermoml/10.1021__je5000692-329a366e4431.xml,https://trc.nist.gov/ThermoML/10.1021/je5000692.xml,10.1021/je5000692,2026-09-22T06:41:53Z,200,"W/""4261-618ff10921480-gzip""","Tue, 21 May 2024 23:20:34 GMT",ed2015630423dcc2627332011c0ea9688aa55048f7f21f4dd3b118cc56f3c9f5,16993,live NIST dielectric/permittivity API union,17
data/raw/thermoml/10.1021__je500113q-b61e9cc144dd.xml,https://trc.nist.gov/ThermoML/10.1021/je500113q.xml,10.1021/je500113q,2026-09-22T08:15:24Z,200,"W/""836c-618ff10921480-gzip""","Tue, 21 May 2024 23:20:34 GMT",26d87c0c19d49b65d9abe7fd26481cfae77a9789f6ba03bbe020f3e547bdd318,33644,live NIST dielectric/permittivity API union,0
data/raw/thermoml/10.1021__je500205z-cb73fd93ac37.xml,https://trc.nist.gov/ThermoML/10.1021/je500205z.xml,10.1021/je500205z,2026-09-22T06:39:04Z,200,"W/""4a276-618ff10a156c0-gzip""","Tue, 21 May 2024 23:20:35 GMT",de6213bfca9b4754a45493cf576de2d8280b507501a96f8997111b9e6268070c,303734,live NIST dielectric/permittivity API union,0
data/raw/thermoml/10.1021__je500442m-d775cd49228a.xml,https://trc.nist.gov/ThermoML/10.1021/je500442m.xml,10.1021/je500442m,2026-09-22T08:14:38Z,200,"W/""98dd-618ff10a156c0-gzip""","Tue, 21 May 2024 23:20:35 GMT",d68681fc9747291d7572406b455b2203357ce08b916b7b15e7409e90b107ea59,39133,live NIST dielectric/permittivity API union,0
data/raw/thermoml/10.1021__je500849m-cdd7a6b8339b.xml,https://trc.nist.gov/ThermoML/10.1021/je500849m.xml,10.1021/je500849m,2026-09-22T08:14:32Z,200,"W/""7340-618ff10b09900-gzip""","Tue, 21 May 2024 23:20:36 GMT",04778ffcea8056999b0e1544cda68a8f2e6d1a1d79c72f106563b1cc3eed6c4d,29504,live NIST dielectric/permittivity API union,0
data/raw/thermoml/10.1021__je600515j-bd3a82860207.xml,https://trc.nist.gov/ThermoML/10.1021/je600515j.xml,10.1021/je600515j,2026-09-22T03:17:29Z,200,"W/""20b4b-618ff10bfdb40-gzip""","Tue, 21 May 2024 23:20:37 GMT",901354ec9c34eada3ff170f489ed27f108f2b6f7fa42d9fd2533454306a96bd0,133963,live NIST dielectric/permittivity API union,156
data/raw/thermoml/10.1021__je7000446-d4038df0df10.xml,https://trc.nist.gov/ThermoML/10.1021/je7000446.xml,10.1021/je7000446,2026-09-22T06:41:47Z,200,"W/""1ec81-618ff10cf1d80-gzip""","Tue, 21 May 2024 23:20:38 GMT",30a145c4f0c4dafec0f2a6ff2f79b597fce2314c0baeb5b393ad5ba8165d737c,126081,live NIST dielectric/permittivity API union,174
data/raw/thermoml/10.1021__je700053u-8ebabba9a830.xml,https://trc.nist.gov/ThermoML/10.1021/je700053u.xml,10.1021/je700053u,2026-09-22T06:41:51Z,200,"W/""995b-618ff10cf1d80-gzip""","Tue, 21 May 2024 23:20:38 GMT",5ee077a91e3e44375be6eca8d63db1e6b6c1e7f7e232867568bbd7c109f488df,39259,live NIST dielectric/permittivity API union,48
data/raw/thermoml/10.1021__je700055p-d24c8c969e2d.xml,https://trc.nist.gov/ThermoML/10.1021/je700055p.xml,10.1021/je700055p,2026-09-22T06:37:40Z,200,"W/""140b5-618ff10cf1d80-gzip""","Tue, 21 May 2024 23:20:38 GMT",cecd7258f73b686b458a3ca7334238f1e69562e451550096ac7637727332f29a,82101,live NIST dielectric/permittivity API union,110
data/raw/thermoml/10.1021__je700313j-2f445e9b7588.xml,https://trc.nist.gov/ThermoML/10.1021/je700313j.xml,10.1021/je700313j,2026-09-22T06:38:44Z,200,"W/""3af03-618ff10de5fc0-gzip""","Tue, 21 May 2024 23:20:39 GMT",8d40b43cec8c456ede273778124bec4ce188029a29f11c0aa7e9009320ce456b,241411,live NIST dielectric/permittivity API union,0
data/raw/thermoml/10.1021__je700343t-aef61e81826a.xml,https://trc.nist.gov/ThermoML/10.1021/je700343t.xml,10.1021/je700343t,2026-09-22T06:41:43Z,200,"W/""3fa1d-618ff10de5fc0-gzip""","Tue, 21 May 2024 23:20:39 GMT",33fe4e84354cf2dffc2f1bba3907017781e63365873f9f45a648a5a1d63d462c,260637,live NIST dielectric/permittivity API union,368
data/raw/thermoml/10.1021__je700433f-12ab048c5063.xml,https://trc.nist.gov/ThermoML/10.1021/je700433f.xml,10.1021/je700433f,2026-09-22T06:38:03Z,200,"W/""2a6dd-618ff10de5fc0-gzip""","Tue, 21 May 2024 23:20:39 GMT",2b7814228317e4f1c2d48a6026928f2a6921afc66eb781f01b210aa7453464ee,173789,live NIST dielectric/permittivity API union,238
data/raw/thermoml/10.1021__je7005693-24b50944a804.xml,https://trc.nist.gov/ThermoML/10.1021/je7005693.xml,10.1021/je7005693,2026-09-22T08:14:51Z,200,"W/""8c5c-618ff10eda200-gzip""","Tue, 21 May 2024 23:20:40 GMT",8f88bbe91f0108c9233d7658cf588fee3aface6239132071a62aeb78866af40f,35932,live NIST dielectric/permittivity API union,0
data/raw/thermoml/10.1021__je7006692-c10406949a75.xml,https://trc.nist.gov/ThermoML/10.1021/je7006692.xml,10.1021/je7006692,2026-09-22T06:41:46Z,200,"W/""dff1-618ff10eda200-gzip""","Tue, 21 May 2024 23:20:40 GMT",00280a3883bad4ad2252b3a9c8443e4eb40a176f70e8f1b532e40fdfdd1a313f,57329,live NIST dielectric/permittivity API union,72
data/raw/thermoml/10.1021__je800122x-f330bf82aeb0.xml,https://trc.nist.gov/ThermoML/10.1021/je800122x.xml,10.1021/je800122x,2026-09-22T08:14:55Z,200,"W/""a4b3-618ff10fce440-gzip""","Tue, 21 May 2024 23:20:41 GMT",fc687df566575436371f049bcd186b3fe80549bb843d7be24701a2d244eaa5cd,42163,live NIST dielectric/permittivity API union,0
data/raw/thermoml/10.1021__je800593p-d60e4d9358be.xml,https://trc.nist.gov/ThermoML/10.1021/je800593p.xml,10.1021/je800593p,2026-09-22T06:38:33Z,200,"W/""8fa55-618ff111b68c0-gzip""","Tue, 21 May 2024 23:20:43 GMT",e9f3dac230c9ffcd6d5546776eab6dd94af3495c65b63492855e9119e6dd22ce,588373,live NIST dielectric/permittivity API union,760
data/raw/thermoml/10.1021__je800644b-90cbe79ae7d0.xml,https://trc.nist.gov/ThermoML/10.1021/je800644b.xml,10.1021/je800644b,2026-09-22T03:19:09Z,200,"W/""23a6a-618ff111b68c0-gzip""","Tue, 21 May 2024 23:20:43 GMT",c7c7c2536fa036f71c3fb3e525aff2eb9bc387f9ca905558ac0952a8262ea018,146026,live NIST dielectric/permittivity API union,192
data/raw/thermoml/10.1021__je900214y-6b72738122fa.xml,https://trc.nist.gov/ThermoML/10.1021/je900214y.xml,10.1021/je900214y,2026-09-22T08:15:21Z,200,"W/""414f6-618ff112aab00-gzip""","Tue, 21 May 2024 23:20:44 GMT",4ce008bfa8b27bfec94b632ef63e93c33ee7ce9f299d63700d1850a92e5a75eb,267510,live NIST dielectric/permittivity API union,0
data/raw/thermoml/10.1021__je9002515-0028635372ce.xml,https://trc.nist.gov/ThermoML/10.1021/je9002515.xml,10.1021/je9002515,2026-09-22T06:37:52Z,200,"W/""2dc86-618ff1139ed40-gzip""","Tue, 21 May 2024 23:20:45 GMT",e3b7b25d5181fd5311a011898c9629362f31e309f35e43aa6b9c42b0a0abad6d,187526,live NIST dielectric/permittivity API union,130
data/raw/thermoml/10.1021__je900333c-1e1eb48b918d.xml,https://trc.nist.gov/ThermoML/10.1021/je900333c.xml,10.1021/je900333c,2026-09-22T06:37:59Z,200,"W/""3989b-618ff112aab00-gzip""","Tue, 21 May 2024 23:20:44 GMT",a876ef29b5a2960bbdcb18e1505b530b0bc1fe04354e4063b11c464aa1299f80,235675,live NIST dielectric/permittivity API union,280
data/raw/thermoml/10.1021__je900503p-c4927a582b2b.xml,https://trc.nist.gov/ThermoML/10.1021/je900503p.xml,10.1021/je900503p,2026-09-22T06:42:05Z,200,"W/""38f97-618ff11492f80-gzip""","Tue, 21 May 2024 23:20:46 GMT",bf9680cc2c3bfba58e1c4dd17ea6a0329e835375459beccbe561851b5f878ff7,233367,live NIST dielectric/permittivity API union,85
data/raw/thermoml/10.1021__je900750c-c1db60c37c0e.xml,https://trc.nist.gov/ThermoML/10.1021/je900750c.xml,10.1021/je900750c,2026-09-22T06:42:17Z,200,"W/""7f61f-618ff115871c0-gzip""","Tue, 21 May 2024 23:20:47 GMT",3fed9454e1364716d4f174aed7df9697009fc78e17beda40cedd2de4ca17b4bf,521759,live NIST dielectric/permittivity API union,0
data/raw/thermoml/10.1021__je9010773-d1b15ee811d3.xml,https://trc.nist.gov/ThermoML/10.1021/je9010773.xml,10.1021/je9010773,2026-09-22T06:41:59Z,200,"W/""204ab-618ff1167b400-gzip""","Tue, 21 May 2024 23:20:48 GMT",83e4c7604dc2b1f232c08f06cfe93e217f8873991697683c0613e62d7c5927a5,132267,live NIST dielectric/permittivity API union,183
