family,current_compounds,current_rows,current_distinct_sources,compounds_needed,sources_needed,candidate_rank,candidate_name,candidate_inchikey,candidate_source,candidate_family_confidence,local_rows,stocking_priority,evidence_needed,action,access
acid,1,1,1,4,1,1,Trifluoroacetic acid,DTQVDTLACAAQTR-UHFFFAOYSA-N,reaxys_stocking_queue,structural_smarts,0,P2,manual single-compound Reaxys property query,manual_reaxys_query,restricted_crosscheck_only
acid,1,1,1,4,1,2,Butyric acid,FERIUCNNQQJTOY-UHFFFAOYSA-N,reaxys_stocking_queue,structural_smarts,0,P3,manual single-compound Reaxys property query,manual_reaxys_query,restricted_crosscheck_only
acid,1,1,1,4,1,3,Isovaleric acid,GWYFCOCPABKNJV-UHFFFAOYSA-N,reaxys_stocking_queue,structural_smarts,0,P3,manual single-compound Reaxys property query,manual_reaxys_query,restricted_crosscheck_only
acid,1,1,1,4,1,4,Valeric acid,NQPDZGIKBAWPEJ-UHFFFAOYSA-N,reaxys_stocking_queue,structural_smarts,0,P3,manual single-compound Reaxys property query,manual_reaxys_query,restricted_crosscheck_only
acid,1,1,1,4,1,5,acetic acid,QTBSBXVTEAMEQO-UHFFFAOYSA-N,reaxys_stocking_queue,structural_smarts,1,P3,manual single-compound Reaxys property query,manual_reaxys_query,restricted_crosscheck_only
acid,1,1,1,4,1,6,(+-)-2-bromo-propionic acid,,springer_materials_title_index,name_keyword_only,,,manual single-compound query; restricted value stays a crosscheck,manual_lead_triage,restricted_crosscheck_only
acid,1,1,1,4,1,7,(1-cyano-1-methyl-ethyl)-imidosulfurous acid dichloride,,springer_materials_title_index,name_keyword_only,,,manual single-compound query; restricted value stays a crosscheck,manual_lead_triage,restricted_crosscheck_only
acid,1,1,1,4,1,8,"2,2-dimethyl-octanoic acid",,springer_materials_title_index,name_keyword_only,,,manual single-compound query; restricted value stays a crosscheck,manual_lead_triage,restricted_crosscheck_only
acid,1,1,1,4,1,9,"2,2-dimethyl-undecanoic acid",,springer_materials_title_index,name_keyword_only,,,manual single-compound query; restricted value stays a crosscheck,manual_lead_triage,restricted_crosscheck_only
acid,1,1,1,4,1,10,"2,3,4-trimethyl hexanoic acid",,springer_materials_title_index,name_keyword_only,,,manual single-compound query; restricted value stays a crosscheck,manual_lead_triage,restricted_crosscheck_only
acid,1,1,1,4,1,11,"2,3,5-trimethyl-hexanoic acid",,springer_materials_title_index,name_keyword_only,,,manual single-compound query; restricted value stays a crosscheck,manual_lead_triage,restricted_crosscheck_only
acid,1,1,1,4,1,12,"2,5,9,13,17-pentamethyloctadecanoic acid",,springer_materials_title_index,name_keyword_only,,,manual single-compound query; restricted value stays a crosscheck,manual_lead_triage,restricted_crosscheck_only
acid,1,1,1,4,1,13,"2,5,9-trimethyldecanoic acid",,springer_materials_title_index,name_keyword_only,,,manual single-compound query; restricted value stays a crosscheck,manual_lead_triage,restricted_crosscheck_only
acid,1,1,1,4,1,14,"2,9,13,17-tetramethyloctadecanoic acid",,springer_materials_title_index,name_keyword_only,,,manual single-compound query; restricted value stays a crosscheck,manual_lead_triage,restricted_crosscheck_only
acid,1,1,1,4,1,15,2-Methylpropanoic acid,,springer_materials_title_index,name_keyword_only,,,manual single-compound query; restricted value stays a crosscheck,manual_lead_triage,restricted_crosscheck_only
acid,1,1,1,4,1,16,2-bromo-3-methyl butanoic acid,,springer_materials_title_index,name_keyword_only,,,manual single-compound query; restricted value stays a crosscheck,manual_lead_triage,restricted_crosscheck_only
acid,1,1,1,4,1,17,2-bromo-butyric acid,,springer_materials_title_index,name_keyword_only,,,manual single-compound query; restricted value stays a crosscheck,manual_lead_triage,restricted_crosscheck_only
acid,1,1,1,4,1,18,2-ethyl-2-methyl-hexanoic acid,,springer_materials_title_index,name_keyword_only,,,manual single-compound query; restricted value stays a crosscheck,manual_lead_triage,restricted_crosscheck_only
acid,1,1,1,4,1,19,2-ethyl-butyric acid,,springer_materials_title_index,name_keyword_only,,,manual single-compound query; restricted value stays a crosscheck,manual_lead_triage,restricted_crosscheck_only
acid,1,1,1,4,1,20,2-ethyl-heptanoic acid,,springer_materials_title_index,name_keyword_only,,,manual single-compound query; restricted value stays a crosscheck,manual_lead_triage,restricted_crosscheck_only
acid,1,1,1,4,1,21,2-hydroxybutanoic acid,,springer_materials_title_index,name_keyword_only,,,manual single-compound query; restricted value stays a crosscheck,manual_lead_triage,restricted_crosscheck_only
acid,1,1,1,4,1,22,"3,3-dimethyl-butyric acid",,springer_materials_title_index,name_keyword_only,,,manual single-compound query; restricted value stays a crosscheck,manual_lead_triage,restricted_crosscheck_only
acid,1,1,1,4,1,23,3-hydroxy-2-methyl-nonanoic acid,,springer_materials_title_index,name_keyword_only,,,manual single-compound query; restricted value stays a crosscheck,manual_lead_triage,restricted_crosscheck_only
acid,1,1,1,4,1,24,3-hydroxy-butyric acid,,springer_materials_title_index,name_keyword_only,,,manual single-compound query; restricted value stays a crosscheck,manual_lead_triage,restricted_crosscheck_only
acid,1,1,1,4,1,25,4-oxo-pentanoic acid,,springer_materials_title_index,name_keyword_only,,,manual single-compound query; restricted value stays a crosscheck,manual_lead_triage,restricted_crosscheck_only
acid,1,1,1,4,1,26,"5,9-dimethyl-decanoic acid",,springer_materials_title_index,name_keyword_only,,,manual single-compound query; restricted value stays a crosscheck,manual_lead_triage,restricted_crosscheck_only
acid,1,1,1,4,1,27,Aziridin-1-yl-phosphonic acid,,springer_materials_title_index,name_keyword_only,,,manual single-compound query; restricted value stays a crosscheck,manual_lead_triage,restricted_crosscheck_only
acid,1,1,1,4,1,28,Butanoic acid,,springer_materials_title_index,name_keyword_only,,,manual single-compound query; restricted value stays a crosscheck,manual_lead_triage,restricted_crosscheck_only
acid,1,1,1,4,1,29,Chloroacetic acid,,springer_materials_title_index,name_keyword_only,,,manual single-compound query; restricted value stays a crosscheck,manual_lead_triage,restricted_crosscheck_only
acid,1,1,1,4,1,30,"Cis,cis,cis-octadeca-9,12,15-trienoic acid",,springer_materials_title_index,name_keyword_only,,,manual single-compound query; restricted value stays a crosscheck,manual_lead_triage,restricted_crosscheck_only
acid,1,1,1,4,1,31,Cis-12-hydroxy-octadec-9-enoic acid,,springer_materials_title_index,name_keyword_only,,,manual single-compound query; restricted value stays a crosscheck,manual_lead_triage,restricted_crosscheck_only
acid,1,1,1,4,1,32,Cis-docos-13-enoic acid,,springer_materials_title_index,name_keyword_only,,,manual single-compound query; restricted value stays a crosscheck,manual_lead_triage,restricted_crosscheck_only
acid,1,1,1,4,1,33,Cyanoacetic acid,,springer_materials_title_index,name_keyword_only,,,manual single-compound query; restricted value stays a crosscheck,manual_lead_triage,restricted_crosscheck_only
acid,1,1,1,4,1,34,Cyclohexanecarboxylic acid,,springer_materials_title_index,name_keyword_only,,,manual single-compound query; restricted value stays a crosscheck,manual_lead_triage,restricted_crosscheck_only
acid,1,1,1,4,1,35,Decanoic acid dimethylamide,,springer_materials_title_index,name_keyword_only,,,manual single-compound query; restricted value stays a crosscheck,manual_lead_triage,restricted_crosscheck_only
acid,1,1,1,4,1,36,Dichloro-acetic acid,,springer_materials_title_index,name_keyword_only,,,manual single-compound query; restricted value stays a crosscheck,manual_lead_triage,restricted_crosscheck_only
acid,1,1,1,4,1,37,Docosanoic acid,,springer_materials_title_index,name_keyword_only,,,manual single-compound query; restricted value stays a crosscheck,manual_lead_triage,restricted_crosscheck_only
acid,1,1,1,4,1,38,Dodecanoic acid,,springer_materials_title_index,name_keyword_only,,,manual single-compound query; restricted value stays a crosscheck,manual_lead_triage,restricted_crosscheck_only
acid,1,1,1,4,1,39,Ethanoic acid,,springer_materials_title_index,name_keyword_only,,,manual single-compound query; restricted value stays a crosscheck,manual_lead_triage,restricted_crosscheck_only
acid,1,1,1,4,1,40,Heptanoic acid,,springer_materials_title_index,name_keyword_only,,,manual single-compound query; restricted value stays a crosscheck,manual_lead_triage,restricted_crosscheck_only
acid,1,1,1,4,1,41,Hexadecanoic acid,,springer_materials_title_index,name_keyword_only,,,manual single-compound query; restricted value stays a crosscheck,manual_lead_triage,restricted_crosscheck_only
acid,1,1,1,4,1,42,Hexanoic acid,,springer_materials_title_index,name_keyword_only,,,manual single-compound query; restricted value stays a crosscheck,manual_lead_triage,restricted_crosscheck_only
acid,1,1,1,4,1,43,Linolic acid,,springer_materials_title_index,name_keyword_only,,,manual single-compound query; restricted value stays a crosscheck,manual_lead_triage,restricted_crosscheck_only
acid,1,1,1,4,1,44,Methanoic acid,,springer_materials_title_index,name_keyword_only,,,manual single-compound query; restricted value stays a crosscheck,manual_lead_triage,restricted_crosscheck_only
acid,1,1,1,4,1,45,Non-2-enoic acid,,springer_materials_title_index,name_keyword_only,,,manual single-compound query; restricted value stays a crosscheck,manual_lead_triage,restricted_crosscheck_only
acid,1,1,1,4,1,46,O-acetylsalicylic acid,,springer_materials_title_index,name_keyword_only,,,manual single-compound query; restricted value stays a crosscheck,manual_lead_triage,restricted_crosscheck_only
acid,1,1,1,4,1,47,Octadecanoic acid,,springer_materials_title_index,name_keyword_only,,,manual single-compound query; restricted value stays a crosscheck,manual_lead_triage,restricted_crosscheck_only
acid,1,1,1,4,1,48,Octanoic acid,,springer_materials_title_index,name_keyword_only,,,manual single-compound query; restricted value stays a crosscheck,manual_lead_triage,restricted_crosscheck_only
acid,1,1,1,4,1,49,P-Ethoxy-phosphoric acid diisocyanate,,springer_materials_title_index,name_keyword_only,,,manual single-compound query; restricted value stays a crosscheck,manual_lead_triage,restricted_crosscheck_only
acid,1,1,1,4,1,50,Pentanoic acid,,springer_materials_title_index,name_keyword_only,,,manual single-compound query; restricted value stays a crosscheck,manual_lead_triage,restricted_crosscheck_only
acid,1,1,1,4,1,51,Phenyl-phosphonic acid dichloride,,springer_materials_title_index,name_keyword_only,,,manual single-compound query; restricted value stays a crosscheck,manual_lead_triage,restricted_crosscheck_only
acid,1,1,1,4,1,52,Phenyl-phosphonic acid difluoride,,springer_materials_title_index,name_keyword_only,,,manual single-compound query; restricted value stays a crosscheck,manual_lead_triage,restricted_crosscheck_only
acid,1,1,1,4,1,53,Phosphorous acid tris-dimethylamide,,springer_materials_title_index,name_keyword_only,,,manual single-compound query; restricted value stays a crosscheck,manual_lead_triage,restricted_crosscheck_only
acid,1,1,1,4,1,54,Propanoic acid,,springer_materials_title_index,name_keyword_only,,,manual single-compound query; restricted value stays a crosscheck,manual_lead_triage,restricted_crosscheck_only
acid,1,1,1,4,1,55,Thioacetic acid,,springer_materials_title_index,name_keyword_only,,,manual single-compound query; restricted value stays a crosscheck,manual_lead_triage,restricted_crosscheck_only
acid,1,1,1,4,1,56,Trichloroacetic acid,,springer_materials_title_index,name_keyword_only,,,manual single-compound query; restricted value stays a crosscheck,manual_lead_triage,restricted_crosscheck_only
acid,1,1,1,4,1,57,Trifluoro-acetic acid,,springer_materials_title_index,name_keyword_only,,,manual single-compound query; restricted value stays a crosscheck,manual_lead_triage,restricted_crosscheck_only
acid,1,1,1,4,1,58,cis-octadec-9-enoic acid,,springer_materials_title_index,name_keyword_only,,,manual single-compound query; restricted value stays a crosscheck,manual_lead_triage,restricted_crosscheck_only
lactone,1,5,1,4,1,1,gamma-valerolactone,GAEKPEKOJKCEMS-UHFFFAOYSA-N,reaxys_stocking_queue,structural_smarts,0,P2,manual single-compound Reaxys property query,manual_reaxys_query,restricted_crosscheck_only
carbonate,2,10,1,3,1,1,ethylene carbonate,KMTRUDSVKNLOMY-UHFFFAOYSA-N,reaxys_stocking_queue,structural_smarts,0,P1,manual single-compound Reaxys property query,manual_reaxys_query,restricted_crosscheck_only
carbonate,2,10,1,3,1,2,propylene carbonate,RUOJZAUFBMNUDX-UHFFFAOYSA-N,reaxys_stocking_queue,structural_smarts,0,P1,manual single-compound Reaxys property query,manual_reaxys_query,restricted_crosscheck_only
carbonate,2,10,1,3,1,3,ethyl methyl carbonate,JBTWLSYIZRCDFO-UHFFFAOYSA-N,reaxys_stocking_queue,structural_smarts,0,P2,manual single-compound Reaxys property query,manual_reaxys_query,restricted_crosscheck_only
carbonate,2,10,1,3,1,4,"2,2,2-trifluoroethyl methyl carbonate",,springer_materials_title_index,name_keyword_only,,,manual single-compound query; restricted value stays a crosscheck,manual_lead_triage,restricted_crosscheck_only
carbonate,2,10,1,3,1,5,Diethyl carbonate,,springer_materials_title_index,name_keyword_only,,,manual single-compound query; restricted value stays a crosscheck,manual_lead_triage,restricted_crosscheck_only
carbonate,2,10,1,3,1,6,Dimethyl carbonate,,springer_materials_title_index,name_keyword_only,,,manual single-compound query; restricted value stays a crosscheck,manual_lead_triage,restricted_crosscheck_only
carbonate,2,10,1,3,1,7,Ethyl methyl carbonate,,springer_materials_title_index,name_keyword_only,,,manual single-compound query; restricted value stays a crosscheck,manual_lead_triage,restricted_crosscheck_only
sulfone,2,113,5,3,0,1,Ethyl sulfite,NVJBFARDFTXOTO-UHFFFAOYSA-N,reaxys_stocking_queue,structural_smarts,0,P3,manual single-compound Reaxys property query,manual_reaxys_query,restricted_crosscheck_only
sulfone,2,113,5,3,0,2,(methylsulfonyl)imidosulfurous dichloride,,springer_materials_title_index,name_keyword_only,,,manual single-compound query; restricted value stays a crosscheck,manual_lead_triage,restricted_crosscheck_only
sulfone,2,113,5,3,0,3,1-fluoro-4-(trifluoro-methanesulfonyl)-benzene,,springer_materials_title_index,name_keyword_only,,,manual single-compound query; restricted value stays a crosscheck,manual_lead_triage,restricted_crosscheck_only
sulfone,2,113,5,3,0,4,1-methoxy-4-(trifluoro-methanesulfonyl)-benzene,,springer_materials_title_index,name_keyword_only,,,manual single-compound query; restricted value stays a crosscheck,manual_lead_triage,restricted_crosscheck_only
sulfone,2,113,5,3,0,5,1-trifluoromethylsulfonyl-4-(trifluoromethylthio)-benzene,,springer_materials_title_index,name_keyword_only,,,manual single-compound query; restricted value stays a crosscheck,manual_lead_triage,restricted_crosscheck_only
sulfone,2,113,5,3,0,6,4-(trifluoromethylsulfonyl)-1-chlorobenzene,,springer_materials_title_index,name_keyword_only,,,manual single-compound query; restricted value stays a crosscheck,manual_lead_triage,restricted_crosscheck_only
sulfone,2,113,5,3,0,7,4-(trifluoromethylsulfonyl)-1-nitrobenzene,,springer_materials_title_index,name_keyword_only,,,manual single-compound query; restricted value stays a crosscheck,manual_lead_triage,restricted_crosscheck_only
sulfone,2,113,5,3,0,8,"4-(trifluoromethylsulfonyl)-N, N-dimethylaniline",,springer_materials_title_index,name_keyword_only,,,manual single-compound query; restricted value stays a crosscheck,manual_lead_triage,restricted_crosscheck_only
sulfone,2,113,5,3,0,9,4-(trifluoromethylsulfonyl)aniline,,springer_materials_title_index,name_keyword_only,,,manual single-compound query; restricted value stays a crosscheck,manual_lead_triage,restricted_crosscheck_only
sulfone,2,113,5,3,0,10,4-(trifluoromethylsulfonyl)benzenesulfonyl chloride,,springer_materials_title_index,name_keyword_only,,,manual single-compound query; restricted value stays a crosscheck,manual_lead_triage,restricted_crosscheck_only
sulfone,2,113,5,3,0,11,4-(trifluoromethylsulfonyl)benzenethiol,,springer_materials_title_index,name_keyword_only,,,manual single-compound query; restricted value stays a crosscheck,manual_lead_triage,restricted_crosscheck_only
sulfone,2,113,5,3,0,12,4-(trifluoromethylsulfonyl)phenol,,springer_materials_title_index,name_keyword_only,,,manual single-compound query; restricted value stays a crosscheck,manual_lead_triage,restricted_crosscheck_only
sulfone,2,113,5,3,0,13,4-(trifluoromethylsulfonyl)toluene,,springer_materials_title_index,name_keyword_only,,,manual single-compound query; restricted value stays a crosscheck,manual_lead_triage,restricted_crosscheck_only
sulfone,2,113,5,3,0,14,4-chloro-benzenesulfonyl chloride,,springer_materials_title_index,name_keyword_only,,,manual single-compound query; restricted value stays a crosscheck,manual_lead_triage,restricted_crosscheck_only
sulfone,2,113,5,3,0,15,4-fluorobenzene sulfonylchloride,,springer_materials_title_index,name_keyword_only,,,manual single-compound query; restricted value stays a crosscheck,manual_lead_triage,restricted_crosscheck_only
sulfone,2,113,5,3,0,16,4-methoxybenzenesulfonyl chloride,,springer_materials_title_index,name_keyword_only,,,manual single-compound query; restricted value stays a crosscheck,manual_lead_triage,restricted_crosscheck_only
sulfone,2,113,5,3,0,17,4-methyl-benzenesulfonyl chloride,,springer_materials_title_index,name_keyword_only,,,manual single-compound query; restricted value stays a crosscheck,manual_lead_triage,restricted_crosscheck_only
sulfone,2,113,5,3,0,18,4-nitrobenzene sulfonylchloride,,springer_materials_title_index,name_keyword_only,,,manual single-compound query; restricted value stays a crosscheck,manual_lead_triage,restricted_crosscheck_only
sulfone,2,113,5,3,0,19,Benzenesulfonyl chloride,,springer_materials_title_index,name_keyword_only,,,manual single-compound query; restricted value stays a crosscheck,manual_lead_triage,restricted_crosscheck_only
sulfone,2,113,5,3,0,20,Butyl methyl sulfone,,springer_materials_title_index,name_keyword_only,,,manual single-compound query; restricted value stays a crosscheck,manual_lead_triage,restricted_crosscheck_only
sulfone,2,113,5,3,0,21,Dibutyl sulfone,,springer_materials_title_index,name_keyword_only,,,manual single-compound query; restricted value stays a crosscheck,manual_lead_triage,restricted_crosscheck_only
sulfone,2,113,5,3,0,22,Dimethyl sulfone,,springer_materials_title_index,name_keyword_only,,,manual single-compound query; restricted value stays a crosscheck,manual_lead_triage,restricted_crosscheck_only
sulfone,2,113,5,3,0,23,Dipentyl sulfone,,springer_materials_title_index,name_keyword_only,,,manual single-compound query; restricted value stays a crosscheck,manual_lead_triage,restricted_crosscheck_only
sulfone,2,113,5,3,0,24,Diphenyl sulfone,,springer_materials_title_index,name_keyword_only,,,manual single-compound query; restricted value stays a crosscheck,manual_lead_triage,restricted_crosscheck_only
sulfone,2,113,5,3,0,25,Dipropyl sulfone,,springer_materials_title_index,name_keyword_only,,,manual single-compound query; restricted value stays a crosscheck,manual_lead_triage,restricted_crosscheck_only
sulfone,2,113,5,3,0,26,Ethyl phenyl sulfone,,springer_materials_title_index,name_keyword_only,,,manual single-compound query; restricted value stays a crosscheck,manual_lead_triage,restricted_crosscheck_only
sulfone,2,113,5,3,0,27,Methanesulfonyl chloride,,springer_materials_title_index,name_keyword_only,,,manual single-compound query; restricted value stays a crosscheck,manual_lead_triage,restricted_crosscheck_only
sulfone,2,113,5,3,0,28,Methyl propyl sulfone,,springer_materials_title_index,name_keyword_only,,,manual single-compound query; restricted value stays a crosscheck,manual_lead_triage,restricted_crosscheck_only
sulfone,2,113,5,3,0,29,Methyl-trifluoromethyl sulfone,,springer_materials_title_index,name_keyword_only,,,manual single-compound query; restricted value stays a crosscheck,manual_lead_triage,restricted_crosscheck_only
sulfone,2,113,5,3,0,30,"N,N-bis(2-methoxyethyl)-1,1,1-trifluoro-methanesulfonamide",,springer_materials_title_index,name_keyword_only,,,manual single-compound query; restricted value stays a crosscheck,manual_lead_triage,restricted_crosscheck_only
sulfone,2,113,5,3,0,31,"N,N-bis(2-methoxyethyl)-1,1,2,2,2-pentafluoro-ethanesulfonamide",,springer_materials_title_index,name_keyword_only,,,manual single-compound query; restricted value stays a crosscheck,manual_lead_triage,restricted_crosscheck_only
sulfone,2,113,5,3,0,32,"N,N-bis(2-methoxyethyl)-1,1,2,2,3,3,4,4,5,5,6,6,6-tridecafluoro-1-hexanesulfonamide",,springer_materials_title_index,name_keyword_only,,,manual single-compound query; restricted value stays a crosscheck,manual_lead_triage,restricted_crosscheck_only
sulfone,2,113,5,3,0,33,"N,N-bis(2-methoxyethyl)-1,1,2,2,3,3,4,4,5,5,6,6,7,7,8,8,8-heptadecafluoro-1-octanesulfonamide",,springer_materials_title_index,name_keyword_only,,,manual single-compound query; restricted value stays a crosscheck,manual_lead_triage,restricted_crosscheck_only
sulfone,2,113,5,3,0,34,"N,N-diethyl-1,1,1-trifluoro-methanesulfonamide",,springer_materials_title_index,name_keyword_only,,,manual single-compound query; restricted value stays a crosscheck,manual_lead_triage,restricted_crosscheck_only
sulfone,2,113,5,3,0,35,"N,N-diethyl-1,1,2,2,2-pentafluoro-ethanesulfonamide",,springer_materials_title_index,name_keyword_only,,,manual single-compound query; restricted value stays a crosscheck,manual_lead_triage,restricted_crosscheck_only
sulfone,2,113,5,3,0,36,"N,N-diethyl-1,1,2,2,3,3,4,4,4-nonafluoro-1-butanesulfonamide",,springer_materials_title_index,name_keyword_only,,,manual single-compound query; restricted value stays a crosscheck,manual_lead_triage,restricted_crosscheck_only
sulfone,2,113,5,3,0,37,"N,N-diethyl-1,1,2,2,3,3,4,4,5,5,6,6,6-tridecafluoro-1-hexanesulfonamide",,springer_materials_title_index,name_keyword_only,,,manual single-compound query; restricted value stays a crosscheck,manual_lead_triage,restricted_crosscheck_only
sulfone,2,113,5,3,0,38,"N,N-dimethyl-1,1,1-trifluoro-methanesulfonamide",,springer_materials_title_index,name_keyword_only,,,manual single-compound query; restricted value stays a crosscheck,manual_lead_triage,restricted_crosscheck_only
sulfone,2,113,5,3,0,39,"N,N-dimethyl-1,1,2,2,2-pentafluoro-ethanesulfonamide",,springer_materials_title_index,name_keyword_only,,,manual single-compound query; restricted value stays a crosscheck,manual_lead_triage,restricted_crosscheck_only
sulfone,2,113,5,3,0,40,"N,N-dimethyl-methanesulfonamide",,springer_materials_title_index,name_keyword_only,,,manual single-compound query; restricted value stays a crosscheck,manual_lead_triage,restricted_crosscheck_only
sulfone,2,113,5,3,0,41,N-Methylmethanesulfonamide,,springer_materials_title_index,name_keyword_only,,,manual single-compound query; restricted value stays a crosscheck,manual_lead_triage,restricted_crosscheck_only
sulfone,2,113,5,3,0,42,N-benzoyl-N'-(p-trifluoromethylsulfonyl)phenylthiodiimine,,springer_materials_title_index,name_keyword_only,,,manual single-compound query; restricted value stays a crosscheck,manual_lead_triage,restricted_crosscheck_only
sulfone,2,113,5,3,0,43,"N-ethyl-N-methyl-1,1,2,2,2-pentafluoro-ethanesulfonamide",,springer_materials_title_index,name_keyword_only,,,manual single-compound query; restricted value stays a crosscheck,manual_lead_triage,restricted_crosscheck_only
sulfone,2,113,5,3,0,44,"N-ethyl-N-methyl-1,1,2,2,3,3,4,4,4-nonafluoro-1-butanesulfonamide",,springer_materials_title_index,name_keyword_only,,,manual single-compound query; restricted value stays a crosscheck,manual_lead_triage,restricted_crosscheck_only
sulfone,2,113,5,3,0,45,Phenyl trifluoromethyl sulfone,,springer_materials_title_index,name_keyword_only,,,manual single-compound query; restricted value stays a crosscheck,manual_lead_triage,restricted_crosscheck_only
sulfone,2,113,5,3,0,46,Phenylsulfonylimidosulfurous acid diphenyl ester,,springer_materials_title_index,name_keyword_only,,,manual single-compound query; restricted value stays a crosscheck,manual_lead_triage,restricted_crosscheck_only
sulfone,2,113,5,3,0,47,Phenylsulfonylimidosulfurous dichloride,,springer_materials_title_index,name_keyword_only,,,manual single-compound query; restricted value stays a crosscheck,manual_lead_triage,restricted_crosscheck_only
sulfone,2,113,5,3,0,48,"S, S-dimethyl-N-(phenylsulfonyl)sulfilimine",,springer_materials_title_index,name_keyword_only,,,manual single-compound query; restricted value stays a crosscheck,manual_lead_triage,restricted_crosscheck_only
sulfone,2,113,5,3,0,49,Tolyl xylyl sulfone,,springer_materials_title_index,name_keyword_only,,,manual single-compound query; restricted value stays a crosscheck,manual_lead_triage,restricted_crosscheck_only
sulfone,2,113,5,3,0,50,[(3-nitrophenyl)sulfonyl]imidosulfurous dichloride,,springer_materials_title_index,name_keyword_only,,,manual single-compound query; restricted value stays a crosscheck,manual_lead_triage,restricted_crosscheck_only
sulfone,2,113,5,3,0,51,[(4-bromophenyl)sulfonyl]imidosulfurous dichloride,,springer_materials_title_index,name_keyword_only,,,manual single-compound query; restricted value stays a crosscheck,manual_lead_triage,restricted_crosscheck_only
sulfone,2,113,5,3,0,52,[(4-chlorophenyl)sulfonyl]imidosulfurous dichloride,,springer_materials_title_index,name_keyword_only,,,manual single-compound query; restricted value stays a crosscheck,manual_lead_triage,restricted_crosscheck_only
sulfone,2,113,5,3,0,53,[(4-methylphenyl)sulfonyl]imidosulfurous dichloride,,springer_materials_title_index,name_keyword_only,,,manual single-compound query; restricted value stays a crosscheck,manual_lead_triage,restricted_crosscheck_only
sulfone,2,113,5,3,0,54,[(4-nitrophenyl)sulfonyl]imidosulfurous dichloride,,springer_materials_title_index,name_keyword_only,,,manual single-compound query; restricted value stays a crosscheck,manual_lead_triage,restricted_crosscheck_only
protic_ionic_pair,4,4,1,1,1,1,2-hydroxyethylammonium acetate,VVLAIYIMMFWRFW-UHFFFAOYSA-N,reaxys_stocking_queue,structural_smarts,1,P3,manual single-compound Reaxys property query,manual_reaxys_query,restricted_crosscheck_only
protic_ionic_pair,4,4,1,1,1,2,2-hydroxyethylammonium lactate,NEQXUPRFDXNNTA-UHFFFAOYSA-N,reaxys_stocking_queue,structural_smarts,1,P3,manual single-compound Reaxys property query,manual_reaxys_query,restricted_crosscheck_only
protic_ionic_pair,4,4,1,1,1,3,triethanolamine lactate,RJQQOKKINHMXIM-UHFFFAOYSA-N,reaxys_stocking_queue,structural_smarts,1,P3,manual single-compound Reaxys property query,manual_reaxys_query,restricted_crosscheck_only
protic_ionic_pair,4,4,1,1,1,4,triethanolammonium acetate,UPCXAARSWVHVLY-UHFFFAOYSA-N,reaxys_stocking_queue,structural_smarts,1,P3,manual single-compound Reaxys property query,manual_reaxys_query,restricted_crosscheck_only
