protocol,representation,repeat,fold,test_rows,mae,r2,spearman
lever_3_target_transform_and_robust_loss,Morgan,0,0,129,0.701594352448531,-0.8536354238471433,0.0734636125660525
lever_3_target_transform_and_robust_loss,Morgan+Physical,0,0,129,0.30742126177887363,0.5867739498336051,0.6948217181438329
lever_3_target_transform_and_robust_loss,Physical,0,0,129,0.3244337816727944,0.5341080533190015,0.7470703823393429
lever_3_target_transform_and_robust_loss,Morgan,0,1,136,0.9699496269295969,-0.4804582442142562,-0.014441101931639078
lever_3_target_transform_and_robust_loss,Morgan+Physical,0,1,136,0.8103156311683581,-0.04873069576739719,0.48543069405266004
lever_3_target_transform_and_robust_loss,Physical,0,1,136,0.6460536037760668,0.3605436978166924,0.8481374420935454
lever_3_target_transform_and_robust_loss,Morgan,0,2,72,0.6232306604598215,-0.5284909526151418,0.0032032754956288034
lever_3_target_transform_and_robust_loss,Morgan+Physical,0,2,72,0.3192123353277901,0.1912061779031795,0.4883494537201999
lever_3_target_transform_and_robust_loss,Physical,0,2,72,0.7963345320743035,-1.5011662935443049,0.5333172349802403
lever_3_target_transform_and_robust_loss,Morgan,0,3,46,0.3981286884577436,0.25640742861839516,0.5745739108688088
lever_3_target_transform_and_robust_loss,Morgan+Physical,0,3,46,0.3169318303685344,0.4806426336513674,0.7888088772220203
lever_3_target_transform_and_robust_loss,Physical,0,3,46,0.39911784789850396,0.38264772806126746,0.6980174117726692
lever_3_target_transform_and_robust_loss,Morgan,0,4,74,0.8491975975341648,0.18092387587484537,0.6772483312723486
lever_3_target_transform_and_robust_loss,Morgan+Physical,0,4,74,0.6245588847264694,0.50080924393649,0.776173236633514
lever_3_target_transform_and_robust_loss,Physical,0,4,74,0.39751144649761644,0.8507524336308273,0.8424641343144129
lever_3_target_transform_and_robust_loss,Morgan,1,0,102,0.49427735371835,0.5146527333956987,0.8945936281511386
lever_3_target_transform_and_robust_loss,Morgan+Physical,1,0,102,0.3361259651748947,0.6790419121946947,0.934317858567282
lever_3_target_transform_and_robust_loss,Physical,1,0,102,0.6197379303209017,0.22530496747691764,0.4667461516699098
lever_3_target_transform_and_robust_loss,Morgan,1,1,78,0.6229273509774109,0.12097083677780329,0.36075936957953286
lever_3_target_transform_and_robust_loss,Morgan+Physical,1,1,78,0.46898497183261856,0.437390956991495,0.8531455995577625
lever_3_target_transform_and_robust_loss,Physical,1,1,78,0.3115829601286909,0.7002557126286482,0.8261042734088117
lever_3_target_transform_and_robust_loss,Morgan,1,2,92,0.6563339691916837,0.2739768663142328,0.8552432980221375
lever_3_target_transform_and_robust_loss,Morgan+Physical,1,2,92,0.4690109843548006,0.582139048547017,0.7265709530580472
lever_3_target_transform_and_robust_loss,Physical,1,2,92,0.3218240174832374,0.7798358935340469,0.7211851519662087
lever_3_target_transform_and_robust_loss,Morgan,1,3,111,0.588960125393309,0.38894904653703677,0.7720495143564885
lever_3_target_transform_and_robust_loss,Morgan+Physical,1,3,111,0.4143799293828705,0.6389374129092892,0.873368689869367
lever_3_target_transform_and_robust_loss,Physical,1,3,111,0.2971823539597289,0.7397005370664376,0.8957224786939482
lever_3_target_transform_and_robust_loss,Morgan,1,4,74,0.49180674294299703,0.6121397529668606,0.5586271245122891
lever_3_target_transform_and_robust_loss,Morgan+Physical,1,4,74,0.2652642045066566,0.8316927324620517,0.7831260613110805
lever_3_target_transform_and_robust_loss,Physical,1,4,74,0.3137310019978329,0.8779826145914007,0.8258793532381387
lever_3_target_transform_and_robust_loss,Morgan,2,0,74,0.8295752347644575,0.21339020495011862,0.34843187902191547
lever_3_target_transform_and_robust_loss,Morgan+Physical,2,0,74,0.6986540459136021,0.46533234992692063,0.6968639324972193
lever_3_target_transform_and_robust_loss,Physical,2,0,74,0.47909767538202636,0.7515579078966812,0.7349507366229772
lever_3_target_transform_and_robust_loss,Morgan,2,1,116,0.5154364015283209,-0.2000487566462934,0.6131765383772034
lever_3_target_transform_and_robust_loss,Morgan+Physical,2,1,116,0.39468474299596795,0.35222684029452334,0.5029007298490696
lever_3_target_transform_and_robust_loss,Physical,2,1,116,0.5814776602581113,-0.9208493599160963,0.507991772154714
lever_3_target_transform_and_robust_loss,Morgan,2,2,77,0.4415714270412538,-0.13447004432062992,0.4957730150007929
lever_3_target_transform_and_robust_loss,Morgan+Physical,2,2,77,0.35427346567106494,-0.116609654085575,0.5791463131021437
lever_3_target_transform_and_robust_loss,Physical,2,2,77,0.4479371641677299,-1.0487568983583149,0.5161651756895389
lever_3_target_transform_and_robust_loss,Morgan,2,3,99,0.5397012635821534,0.4634212312268271,0.8248054327017236
lever_3_target_transform_and_robust_loss,Morgan+Physical,2,3,99,0.4168024329286949,0.6742166962384556,0.9116365819279505
lever_3_target_transform_and_robust_loss,Physical,2,3,99,0.29236536893386544,0.8545083474004165,0.9342245864928977
lever_3_target_transform_and_robust_loss,Morgan,2,4,91,0.6963018336595114,0.1091389190591957,0.7714465948971329
lever_3_target_transform_and_robust_loss,Morgan+Physical,2,4,91,0.46879882290418656,0.5602786803524444,0.8948050078549488
lever_3_target_transform_and_robust_loss,Physical,2,4,91,0.24898435671924554,0.9003277069218446,0.8858927829968272
lever_3_target_transform_and_robust_loss,Morgan,3,0,109,0.5352836452542079,0.4644134093778661,0.46956123557535334
lever_3_target_transform_and_robust_loss,Morgan+Physical,3,0,109,0.3603286241165792,0.7150477857070214,0.7653942469069549
lever_3_target_transform_and_robust_loss,Physical,3,0,109,0.5699735639670335,0.2588019605314399,0.8289806738802847
lever_3_target_transform_and_robust_loss,Morgan,3,1,40,0.7654812896068851,0.21623596700348757,0.5715049725476273
lever_3_target_transform_and_robust_loss,Morgan+Physical,3,1,40,0.6297081967556856,0.44608984575013644,0.6857988093636794
lever_3_target_transform_and_robust_loss,Physical,3,1,40,0.6268618037991714,0.46403687842311936,0.6655247324701524
lever_3_target_transform_and_robust_loss,Morgan,3,2,162,0.48853570755732395,0.575582054208134,0.7869086179692228
lever_3_target_transform_and_robust_loss,Morgan+Physical,3,2,162,0.3307650395251381,0.7600271444321138,0.8945663175043391
lever_3_target_transform_and_robust_loss,Physical,3,2,162,0.2157633975810654,0.8058733300101494,0.9092589696363527
lever_3_target_transform_and_robust_loss,Morgan,3,3,91,0.5976000675664281,0.5656134228926732,0.7846171106459965
lever_3_target_transform_and_robust_loss,Morgan+Physical,3,3,91,0.46599581131009793,0.7236366198396147,0.9291694906559825
lever_3_target_transform_and_robust_loss,Physical,3,3,91,0.4206872682822741,0.8031634343715,0.9723993267974603
lever_3_target_transform_and_robust_loss,Morgan,3,4,55,0.6694974392073952,0.03261650609872846,0.6690995706010534
lever_3_target_transform_and_robust_loss,Morgan+Physical,3,4,55,0.45527697965893754,0.47505260094833746,0.9238853289646516
lever_3_target_transform_and_robust_loss,Physical,3,4,55,0.15060577732880862,0.9661329634497526,0.9246103429558347
lever_3_target_transform_and_robust_loss,Morgan,4,0,59,0.5548568245767993,0.17435214567572876,0.24802361625646113
lever_3_target_transform_and_robust_loss,Morgan+Physical,4,0,59,0.44494747781688404,0.38611807211659976,0.5829280419136039
lever_3_target_transform_and_robust_loss,Physical,4,0,59,0.33433562190148464,0.5368077725581113,0.6236712726797288
lever_3_target_transform_and_robust_loss,Morgan,4,1,117,0.5346866100775608,0.181080319356974,0.5663073602493633
lever_3_target_transform_and_robust_loss,Morgan+Physical,4,1,117,0.4330039553048396,0.5022043985315142,0.7994874601232904
lever_3_target_transform_and_robust_loss,Physical,4,1,117,0.32191669490975616,0.8508956929425836,0.9300519962647865
lever_3_target_transform_and_robust_loss,Morgan,4,2,111,0.5871633044381948,0.507032450649612,0.5758506567279897
lever_3_target_transform_and_robust_loss,Morgan+Physical,4,2,111,0.41320445084247476,0.667985322576633,0.6776845272149793
lever_3_target_transform_and_robust_loss,Physical,4,2,111,0.49233089661746715,0.6375643374132356,0.7235203494973194
lever_3_target_transform_and_robust_loss,Morgan,4,3,73,0.4519244055848228,0.5576322169506005,0.8628030197231964
lever_3_target_transform_and_robust_loss,Morgan+Physical,4,3,73,0.42417363118009216,0.6339865086186265,0.8799387784993702
lever_3_target_transform_and_robust_loss,Physical,4,3,73,0.8573293490205578,-0.21844103943271653,0.7778477265141717
lever_3_target_transform_and_robust_loss,Morgan,4,4,97,0.5886223692556111,0.1799247712735007,0.572813528826091
lever_3_target_transform_and_robust_loss,Morgan+Physical,4,4,97,0.5378307137858922,0.3640101127921014,0.7256489173510872
lever_3_target_transform_and_robust_loss,Physical,4,4,97,0.48967582586631364,0.5329159871931238,0.7944152679765775
lever_3_target_transform_and_robust_loss,Morgan,5,0,63,0.29126893689285116,0.587060586796939,0.8346091990884382
lever_3_target_transform_and_robust_loss,Morgan+Physical,5,0,63,0.28614453809895213,0.5085527121661139,0.7511875288240156
lever_3_target_transform_and_robust_loss,Physical,5,0,63,0.34046571275163723,0.2319513016592073,0.49850956266450636
lever_3_target_transform_and_robust_loss,Morgan,5,1,81,0.5243039968483231,0.7269829719357142,0.839302144529172
lever_3_target_transform_and_robust_loss,Morgan+Physical,5,1,81,0.40697780160533775,0.8222270164882161,0.8630266297643828
lever_3_target_transform_and_robust_loss,Physical,5,1,81,0.386267671746149,0.8358898564460704,0.8358582938717468
lever_3_target_transform_and_robust_loss,Morgan,5,2,111,0.8290713870750372,0.2491217928188043,0.4639424335707398
lever_3_target_transform_and_robust_loss,Morgan+Physical,5,2,111,0.593710030221813,0.5936961675973536,0.837697894447157
lever_3_target_transform_and_robust_loss,Physical,5,2,111,0.31947486731444064,0.8810909669013207,0.9465762134225651
lever_3_target_transform_and_robust_loss,Morgan,5,3,128,0.39213777979548425,0.2965129926094322,0.6070403716959029
lever_3_target_transform_and_robust_loss,Morgan+Physical,5,3,128,0.2734946326248503,0.6651807982495022,0.914253467149028
lever_3_target_transform_and_robust_loss,Physical,5,3,128,0.5471761498763199,-0.07900835891586078,0.8967800177189635
lever_3_target_transform_and_robust_loss,Morgan,5,4,74,0.6579033827447428,0.38155741957892475,0.558599021406206
lever_3_target_transform_and_robust_loss,Morgan+Physical,5,4,74,0.5140656713898304,0.6121672164270787,0.8172783859722594
lever_3_target_transform_and_robust_loss,Physical,5,4,74,0.3162388977459126,0.8335806403089707,0.8147723977432638
lever_3_target_transform_and_robust_loss,Morgan,6,0,43,0.4739144337043701,0.49020856523866463,0.41950577988769333
lever_3_target_transform_and_robust_loss,Morgan+Physical,6,0,43,0.45720803432537843,0.4083281263956712,0.4808657747486282
lever_3_target_transform_and_robust_loss,Physical,6,0,43,0.5133695867002123,0.007519109855988693,0.39736847759189875
lever_3_target_transform_and_robust_loss,Morgan,6,1,60,0.5576143424768689,0.6197791135802453,0.7039082645001858
lever_3_target_transform_and_robust_loss,Morgan+Physical,6,1,60,0.43614384870597717,0.770510072374718,0.854100987949711
lever_3_target_transform_and_robust_loss,Physical,6,1,60,0.3234316442730974,0.854754499787441,0.8764915841319004
lever_3_target_transform_and_robust_loss,Morgan,6,2,126,1.2146436467575417,-2.133017691085924,-0.5561914927843193
lever_3_target_transform_and_robust_loss,Morgan+Physical,6,2,126,1.0054801516203529,-1.1077836245562933,-0.3492234890730816
lever_3_target_transform_and_robust_loss,Physical,6,2,126,0.6678216053906337,0.12208318257313167,0.7619316221065184
lever_3_target_transform_and_robust_loss,Morgan,6,3,124,0.3905828916424724,0.5146087217935428,0.7510114223510138
lever_3_target_transform_and_robust_loss,Morgan+Physical,6,3,124,0.2767742410923304,0.7112366922806457,0.8879635708947776
lever_3_target_transform_and_robust_loss,Physical,6,3,124,0.672243669284781,-0.17551097358580425,0.8612815630352005
lever_3_target_transform_and_robust_loss,Morgan,6,4,104,0.7315209173807383,0.049729637577789254,0.3518782081554831
lever_3_target_transform_and_robust_loss,Morgan+Physical,6,4,104,0.5709183022888802,0.4341488088021518,0.7235499305676117
lever_3_target_transform_and_robust_loss,Physical,6,4,104,0.44041302309848895,0.6942665806331046,0.8143470908755218
lever_3_target_transform_and_robust_loss,Morgan,7,0,114,0.5224192135672143,0.27035135046461334,0.6556917764408613
lever_3_target_transform_and_robust_loss,Morgan+Physical,7,0,114,0.3591965876902265,0.6389542440666361,0.8618128639379777
lever_3_target_transform_and_robust_loss,Physical,7,0,114,0.2646830618502245,0.824602023669693,0.9184179914912398
lever_3_target_transform_and_robust_loss,Morgan,7,1,77,0.8034716612069068,0.393825625558883,0.44998557876648404
lever_3_target_transform_and_robust_loss,Morgan+Physical,7,1,77,0.5922414840662626,0.6446176728878077,0.5464062539699621
lever_3_target_transform_and_robust_loss,Physical,7,1,77,0.39004126369502434,0.7653668053929638,0.6823297071086566
lever_3_target_transform_and_robust_loss,Morgan,7,2,80,0.5949103005929356,0.4414402562791455,0.7833758192716019
lever_3_target_transform_and_robust_loss,Morgan+Physical,7,2,80,0.48503327319604866,0.6308259898186241,0.8695473714092103
lever_3_target_transform_and_robust_loss,Physical,7,2,80,0.38836654408775023,0.7621028745736392,0.8760008727885414
lever_3_target_transform_and_robust_loss,Morgan,7,3,78,0.5877466211810912,-0.15873692119537153,0.4581053572026697
lever_3_target_transform_and_robust_loss,Morgan+Physical,7,3,78,0.5443441974945278,0.2204873612254149,0.6241756848031965
lever_3_target_transform_and_robust_loss,Physical,7,3,78,0.7230855333875169,0.16125300606117277,0.7085389233133914
lever_3_target_transform_and_robust_loss,Morgan,7,4,108,0.6304728288047997,-0.5223834902921871,0.15624230228156136
lever_3_target_transform_and_robust_loss,Morgan+Physical,7,4,108,0.38072538920931576,0.44253733115941973,0.7865558919526877
lever_3_target_transform_and_robust_loss,Physical,7,4,108,0.2519942464209024,0.6280348715977683,0.8141095914138831
lever_3_target_transform_and_robust_loss,Morgan,8,0,136,0.5457949215562209,0.11571873084314899,0.3933870376209753
lever_3_target_transform_and_robust_loss,Morgan+Physical,8,0,136,0.4601221355812632,0.49334525265334617,0.6455107776744059
lever_3_target_transform_and_robust_loss,Physical,8,0,136,0.4853398650191276,0.355807318239335,0.825889526961053
lever_3_target_transform_and_robust_loss,Morgan,8,1,82,0.6846735786351416,0.39480077039805783,0.8685957368623534
lever_3_target_transform_and_robust_loss,Morgan+Physical,8,1,82,0.509841220917609,0.6612109425143823,0.8764612461847227
lever_3_target_transform_and_robust_loss,Physical,8,1,82,0.26926752397237574,0.9102433225043122,0.8952401452629806
lever_3_target_transform_and_robust_loss,Morgan,8,2,80,0.4817901587693513,0.6228113182717012,0.8606732263492608
lever_3_target_transform_and_robust_loss,Morgan+Physical,8,2,80,0.41118289865629964,0.7447019167855552,0.9195140528632877
lever_3_target_transform_and_robust_loss,Physical,8,2,80,0.3368139728528582,0.848760659257908,0.8788971252264901
lever_3_target_transform_and_robust_loss,Morgan,8,3,51,0.6288411006630196,0.011557156352336673,0.21708553212782775
lever_3_target_transform_and_robust_loss,Morgan+Physical,8,3,51,0.5404071364123547,0.13116683554805275,0.4749060697303413
lever_3_target_transform_and_robust_loss,Physical,8,3,51,0.5661048045762362,-0.2534295729405538,0.5105993295851279
lever_3_target_transform_and_robust_loss,Morgan,8,4,108,0.4972649078179693,0.38211220753620556,0.6986505350768201
lever_3_target_transform_and_robust_loss,Morgan+Physical,8,4,108,0.3637184758533332,0.5898562879424032,0.8376930832342935
lever_3_target_transform_and_robust_loss,Physical,8,4,108,0.3296166493155955,0.6303884996616953,0.8619762607981536
lever_3_target_transform_and_robust_loss,Morgan,9,0,68,0.5457394496158099,0.6006793443170436,0.8177433516790829
lever_3_target_transform_and_robust_loss,Morgan+Physical,9,0,68,0.36238325665863236,0.7326275339966677,0.8531243103364277
lever_3_target_transform_and_robust_loss,Physical,9,0,68,0.2923218485257119,0.7189841011388998,0.80368003046855
lever_3_target_transform_and_robust_loss,Morgan,9,1,106,0.4803184886176358,0.13777448004838977,0.5880857988325051
lever_3_target_transform_and_robust_loss,Morgan+Physical,9,1,106,0.2907266327271719,0.5882630799257351,0.8743413089506669
lever_3_target_transform_and_robust_loss,Physical,9,1,106,0.2603624451209954,0.6446555932336686,0.8914436114507602
lever_3_target_transform_and_robust_loss,Morgan,9,2,98,0.4461000834177578,0.22445170935142267,0.15656632047519187
lever_3_target_transform_and_robust_loss,Morgan+Physical,9,2,98,0.272043234793924,0.5672353759414306,0.8087202672972986
lever_3_target_transform_and_robust_loss,Physical,9,2,98,0.5935540338828151,-0.1664940196695992,0.871055508677639
lever_3_target_transform_and_robust_loss,Morgan,9,3,91,0.6415290920508326,-0.2054283053018684,0.32049340002995075
lever_3_target_transform_and_robust_loss,Morgan+Physical,9,3,91,0.46761974240193965,0.2051329255855867,0.623141852080337
lever_3_target_transform_and_robust_loss,Physical,9,3,91,0.273653082392793,0.8552694440184812,0.859589672374782
lever_3_target_transform_and_robust_loss,Morgan,9,4,94,1.2615272256366663,-0.7665110943785947,0.5181077399921287
lever_3_target_transform_and_robust_loss,Morgan+Physical,9,4,94,1.1473926150094822,-0.43962266315956056,0.6925672325428222
lever_3_target_transform_and_robust_loss,Physical,9,4,94,1.0528070064019255,-0.14560804011122985,0.7190254952454348
dummy_control,Morgan,0,0,129,1.118152885310981,-0.16044267921200617,0.02534015571734526
dummy_control,Morgan+Physical,0,0,129,1.0883116675310047,-0.0853943524638563,0.0274556470837248
dummy_control,Physical,0,0,129,1.0618882701750096,-0.051592833401687965,0.08336100088551629
dummy_control,Morgan,0,1,136,0.9095037869847333,-0.12025191920216116,-0.04252711186842739
dummy_control,Morgan+Physical,0,1,136,0.9049184098631899,-0.17802499105405567,-0.0030639117270279555
dummy_control,Physical,0,1,136,0.9779497301019111,-0.35334864602997507,0.02953649173853882
dummy_control,Morgan,0,2,72,1.0771471319603345,-0.060366528578867706,-0.08033450766350739
dummy_control,Morgan+Physical,0,2,72,1.0675689537241675,-0.015587308957389023,0.14951497335072583
dummy_control,Physical,0,2,72,1.07921891690295,-0.04252974025118195,0.16431924142636486
dummy_control,Morgan,0,3,46,1.1477221702020584,-0.1625737371691185,-0.03257187516760317
dummy_control,Morgan+Physical,0,3,46,1.0792593823786838,0.0009830894632000264,0.1789852007987728
dummy_control,Physical,0,3,46,1.0320514721471015,0.05088879966682003,0.25926259908377874
dummy_control,Morgan,0,4,74,1.0646496027553702,-0.10013339505791108,-0.009124792373191337
dummy_control,Morgan+Physical,0,4,74,1.0390323351015585,-0.06087699822501458,0.020820835696434385
dummy_control,Physical,0,4,74,1.0254830613185688,-0.053750070904859504,0.10367427158633952
dummy_control,Morgan,1,0,102,0.9681529287169524,0.036265687266824886,0.17250616885475603
dummy_control,Morgan+Physical,1,0,102,0.977977571454363,-0.010868843521737004,0.13300464864714567
dummy_control,Physical,1,0,102,1.0002024190534757,-0.09264164535028097,0.07307185832784989
dummy_control,Morgan,1,1,78,1.051358033894547,-0.0411844389743905,0.013741280031779988
dummy_control,Morgan+Physical,1,1,78,1.0343508580727114,-0.021627010689860393,0.008179759141264389
dummy_control,Physical,1,1,78,1.038260470292439,-0.047298548603861734,0.10998922640649
dummy_control,Morgan,1,2,92,1.1196769596452196,-0.0923761641258436,-0.15509965838974724
dummy_control,Morgan+Physical,1,2,92,1.0976116961559699,-0.04205160931012242,0.034078200188958054
dummy_control,Physical,1,2,92,1.0730818965872453,-0.043418509327754595,0.11638814006952009
dummy_control,Morgan,1,3,111,0.963273085704362,-0.010048385533750537,0.10755410385408323
dummy_control,Morgan+Physical,1,3,111,0.9625043384533863,-0.03051703764370184,0.0699858353602099
dummy_control,Physical,1,3,111,1.0103903037689226,-0.18062655115251314,0.021734131259795304
dummy_control,Morgan,1,4,74,0.9873498750095759,-0.11622997596907081,-0.029920197985558002
dummy_control,Morgan+Physical,1,4,74,0.9952247013937984,-0.1349883524147779,0.01748308996995148
dummy_control,Physical,1,4,74,1.047784649625184,-0.2676110841743897,-0.061985500802555236
dummy_control,Morgan,2,0,74,1.0641996290576599,-0.05945144578733763,-0.010729372365787285
dummy_control,Morgan+Physical,2,0,74,1.0482988299150786,-0.0607964409204238,0.01891464066966258
dummy_control,Physical,2,0,74,1.0537442300961395,-0.09263561025207401,0.032492862341614706
dummy_control,Morgan,2,1,116,1.0561188144510292,-0.06817543315591457,-0.050684924609521155
dummy_control,Morgan+Physical,2,1,116,0.984294540084665,-0.000499719516203978,0.08251831277033674
dummy_control,Physical,2,1,116,0.985572353012899,-0.023013098910162677,0.11142420895831019
dummy_control,Morgan,2,2,77,1.0705425151919636,-0.12569774914717025,0.016407540146402236
dummy_control,Morgan+Physical,2,2,77,1.089968987237451,-0.14069152239734195,0.027444267523855318
dummy_control,Physical,2,2,77,1.1100977231724707,-0.1850665111682237,0.02609844286643549
dummy_control,Morgan,2,3,99,0.9304769793520119,-0.08147815656472557,-0.01123223885451283
dummy_control,Morgan+Physical,2,3,99,0.9361691707309511,-0.07855616903088758,-0.025134279008792292
dummy_control,Physical,2,3,99,0.9728789088930845,-0.1767291496625234,-0.05687110642156994
dummy_control,Morgan,2,4,91,1.0255550092062398,-0.043821248199504614,0.06278255806459003
dummy_control,Morgan+Physical,2,4,91,0.988831520849624,0.03224989352774532,0.16683572523892462
dummy_control,Physical,2,4,91,0.9753342990233987,0.02691194835592403,0.1979731764239597
dummy_control,Morgan,3,0,109,1.0744546604364462,-0.08019592151180044,-0.07180612667354666
dummy_control,Morgan+Physical,3,0,109,1.0613579673742488,-0.05871710556180432,-0.017563485447469544
dummy_control,Physical,3,0,109,1.0701798941616991,-0.083529115899456,0.05790410693906006
dummy_control,Morgan,3,1,40,1.0301295854882055,-0.13371063300929276,-0.02476360049033849
dummy_control,Morgan+Physical,3,1,40,1.0428063088404271,-0.12017508682768163,-0.008537386283936375
dummy_control,Physical,3,1,40,1.115836532134367,-0.25791909341665864,-0.08302842704707356
dummy_control,Morgan,3,2,162,0.9932436546573795,-0.022986122794595554,-0.028814269871416102
dummy_control,Morgan+Physical,3,2,162,0.9586057989658596,0.016106076300844485,0.1307308019291289
dummy_control,Physical,3,2,162,0.9542994943221645,-0.019346680726902044,0.1513838435999062
dummy_control,Morgan,3,3,91,0.9765476033902223,-0.11148192348502106,0.1410582928268956
dummy_control,Morgan+Physical,3,3,91,0.956367647839762,-0.06273994104367975,0.214352627597243
dummy_control,Physical,3,3,91,0.950140821937767,-0.03426572410003126,0.1771584388520222
dummy_control,Morgan,3,4,55,1.1014738594368665,-0.01632759964761399,0.06881204756230791
dummy_control,Morgan+Physical,3,4,55,1.1283335759929394,-0.06285139027204178,-0.11175505428429432
dummy_control,Physical,3,4,55,1.1656725642886647,-0.1436394674359367,-0.09706187033370381
dummy_control,Morgan,4,0,59,1.0953225221747154,-0.05328046762425287,-0.010999940459939536
dummy_control,Morgan+Physical,4,0,59,1.0954914868912173,-0.007718107822358267,0.0008793439553603952
dummy_control,Physical,4,0,59,1.1314696168016973,-0.03341361253574915,0.05838843863593023
dummy_control,Morgan,4,1,117,1.0072757329754833,-0.09083756727298997,-0.0015104553100148549
dummy_control,Morgan+Physical,4,1,117,0.9942197504357073,-0.1216439209791409,0.004770452739133082
dummy_control,Physical,4,1,117,1.0144530297502727,-0.20934809182484537,0.08388194818055576
dummy_control,Morgan,4,2,111,0.9828714325795659,0.0019222760509340908,0.13623675488799708
dummy_control,Morgan+Physical,4,2,111,0.9692658250473946,-0.014214642038567593,0.05366242140583615
dummy_control,Physical,4,2,111,0.980509050647688,-0.06457093241563228,0.029976454131747373
dummy_control,Morgan,4,3,73,1.0886792806859684,-0.08048815343333304,-0.0043722960616240005
dummy_control,Morgan+Physical,4,3,73,1.0544169536771344,-0.023258837712768043,0.22850295979069377
dummy_control,Physical,4,3,73,1.0399650917746495,-0.03130070135827134,0.24646511671180457
dummy_control,Morgan,4,4,97,1.0807679524898417,-0.267524838981692,-0.06138974716347089
dummy_control,Morgan+Physical,4,4,97,1.0352683862053653,-0.14935396882399998,-0.026558698154088786
dummy_control,Physical,4,4,97,0.998136564708785,-0.07346086749296643,0.055678025228108954
dummy_control,Morgan,5,0,63,1.0028811986426784,-0.12842567926735793,-0.09392697641349822
dummy_control,Morgan+Physical,5,0,63,0.982440100547499,-0.05907150215072843,-0.009701652886166477
dummy_control,Physical,5,0,63,1.0125153025322393,-0.1348215279959306,0.044656491572801035
dummy_control,Morgan,5,1,81,0.9373895871693464,-0.035713934135763736,0.14282658210276813
dummy_control,Morgan+Physical,5,1,81,0.9443290190787916,-0.044558245398057306,0.12173414764179397
dummy_control,Physical,5,1,81,0.9645863321697753,-0.10241084744118956,0.09305622860606806
dummy_control,Morgan,5,2,111,1.0047836814992284,-0.18854714773149617,-0.2160046326131519
dummy_control,Morgan+Physical,5,2,111,0.93616691156783,-0.07467736048127804,0.12467632477901623
dummy_control,Physical,5,2,111,0.9302279872347783,-0.05187926929651465,0.18895592807908113
dummy_control,Morgan,5,3,128,1.0926218104648018,0.00755579098859549,0.12857411275118574
dummy_control,Morgan+Physical,5,3,128,1.0778506010416935,0.013086316626040428,0.15773869644848337
dummy_control,Physical,5,3,128,1.0871135903324818,-0.01989233401792112,0.1299679608801514
dummy_control,Morgan,5,4,74,1.1160306071743384,-0.22001667605329267,-0.1788326711507375
dummy_control,Morgan+Physical,5,4,74,1.051116736349594,-0.0815444277757893,-0.0386782317617805
dummy_control,Physical,5,4,74,1.0072982116015528,-0.007296547068472936,0.14123706937312486
dummy_control,Morgan,6,0,43,1.1219461505377695,-0.1888014560164244,-0.0891207072874616
dummy_control,Morgan+Physical,6,0,43,1.1053252692860718,-0.14856897256035673,-0.04445961024264015
dummy_control,Physical,6,0,43,1.1109815744655684,-0.23437425674035595,-0.01769311019860169
dummy_control,Morgan,6,1,60,1.1176963000165605,-0.10465571407428054,0.060130311144162875
dummy_control,Morgan+Physical,6,1,60,1.0524969490472016,-0.0009906718798387004,0.12975460781916753
dummy_control,Physical,6,1,60,1.0096913887978831,0.010563400211410334,0.18410412629261946
dummy_control,Morgan,6,2,126,0.8916431489358154,-0.02645506959371957,0.02810019641930766
dummy_control,Morgan+Physical,6,2,126,0.8930167880378906,-0.06291356557481409,0.049370786911747185
dummy_control,Physical,6,2,126,0.9474180997152978,-0.1619750239130966,0.0494068986661627
dummy_control,Morgan,6,3,124,1.0968128972164435,-0.07627081458926988,0.03752300523530655
dummy_control,Morgan+Physical,6,3,124,1.077985414358618,-0.06748155471861161,0.09572489951123012
dummy_control,Physical,6,3,124,1.0849007101969967,-0.1065737758620886,0.12827373379617027
dummy_control,Morgan,6,4,104,1.0279760590277196,-0.060184904276315176,-0.0347497937877823
dummy_control,Morgan+Physical,6,4,104,1.0032457716939147,-0.004997581925469952,0.06632731268916388
dummy_control,Physical,6,4,104,1.0311610565159046,-0.08133706350786207,0.07413933283015049
dummy_control,Morgan,7,0,114,0.9735511488160199,-0.0872863203621641,0.02682218618087021
dummy_control,Morgan+Physical,7,0,114,0.9599665610664475,-0.07340231956194443,0.014261080749964227
dummy_control,Physical,7,0,114,0.9875060345073587,-0.10637303354347605,0.006256068818408352
dummy_control,Morgan,7,1,77,1.0561847270781173,-0.07819416738691332,0.17246523528920008
dummy_control,Morgan+Physical,7,1,77,1.001234004718624,0.01564281348092811,0.31126950144056487
dummy_control,Physical,7,1,77,1.0115922083550344,-0.047247279065446124,0.37395846710553254
dummy_control,Morgan,7,2,80,0.9575794707239467,-0.10060051362189948,-0.025799737567824617
dummy_control,Morgan+Physical,7,2,80,0.9556402065602896,-0.06371756499880643,-0.05021113136350182
dummy_control,Physical,7,2,80,0.965060408982264,-0.05046287702472174,-0.04852217950264122
dummy_control,Morgan,7,3,78,1.065064802381965,-0.08822129454416539,0.017058827586005007
dummy_control,Morgan+Physical,7,3,78,1.0511942290932537,-0.07241237325695216,0.15496914579795928
dummy_control,Physical,7,3,78,1.0510201538638342,-0.08827066791436655,0.16784283821605092
dummy_control,Morgan,7,4,108,1.0652914141861398,-0.02117598518786057,-0.04271517050905948
dummy_control,Morgan+Physical,7,4,108,1.0606521141779248,-0.039858216868595475,-0.030710035403325744
dummy_control,Physical,7,4,108,1.0732790210090528,-0.09938059175665015,0.003995694020299028
dummy_control,Morgan,8,0,136,1.060324203721868,-0.05348379987585705,0.032042367294811996
dummy_control,Morgan+Physical,8,0,136,1.013883271898408,-0.04150555905049447,0.06604892867636646
dummy_control,Physical,8,0,136,1.0192808713770949,-0.10661220914924896,0.04646151854670172
dummy_control,Morgan,8,1,82,0.965685621660783,-0.025510867747958077,0.1381406320795149
dummy_control,Morgan+Physical,8,1,82,0.9465268813547221,0.028705278484276953,0.17020063293434545
dummy_control,Physical,8,1,82,0.9379320600299249,0.004136266015002832,0.20666674792431275
dummy_control,Morgan,8,2,80,0.9329499134331041,-0.014892792588264037,0.1287985771251026
dummy_control,Morgan+Physical,8,2,80,0.9142687392003637,-0.004179729132654186,-0.022570726522660692
dummy_control,Physical,8,2,80,0.9244432516825555,-0.05217386938280577,0.03892598488785782
dummy_control,Morgan,8,3,51,1.0915222436758742,-0.15917467936451568,-0.14524415830109202
dummy_control,Morgan+Physical,8,3,51,1.0550517021096717,-0.06113321316232745,0.0031913451008480794
dummy_control,Physical,8,3,51,1.0276263649749597,-0.01367196797202297,0.13899326428587278
dummy_control,Morgan,8,4,108,1.1178094435981283,-0.24075227380178799,-0.2024962823391945
dummy_control,Morgan+Physical,8,4,108,1.0722524971292382,-0.12643063409573108,-0.0129067532733635
dummy_control,Physical,8,4,108,1.0394103732016937,-0.06340671813066923,0.07565122852095317
dummy_control,Morgan,9,0,68,1.1732205010987997,-0.19300173980736646,-0.2603165305267279
dummy_control,Morgan+Physical,9,0,68,1.177651001868283,-0.19523843834719679,-0.22818887610708233
dummy_control,Physical,9,0,68,1.1829297112707244,-0.2279023939205469,-0.16016643973883818
dummy_control,Morgan,9,1,106,1.0314922803923574,0.0154785887609592,0.16192351592389112
dummy_control,Morgan+Physical,9,1,106,1.0007855215256942,0.08203939169564667,0.3152292151742568
dummy_control,Physical,9,1,106,0.9814000391696708,0.09549869581225201,0.314153933351921
dummy_control,Morgan,9,2,98,1.1013577985545204,-0.039150287790981064,0.03130194258072667
dummy_control,Morgan+Physical,9,2,98,1.0613929874697143,0.017519785745670702,0.18613699628418856
dummy_control,Physical,9,2,98,1.059952701588949,0.0034607316847662384,0.23530090556135805
dummy_control,Morgan,9,3,91,0.9555207468950283,0.008943393888184215,0.1327126650314198
dummy_control,Morgan+Physical,9,3,91,0.9908213655316057,-0.06628748419233665,0.006126536882067282
dummy_control,Physical,9,3,91,1.062723294263159,-0.2343675760709203,-0.040237307334827305
dummy_control,Morgan,9,4,94,0.8773649613990834,-0.04449302633633967,-0.013850079887098228
dummy_control,Morgan+Physical,9,4,94,0.8307915040298917,-0.05547088476066708,0.06443006519069033
dummy_control,Physical,9,4,94,0.8993348195271635,-0.19773595474597316,0.10581431348888316
