protocol,representation,repeat,fold,train_rows,test_rows,train_compounds,test_compounds,mae,rmse,r2,spearman
paired_base,Morgan,0,0,328,129,77,20,15.80106188420732,19.79736735084448,-1.2465833595490716,-0.2692634868251015
paired_base,Physical,0,0,328,129,77,20,18.707810244005778,22.068834615700332,-1.7916852659006017,0.5341175799905006
paired_base,Morgan+Physical,0,0,328,129,77,20,8.309259865930837,9.80603209563924,0.44881895349169376,0.5057784148328935
paired_base,Morgan,0,1,321,136,77,20,13.270327840625537,17.482831436499804,-0.31308848270569967,-0.022933490707184263
paired_base,Physical,0,1,321,136,77,20,3.428869516310972,5.53189024207353,0.8685327553259132,0.8481192909406743
paired_base,Morgan+Physical,0,1,321,136,77,20,7.839173476376252,10.562870067864445,0.5206703138537356,0.36187862555591604
paired_base,Morgan,0,2,385,72,78,19,6.268117459636264,8.857746930671421,0.02993889940388106,0.0495327547692496
paired_base,Physical,0,2,385,72,78,19,8.945496932856242,12.393051971798998,-0.8989306106858601,0.22511629796957838
paired_base,Morgan+Physical,0,2,385,72,78,19,5.9120675322002825,9.694086800105929,-0.1618936053547555,0.2204951900098126
paired_base,Morgan,0,3,411,46,78,19,9.867929656318998,26.08893468095654,0.08617721016724211,0.5992786766114082
paired_base,Physical,0,3,411,46,78,19,8.52724353242957,24.42468719819851,0.19904647897859884,0.7093651627132864
paired_base,Morgan+Physical,0,3,411,46,78,19,8.169022655818775,24.957106263192273,0.16374688167566387,0.8192838059082257
paired_base,Morgan,0,4,383,74,78,19,16.23708513894571,23.56896636951814,-0.15007120440533428,0.26297376646379506
paired_base,Physical,0,4,383,74,78,19,8.52862388536711,12.198760840372474,0.6919117820505831,0.8885283237138828
paired_base,Morgan+Physical,0,4,383,74,78,19,10.953391586412998,17.163096858912656,0.3901332403782234,0.8242179464778916
paired_base,Morgan,1,0,355,102,77,20,7.422386764436608,9.0745583131983,0.20807070838327002,0.8218613040372529
paired_base,Physical,1,0,355,102,77,20,7.04940995862624,11.172940600748136,-0.20052275194450497,0.45330834802895514
paired_base,Morgan+Physical,1,0,355,102,77,20,5.323196221063651,8.653252333709396,0.2798977770127249,0.8844221581548171
paired_base,Morgan,1,1,379,78,77,20,10.373795394035241,24.03312431702561,0.05557654826417158,0.40165403100884084
paired_base,Physical,1,1,379,78,77,20,6.941951966878452,22.07595653208704,0.20313388925174014,0.9072576085729132
paired_base,Morgan+Physical,1,1,379,78,77,20,8.330839296297905,22.788814896817318,0.1508395106870407,0.8926405144919384
paired_base,Morgan,1,2,365,92,78,19,14.909710118003515,17.71454997500406,-0.09923459961854486,0.8444538729664535
paired_base,Physical,1,2,365,92,78,19,5.952657193681468,7.184900104319601,0.8191695301957583,0.9033169763385194
paired_base,Morgan+Physical,1,2,365,92,78,19,6.146600221302198,7.485837694162419,0.8037042235431462,0.8910273553841033
paired_base,Morgan,1,3,346,111,78,19,10.381847117738465,17.313417386600925,0.18810830258250388,0.772040636346388
paired_base,Physical,1,3,346,111,78,19,12.390877646475436,19.19254141529826,0.00230573652928201,0.857834551477673
paired_base,Morgan+Physical,1,3,346,111,78,19,9.50064488737089,15.602429666865754,0.34064854435863023,0.8601742936215496
paired_base,Morgan,1,4,383,74,78,19,11.551480190586398,15.450778074813183,-0.1837775780761315,0.6054307253727218
paired_base,Physical,1,4,383,74,78,19,17.986117296244647,24.43612783567078,-1.9609711599257271,0.7715392730034066
paired_base,Morgan+Physical,1,4,383,74,78,19,8.056639739887137,11.466379079982838,0.3480384381588497,0.8388769668295742
paired_base,Morgan,2,0,383,74,77,20,17.0548245483151,24.08207313108728,-0.18621941806634967,0.03218028789198679
paired_base,Physical,2,0,383,74,77,20,12.318566374552958,16.161945691322707,0.4657253439628576,0.5604453163651264
paired_base,Morgan+Physical,2,0,383,74,77,20,14.44714931040171,19.95309391764664,0.18567497605988703,0.43272261444424415
paired_base,Morgan,2,1,341,116,77,20,6.299133330141264,7.992154460880511,0.14118488551702402,0.8904115261760212
paired_base,Physical,2,1,341,116,77,20,7.081787087315526,10.811716704867901,-0.571669613704519,0.48270185857859105
paired_base,Morgan+Physical,2,1,341,116,77,20,5.255862817961593,8.095500783212591,0.11883065531420267,0.8434360254481522
paired_base,Morgan,2,2,380,77,78,19,9.717596913622572,23.713034818400796,-0.012727050664265604,0.6241040273746519
paired_base,Physical,2,2,380,77,78,19,8.122421236508853,22.943890392270447,0.051904138113807896,0.7917222422455337
paired_base,Morgan+Physical,2,2,380,77,78,19,8.169152891481078,23.017357738389933,0.04582272791077724,0.7870890362398834
paired_base,Morgan,2,3,358,99,78,19,5.3638431406194504,6.41748197316443,0.42302779635107035,0.689508755078189
paired_base,Physical,2,3,358,99,78,19,4.0920089546434815,7.604578632275814,0.18983050655130274,0.8221678324435785
paired_base,Morgan+Physical,2,3,358,99,78,19,4.124234310311983,6.129200778756852,0.4737001183476688,0.7657110639530829
paired_base,Morgan,2,4,366,91,78,19,15.364694404099014,18.23121267895863,-0.30200788879157603,0.6883674255525745
paired_base,Physical,2,4,366,91,78,19,7.1942846869583965,8.494688593258948,0.7173314922828956,0.9150183847732065
paired_base,Morgan+Physical,2,4,366,91,78,19,6.720492051847687,8.335912811713536,0.7277995568988198,0.9120164691866892
paired_base,Morgan,3,0,348,109,77,20,9.850515186288819,18.62346037511424,0.12545782623629465,0.6104419011502987
paired_base,Physical,3,0,348,109,77,20,6.33476714062822,16.882261648034888,0.28134367387228976,0.8240705581056469
paired_base,Morgan+Physical,3,0,348,109,77,20,7.382438313531436,16.9771623857329,0.2732413583080485,0.799641532919014
paired_base,Morgan,3,1,417,40,77,20,12.151753050231934,23.505476467129622,0.08449442878266733,0.6081145035610794
paired_base,Physical,3,1,417,40,77,20,11.658883573436736,17.199779592082653,0.5098052712018711,0.6949646064590004
paired_base,Morgan+Physical,3,1,417,40,77,20,11.366380926990509,17.99321860611051,0.4635359964598702,0.7709888256813365
paired_base,Morgan,3,2,295,162,78,19,10.85950156441206,13.008316903320488,0.20059838194627222,0.5823115628924441
paired_base,Physical,3,2,295,162,78,19,8.724482455851707,13.980304977004574,0.07667180586555189,0.7464286114446615
paired_base,Morgan+Physical,3,2,295,162,78,19,8.258940378222054,9.702795837841885,0.5552493489777315,0.7715114745236148
paired_base,Morgan,3,3,366,91,78,19,11.824455937027144,18.861687747531708,0.24200424139319576,0.7630677558307558
paired_base,Physical,3,3,366,91,78,19,8.951035437162629,15.392625945399512,0.4951863317808033,0.9282659722429973
paired_base,Morgan+Physical,3,3,366,91,78,19,9.947930633679064,16.184287445187696,0.4419246501328634,0.9112729109891047
paired_base,Morgan,3,4,402,55,78,19,10.476464447515315,15.382098398837563,-0.809372282324345,0.18214316351441348
paired_base,Physical,3,4,402,55,78,19,6.651674338227706,8.37549994800185,0.46356359515819456,0.8940890474516655
paired_base,Morgan+Physical,3,4,402,55,78,19,6.152776605232932,9.560961384937615,0.3009634386546969,0.6609907677791698
paired_base,Morgan,4,0,398,59,77,20,10.275598775443386,21.91928107986351,0.055691551084629975,0.24109108692760567
paired_base,Physical,4,0,398,59,77,20,9.6338510679148,21.66995500197766,0.07705189431622717,0.7635762893376479
paired_base,Morgan+Physical,4,0,398,59,77,20,7.367958848791607,20.76110020778039,0.15284672698561508,0.7777122280480024
paired_base,Morgan,4,1,340,117,77,20,7.534073092740051,11.860218700221338,-0.4724501317174197,0.4417181414495794
paired_base,Physical,4,1,340,117,77,20,4.368143005120693,6.028716956868658,0.6195435164154892,0.6524600224875374
paired_base,Morgan+Physical,4,1,340,117,77,20,5.248253312015371,8.327235673182049,0.27413323425208047,0.5329591929565134
paired_base,Morgan,4,2,346,111,78,19,13.628407963259583,20.004464658648356,0.008600713012182903,0.5976345029663745
paired_base,Physical,4,2,346,111,78,19,22.290187128757786,30.89386425046601,-1.3644993701883092,0.7212588631456919
paired_base,Morgan+Physical,4,2,346,111,78,19,13.483369948117367,19.685150000519208,0.03999788070518251,0.7168053829421622
paired_base,Morgan,4,3,384,73,78,19,6.7408485747245885,15.66387906156617,0.30634862332241797,0.6533266904597351
paired_base,Physical,4,3,384,73,78,19,6.020985156208195,8.533581397247502,0.7941242091207202,0.8329416320338915
paired_base,Morgan+Physical,4,3,384,73,78,19,5.583846388704482,11.023311985278,0.6564683082558735,0.9092831780346011
paired_base,Morgan,4,4,360,97,78,19,13.21303199697278,17.750742231435936,-0.22986644536605394,0.6568263533135187
paired_base,Physical,4,4,360,97,78,19,8.923509608868471,9.764522731354534,0.6278423424696626,0.82975004653168
paired_base,Morgan+Physical,4,4,360,97,78,19,6.88338522889442,7.7816083439547405,0.7636456198969277,0.9064151711915784
paired_base,Morgan,5,0,394,63,77,20,7.254420235648988,16.439888323483142,0.08118742397029144,0.7334547289529771
paired_base,Physical,5,0,394,63,77,20,6.15921705636524,9.493350578018632,0.69361447527967,0.5938887027167242
paired_base,Morgan+Physical,5,0,394,63,77,20,6.175525371430413,12.4927186909845,0.4694294671458614,0.6895904282952904
paired_base,Morgan,5,1,376,81,77,20,9.172393744631167,11.83284381052476,0.4934684910716626,0.8023833752067941
paired_base,Physical,5,1,376,81,77,20,9.665134623690005,15.312702334051366,0.15173434684256193,0.8063537571851271
paired_base,Morgan+Physical,5,1,376,81,77,20,7.098237754878291,10.968299715807344,0.5647820283798219,0.8145519798435091
paired_base,Morgan,5,2,346,111,78,19,15.031620462487023,22.43039536883135,0.09189270466542254,0.47149653428813326
paired_base,Physical,5,2,346,111,78,19,7.9320690605754685,16.499691344581393,0.5086228610872109,0.8993854236832184
paired_base,Morgan+Physical,5,2,346,111,78,19,11.16449009153074,18.970940414208428,0.3504074625179693,0.8163152297440893
paired_base,Morgan,5,3,329,128,78,19,6.0287598174572,8.74038531179953,0.3287868187874422,0.8442322922595502
paired_base,Physical,5,3,329,128,78,19,10.514898349183799,14.48069779833603,-0.8423761371739784,0.9126052215265522
paired_base,Morgan+Physical,5,3,329,128,78,19,3.9969469678282734,4.87998151710268,0.790764354225227,0.9048072888412921
paired_base,Morgan,5,4,383,74,78,19,12.516003713968637,20.629905716388055,0.0882375642346862,0.6334981469037098
paired_base,Physical,5,4,383,74,78,19,8.799968504364426,15.219818981817795,0.5037435282746545,0.7523926117075952
paired_base,Morgan+Physical,5,4,383,74,78,19,10.585976308461781,17.282975215642136,0.3600821516849575,0.744159915864457
paired_base,Morgan,6,0,414,43,77,20,11.0422242153079,20.548884462955137,0.08691594692311233,0.5194802158142786
paired_base,Physical,6,0,414,43,77,20,10.216209004734838,13.777945788860961,0.5895094150297561,0.7070613952196215
paired_base,Morgan+Physical,6,0,414,43,77,20,10.43162505358319,16.341192954398274,0.4225667692274564,0.7093334434047746
paired_base,Morgan,6,1,397,60,77,20,13.966465471013388,23.608422842093464,0.09766006923418924,0.8408078806650149
paired_base,Physical,6,1,397,60,77,20,7.724932819747924,13.256177561094793,0.7155061702836527,0.8356132200502165
paired_base,Morgan+Physical,6,1,397,60,77,20,10.340416638437908,18.09045656612645,0.47017154151920093,0.8776822348962082
paired_base,Morgan,6,2,331,126,78,19,15.740486170438736,19.218832892251406,-2.49578905194409,-0.5192273686056881
paired_base,Physical,6,2,331,126,78,19,6.058384596827673,8.247012783243838,0.35629848364798866,0.901846129454554
paired_base,Morgan+Physical,6,2,331,126,78,19,10.32898287956601,12.412702833795828,-0.45822289716764764,0.7269783746779054
paired_base,Morgan,6,3,333,124,78,19,6.7340923874270535,9.077997580810711,0.422967006833706,0.8493674724113045
paired_base,Physical,6,3,333,124,78,19,11.792290883882583,16.023600408792138,-0.7977973360043358,0.8044252113274851
paired_base,Morgan+Physical,6,3,333,124,78,19,5.193559699876848,6.753503913217428,0.6806412409989151,0.8564731704751966
paired_base,Morgan,6,4,353,104,78,19,15.48650596010208,23.2741685374006,-0.2627484084872047,0.2879003521272135
paired_base,Physical,6,4,353,104,78,19,9.625787739904844,17.748763480152675,0.26564732006379244,0.8284759765692045
paired_base,Morgan+Physical,6,4,353,104,78,19,11.277058686811008,19.724605371788368,0.0930462805520541,0.7404054947622619
paired_base,Morgan,7,0,343,114,77,20,5.619109242302075,8.464374171458367,0.5847239869889165,0.9099401094819854
paired_base,Physical,7,0,343,114,77,20,4.6436903450413745,7.683688574886021,0.6577947655646348,0.9269442320664649
paired_base,Morgan+Physical,7,0,343,114,77,20,3.418817673612896,6.076806377384515,0.7859585238850064,0.9350437171685037
paired_base,Morgan,7,1,380,77,77,20,18.662115705613967,24.250664021400894,-0.3619639650613853,0.5207328803931845
paired_base,Physical,7,1,380,77,77,20,4.5572484268584805,8.392875195515195,0.8368677306476782,0.9504519194651178
paired_base,Morgan+Physical,7,1,380,77,77,20,11.430764838082451,15.234352423773469,0.462515005855742,0.6984848567704732
paired_base,Morgan,7,2,377,80,78,19,8.500720731601714,10.204867163487597,0.1664298053639257,0.7306705192333308
paired_base,Physical,7,2,377,80,78,19,9.966273387596607,17.301159359502662,-1.3959507049769626,0.7093514149205459
paired_base,Morgan+Physical,7,2,377,80,78,19,8.790723446235656,12.39067518569513,-0.228902450992845,0.7065875286360318
paired_base,Morgan,7,3,379,78,78,19,7.380298582376334,19.28050336423922,0.12029909270614592,0.36258667435947456
paired_base,Physical,7,3,379,78,78,19,8.571237016468537,18.079183226553344,0.22650783972006017,0.4829866889643582
paired_base,Morgan+Physical,7,3,379,78,78,19,7.6808675830899755,18.20822836501134,0.21542640627275345,0.4578195664742614
paired_base,Morgan,7,4,349,108,78,19,13.510199314258715,20.434073694614103,-0.4081088632485337,0.7830831304933195
paired_base,Physical,7,4,349,108,78,19,13.719010704817595,20.902581121650506,-0.47341862955232283,0.864094403644815
paired_base,Morgan+Physical,7,4,349,108,78,19,8.469483029330219,14.03528490900231,0.33569306304944324,0.8652615622642431
paired_base,Morgan,8,0,321,136,77,20,8.401872533820656,16.22021713993842,0.241940556590863,0.663524753428235
paired_base,Physical,8,0,321,136,77,20,7.1286246810296,14.86852296403729,0.36302030209643177,0.7956485233907937
paired_base,Morgan+Physical,8,0,321,136,77,20,4.52445478927388,14.11285493972012,0.426121849631656,0.814779456708211
paired_base,Morgan,8,1,375,82,77,20,10.659687834070718,12.767035486422492,0.304071524234966,0.5221556873692655
paired_base,Physical,8,1,375,82,77,20,6.927960593112852,8.754253807181236,0.6727928813187256,0.8586899025890479
paired_base,Morgan+Physical,8,1,375,82,77,20,5.837141502246392,8.702765643386709,0.6766305013816338,0.8870548052641064
paired_base,Morgan,8,2,377,80,78,19,4.967265239295959,5.7639260575267945,0.667375773836971,0.8376032487957459
paired_base,Physical,8,2,377,80,78,19,3.5654472019052506,4.789216811593219,0.7703607751669884,0.8975162845859209
paired_base,Morgan+Physical,8,2,377,80,78,19,4.198869341192245,4.774358786060338,0.7717834264866437,0.8925254618727461
paired_base,Morgan,8,3,406,51,78,19,17.606692211824303,29.3595783018521,-0.12721636982644902,0.41105938332601916
paired_base,Physical,8,3,406,51,78,19,11.805470121196672,18.969915965075106,0.5294145725659654,0.6988137227208994
paired_base,Morgan+Physical,8,3,406,51,78,19,13.75130773447074,23.59585822369546,0.27191980721869446,0.719028941985849
paired_base,Morgan,8,4,349,108,78,19,13.178153026439523,17.44241166153482,-0.2296731940218506,0.41322385157165115
paired_base,Physical,8,4,349,108,78,19,5.93237174212491,8.98349949602199,0.6738121823612417,0.8793266753673494
paired_base,Morgan+Physical,8,4,349,108,78,19,7.967854383980785,10.403494443673758,0.5625432514581624,0.8595435240257073
paired_base,Morgan,9,0,389,68,77,20,9.872007392883301,17.598002881008338,0.1776076775296016,0.7566212274031847
paired_base,Physical,9,0,389,68,77,20,5.307263039504781,7.121995510728184,0.8653036989613,0.8812710002864316
paired_base,Morgan+Physical,9,0,389,68,77,20,6.7105848470295175,11.21243382188993,0.666149474735175,0.9213995325860296
paired_base,Morgan,9,1,351,106,77,20,13.192489055417619,17.479404123300643,-0.4505420380820542,0.751295310237066
paired_base,Physical,9,1,351,106,77,20,8.087346746120812,10.000404923791304,0.5251983238964839,0.9425562093992721
paired_base,Morgan+Physical,9,1,351,106,77,20,4.42342320532169,6.0895937630237515,0.8239428300447731,0.9287941672867402
paired_base,Morgan,9,2,359,98,78,19,6.476206584323181,17.416933767468908,0.10253416671490678,0.6649451981336082
paired_base,Physical,9,2,359,98,78,19,6.197939206321872,16.329128479890866,0.21113890965718185,0.8835701283162948
paired_base,Morgan+Physical,9,2,359,98,78,19,4.953953104587477,16.4179597333431,0.20253267857030888,0.7767574455065677
paired_base,Morgan,9,3,366,91,78,19,13.56390558754722,24.391372783054692,-2.5749084907470885,0.29690745033829374
paired_base,Physical,9,3,366,91,78,19,18.29727022062532,25.48678907916737,-2.9032169549970277,0.6847787330647529
paired_base,Morgan+Physical,9,3,366,91,78,19,12.849823528294827,18.302320793090132,-1.0128192079977518,0.6278549038137965
paired_base,Morgan,9,4,363,94,78,19,16.74775615171067,20.779215943209792,0.11983941321159719,0.5144819550393203
paired_base,Physical,9,4,363,94,78,19,27.45948037417797,30.29179981481371,-0.8704829788387554,0.06850408855664057
paired_base,Morgan+Physical,9,4,363,94,78,19,21.84339985549602,24.497248006059944,-0.2233147217606426,0.07300069256386349
lever_2_association_blind_spot_features,Morgan,0,0,328,129,77,20,15.80106188420732,19.79736735084448,-1.2465833595490716,-0.2692634868251015
lever_2_association_blind_spot_features,Physical,0,0,328,129,77,20,13.224172908280247,17.849165421137187,-0.8261795841371331,0.32963150312906
lever_2_association_blind_spot_features,Morgan+Physical,0,0,328,129,77,20,9.639675958855207,11.649436387660243,0.22211126417892568,0.34746801290163865
lever_2_association_blind_spot_features,Morgan,0,1,321,136,77,20,13.270327840625537,17.482831436499804,-0.31308848270569967,-0.022933490707184263
lever_2_association_blind_spot_features,Physical,0,1,321,136,77,20,3.1134873689651488,5.1560651388357055,0.8857891819475734,0.8552299832116631
lever_2_association_blind_spot_features,Morgan+Physical,0,1,321,136,77,20,7.898227199150533,10.647146469123445,0.5129910879981558,0.3634420993196103
lever_2_association_blind_spot_features,Morgan,0,2,385,72,78,19,6.268117459636264,8.857746930671421,0.02993889940388106,0.0495327547692496
lever_2_association_blind_spot_features,Physical,0,2,385,72,78,19,8.862315684085422,11.667862355063912,-0.6831977723547313,0.2813550962733316
lever_2_association_blind_spot_features,Morgan+Physical,0,2,385,72,78,19,5.864716559176974,9.13662548312743,-0.032105755509801215,0.30501834881737516
lever_2_association_blind_spot_features,Morgan,0,3,411,46,78,19,9.867929656318998,26.08893468095654,0.08617721016724211,0.5992786766114082
lever_2_association_blind_spot_features,Physical,0,3,411,46,78,19,7.822957960543423,23.977579254059894,0.22810191374988076,0.8251095828197085
lever_2_association_blind_spot_features,Morgan+Physical,0,3,411,46,78,19,7.889492728108947,24.72569036713047,0.17918337024177167,0.7605166535309413
lever_2_association_blind_spot_features,Morgan,0,4,383,74,78,19,16.23708513894571,23.56896636951814,-0.15007120440533428,0.26297376646379506
lever_2_association_blind_spot_features,Physical,0,4,383,74,78,19,10.951254266693528,16.960761886882544,0.4044278646796081,0.8757546606230829
lever_2_association_blind_spot_features,Morgan+Physical,0,4,383,74,78,19,11.257267430698292,19.317429056763554,0.22742205117850578,0.7415172828495559
lever_2_association_blind_spot_features,Morgan,1,0,355,102,77,20,7.422386764436608,9.0745583131983,0.20807070838327002,0.8218613040372529
lever_2_association_blind_spot_features,Physical,1,0,355,102,77,20,6.573624618391896,10.621421293372178,-0.08492742065510095,0.8703146456223984
lever_2_association_blind_spot_features,Morgan+Physical,1,0,355,102,77,20,5.036419869321935,8.371885305895018,0.325965765528876,0.9112422265524139
lever_2_association_blind_spot_features,Morgan,1,1,379,78,77,20,10.373795394035241,24.03312431702561,0.05557654826417158,0.40165403100884084
lever_2_association_blind_spot_features,Physical,1,1,379,78,77,20,6.895406393643893,22.591063142045435,0.16551288401551578,0.8999490615324257
lever_2_association_blind_spot_features,Morgan+Physical,1,1,379,78,77,20,8.288648925615947,22.98861543599714,0.1358842370688943,0.8880901495519481
lever_2_association_blind_spot_features,Morgan,1,2,365,92,78,19,14.909710118003515,17.71454997500406,-0.09923459961854486,0.8444538729664535
lever_2_association_blind_spot_features,Physical,1,2,365,92,78,19,4.981992212440657,7.385235238773476,0.8089448237087644,0.8480406232197735
lever_2_association_blind_spot_features,Morgan+Physical,1,2,365,92,78,19,7.403184302122697,9.156069038912744,0.7063376570325202,0.8553533191063829
lever_2_association_blind_spot_features,Morgan,1,3,346,111,78,19,10.381847117738465,17.313417386600925,0.18810830258250388,0.772040636346388
lever_2_association_blind_spot_features,Physical,1,3,346,111,78,19,11.614439525083593,18.75515864120455,0.047260905691420385,0.8688623687302551
lever_2_association_blind_spot_features,Morgan+Physical,1,3,346,111,78,19,8.920950678830533,16.325109868133488,0.2781537115650562,0.8776317325704908
lever_2_association_blind_spot_features,Morgan,1,4,383,74,78,19,11.551480190586398,15.450778074813183,-0.1837775780761315,0.6054307253727218
lever_2_association_blind_spot_features,Physical,1,4,383,74,78,19,15.23444858615463,20.44293628013019,-1.0723158580850396,0.777986343290583
lever_2_association_blind_spot_features,Morgan+Physical,1,4,383,74,78,19,6.69711516457635,10.217368305502553,0.4823365554489746,0.8351899063686561
lever_2_association_blind_spot_features,Morgan,2,0,383,74,77,20,17.0548245483151,24.08207313108728,-0.18621941806634967,0.03218028789198679
lever_2_association_blind_spot_features,Physical,2,0,383,74,77,20,11.88251403077203,17.518917256828807,0.3722426445153114,0.767362864747404
lever_2_association_blind_spot_features,Morgan+Physical,2,0,383,74,77,20,13.459765302973567,20.33813968196724,0.15394277466508166,0.5928453589166655
lever_2_association_blind_spot_features,Morgan,2,1,341,116,77,20,6.299133330141264,7.992154460880511,0.14118488551702402,0.8904115261760212
lever_2_association_blind_spot_features,Physical,2,1,341,116,77,20,6.394818811225891,10.888290000778062,-0.5940109502291473,0.8411283012157098
lever_2_association_blind_spot_features,Morgan+Physical,2,1,341,116,77,20,5.015573725568836,8.279312580643559,0.07836172899917482,0.8384071413292341
lever_2_association_blind_spot_features,Morgan,2,2,380,77,78,19,9.717596913622572,23.713034818400796,-0.012727050664265604,0.6241040273746519
lever_2_association_blind_spot_features,Physical,2,2,380,77,78,19,8.61093754359654,23.186163324101102,0.031775843166208295,0.7917485419266427
lever_2_association_blind_spot_features,Morgan+Physical,2,2,380,77,78,19,7.835915451049806,23.069830652489546,0.04146727291847796,0.7945816052977475
lever_2_association_blind_spot_features,Morgan,2,3,358,99,78,19,5.3638431406194504,6.41748197316443,0.42302779635107035,0.689508755078189
lever_2_association_blind_spot_features,Physical,2,3,358,99,78,19,3.8064628154754643,6.396621477996912,0.426772680742485,0.8080487185229893
lever_2_association_blind_spot_features,Morgan+Physical,2,3,358,99,78,19,4.010328723414258,5.6736615770879295,0.5490250376337793,0.7632989007273988
lever_2_association_blind_spot_features,Morgan,2,4,366,91,78,19,15.364694404099014,18.23121267895863,-0.30200788879157603,0.6883674255525745
lever_2_association_blind_spot_features,Physical,2,4,366,91,78,19,8.352062921125809,9.888166354058914,0.6169865463975629,0.9042120246675879
lever_2_association_blind_spot_features,Morgan+Physical,2,4,366,91,78,19,5.711269988091437,7.354135828165896,0.7881415480892188,0.9003928072185946
lever_2_association_blind_spot_features,Morgan,3,0,348,109,77,20,9.850515186288819,18.62346037511424,0.12545782623629465,0.6104419011502987
lever_2_association_blind_spot_features,Physical,3,0,348,109,77,20,6.445262778906867,16.835727038616184,0.2853000514589974,0.836932768950713
lever_2_association_blind_spot_features,Morgan+Physical,3,0,348,109,77,20,7.328800187403126,17.014955506443496,0.2700020597467908,0.797806755185291
lever_2_association_blind_spot_features,Morgan,3,1,417,40,77,20,12.151753050231934,23.505476467129622,0.08449442878266733,0.6081145035610794
lever_2_association_blind_spot_features,Physical,3,1,417,40,77,20,10.773825113201141,16.492269810375532,0.5493039665478534,0.7938728704542527
lever_2_association_blind_spot_features,Morgan+Physical,3,1,417,40,77,20,10.896018502140045,17.758165400679694,0.47746057023470345,0.7957527493802633
lever_2_association_blind_spot_features,Morgan,3,2,295,162,78,19,10.85950156441206,13.008316903320488,0.20059838194627222,0.5823115628924441
lever_2_association_blind_spot_features,Physical,3,2,295,162,78,19,8.087609535485727,11.401122753858163,0.3859297615752604,0.7915549239450248
lever_2_association_blind_spot_features,Morgan+Physical,3,2,295,162,78,19,7.006311331252109,8.497646495532607,0.658869833111416,0.7949187328959942
lever_2_association_blind_spot_features,Morgan,3,3,366,91,78,19,11.824455937027144,18.861687747531708,0.24200424139319576,0.7630677558307558
lever_2_association_blind_spot_features,Physical,3,3,366,91,78,19,10.101008752936059,17.659071092441415,0.33558200905917934,0.9123713108201426
lever_2_association_blind_spot_features,Morgan+Physical,3,3,366,91,78,19,10.68948374113984,17.532880291736802,0.3450438734374627,0.8747042016245199
lever_2_association_blind_spot_features,Morgan,3,4,402,55,78,19,10.476464447515315,15.382098398837563,-0.809372282324345,0.18214316351441348
lever_2_association_blind_spot_features,Physical,3,4,402,55,78,19,7.7570566088673,10.080601312750698,0.2229130061292357,0.8343594320923898
lever_2_association_blind_spot_features,Morgan+Physical,3,4,402,55,78,19,6.336685135381524,9.726656618301005,0.27652432934527094,0.6228685772209962
lever_2_association_blind_spot_features,Morgan,4,0,398,59,77,20,10.275598775443386,21.91928107986351,0.055691551084629975,0.24109108692760567
lever_2_association_blind_spot_features,Physical,4,0,398,59,77,20,7.657946926149271,20.772888330925184,0.15188442902243682,0.7545182797240255
lever_2_association_blind_spot_features,Morgan+Physical,4,0,398,59,77,20,7.13875368687258,20.821609255558894,0.14790140735942137,0.6581289386273829
lever_2_association_blind_spot_features,Morgan,4,1,340,117,77,20,7.534073092740051,11.860218700221338,-0.4724501317174197,0.4417181414495794
lever_2_association_blind_spot_features,Physical,4,1,340,117,77,20,3.9778905411523016,5.294979173339405,0.7065164843388287,0.8254241176298542
lever_2_association_blind_spot_features,Morgan+Physical,4,1,340,117,77,20,5.075742133974255,7.882430228758989,0.3496075802494846,0.5697267018893248
lever_2_association_blind_spot_features,Morgan,4,2,346,111,78,19,13.628407963259583,20.004464658648356,0.008600713012182903,0.5976345029663745
lever_2_association_blind_spot_features,Physical,4,2,346,111,78,19,18.935371286584658,27.140323438586673,-0.8248399193394116,0.6454463618185888
lever_2_association_blind_spot_features,Morgan+Physical,4,2,346,111,78,19,12.19680402674632,19.0995830074861,0.09626207830341427,0.6368260133343466
lever_2_association_blind_spot_features,Morgan,4,3,384,73,78,19,6.7408485747245885,15.66387906156617,0.30634862332241797,0.6533266904597351
lever_2_association_blind_spot_features,Physical,4,3,384,73,78,19,6.221001922586519,8.76145581936838,0.7829822979667096,0.8232319246927429
lever_2_association_blind_spot_features,Morgan+Physical,4,3,384,73,78,19,5.676463071932858,11.372784704932231,0.6343410184776581,0.8931485433987686
lever_2_association_blind_spot_features,Morgan,4,4,360,97,78,19,13.21303199697278,17.750742231435936,-0.22986644536605394,0.6568263533135187
lever_2_association_blind_spot_features,Physical,4,4,360,97,78,19,6.688493653602206,7.759341727096774,0.7649963131154232,0.8344979300663337
lever_2_association_blind_spot_features,Morgan+Physical,4,4,360,97,78,19,7.348830068411285,8.494597694373443,0.7183494855759245,0.8896100611771038
lever_2_association_blind_spot_features,Morgan,5,0,394,63,77,20,7.254420235648988,16.439888323483142,0.08118742397029144,0.7334547289529771
lever_2_association_blind_spot_features,Physical,5,0,394,63,77,20,6.507865436463129,10.359517266949101,0.6351551317673689,0.5635472085601365
lever_2_association_blind_spot_features,Morgan+Physical,5,0,394,63,77,20,6.184955089932396,12.779976905045128,0.4447490084336394,0.7258451209935773
lever_2_association_blind_spot_features,Morgan,5,1,376,81,77,20,9.172393744631167,11.83284381052476,0.4934684910716626,0.8023833752067941
lever_2_association_blind_spot_features,Physical,5,1,376,81,77,20,10.264150098598149,14.8952021486995,0.19735961961523962,0.7972436196520105
lever_2_association_blind_spot_features,Morgan+Physical,5,1,376,81,77,20,7.386501582072692,10.74559775556895,0.5822760647261338,0.7944964622659259
lever_2_association_blind_spot_features,Morgan,5,2,346,111,78,19,15.031620462487023,22.43039536883135,0.09189270466542254,0.47149653428813326
lever_2_association_blind_spot_features,Physical,5,2,346,111,78,19,7.6335250161413235,16.416693179140466,0.5135539624193788,0.9077491616445764
lever_2_association_blind_spot_features,Morgan+Physical,5,2,346,111,78,19,11.03582707384539,18.91457530107992,0.354261774752764,0.8257773272654965
lever_2_association_blind_spot_features,Morgan,5,3,329,128,78,19,6.0287598174572,8.74038531179953,0.3287868187874422,0.8442322922595502
lever_2_association_blind_spot_features,Physical,5,3,329,128,78,19,10.827600940789281,16.656632713529003,-1.4376634093543963,0.8931835701880035
lever_2_association_blind_spot_features,Morgan+Physical,5,3,329,128,78,19,4.80798565416336,5.9192062518782675,0.692159138663311,0.899278405272958
lever_2_association_blind_spot_features,Morgan,5,4,383,74,78,19,12.516003713968637,20.629905716388055,0.0882375642346862,0.6334981469037098
lever_2_association_blind_spot_features,Physical,5,4,383,74,78,19,9.417672504579699,17.018746284580022,0.3794992126205452,0.7445719348775158
lever_2_association_blind_spot_features,Morgan+Physical,5,4,383,74,78,19,10.65930903986338,18.381835641653964,0.2761226857326289,0.7602863394659785
lever_2_association_blind_spot_features,Morgan,6,0,414,43,77,20,11.0422242153079,20.548884462955137,0.08691594692311233,0.5194802158142786
lever_2_association_blind_spot_features,Physical,6,0,414,43,77,20,9.811382286559704,13.982652295255708,0.5772210324978517,0.7368914358816945
lever_2_association_blind_spot_features,Morgan+Physical,6,0,414,43,77,20,10.220971133387364,16.177018770146947,0.43411102070470375,0.6919424203842899
lever_2_association_blind_spot_features,Morgan,6,1,397,60,77,20,13.966465471013388,23.608422842093464,0.09766006923418924,0.8408078806650149
lever_2_association_blind_spot_features,Physical,6,1,397,60,77,20,9.805901867294311,18.523579757100396,0.4444974389219739,0.7843715501635451
lever_2_association_blind_spot_features,Morgan+Physical,6,1,397,60,77,20,11.664794000371298,20.817339849375696,0.29840466805472254,0.8335968578248395
lever_2_association_blind_spot_features,Morgan,6,2,331,126,78,19,15.740486170438736,19.218832892251406,-2.49578905194409,-0.5192273686056881
lever_2_association_blind_spot_features,Physical,6,2,331,126,78,19,4.733926678327528,7.726305958987878,0.4350174937421244,0.9202570252573172
lever_2_association_blind_spot_features,Morgan+Physical,6,2,331,126,78,19,9.746885092284185,11.760005153052624,-0.30889925583045286,0.7307819689388069
lever_2_association_blind_spot_features,Morgan,6,3,333,124,78,19,6.7340923874270535,9.077997580810711,0.422967006833706,0.8493674724113045
lever_2_association_blind_spot_features,Physical,6,3,333,124,78,19,11.485031733792827,15.392288750912874,-0.6589256572766553,0.8325699963645738
lever_2_association_blind_spot_features,Morgan+Physical,6,3,333,124,78,19,4.747391279946605,6.396123922621475,0.7135464167557424,0.8310482870640261
lever_2_association_blind_spot_features,Morgan,6,4,353,104,78,19,15.48650596010208,23.2741685374006,-0.2627484084872047,0.2879003521272135
lever_2_association_blind_spot_features,Physical,6,4,353,104,78,19,8.46144089145367,17.31682316649,0.30095533717526823,0.8663647306870358
lever_2_association_blind_spot_features,Morgan+Physical,6,4,353,104,78,19,11.459992202579791,19.658961295722484,0.09907297348736466,0.7530883431019915
lever_2_association_blind_spot_features,Morgan,7,0,343,114,77,20,5.619109242302075,8.464374171458367,0.5847239869889165,0.9099401094819854
lever_2_association_blind_spot_features,Physical,7,0,343,114,77,20,5.11945059279057,8.206053406553782,0.6096844821674168,0.8893495478878499
lever_2_association_blind_spot_features,Morgan+Physical,7,0,343,114,77,20,3.5677327086264627,6.144971801263864,0.7811296520749078,0.9337950316829606
lever_2_association_blind_spot_features,Morgan,7,1,380,77,77,20,18.662115705613967,24.250664021400894,-0.3619639650613853,0.5207328803931845
lever_2_association_blind_spot_features,Physical,7,1,380,77,77,20,8.92827676693805,11.062144752110308,0.7166018429177896,0.9306411933684513
lever_2_association_blind_spot_features,Morgan+Physical,7,1,380,77,77,20,8.838112675258094,13.281559358300255,0.5914770279908387,0.7713023482358706
lever_2_association_blind_spot_features,Morgan,7,2,377,80,78,19,8.500720731601714,10.204867163487597,0.1664298053639257,0.7306705192333308
lever_2_association_blind_spot_features,Physical,7,2,377,80,78,19,9.27518778465748,14.291607112348812,-0.6348940109297123,0.7235236299613481
lever_2_association_blind_spot_features,Morgan+Physical,7,2,377,80,78,19,8.472462157831192,11.41828461060564,-0.04358828126664416,0.7231460942316614
lever_2_association_blind_spot_features,Morgan,7,3,379,78,78,19,7.380298582376334,19.28050336423922,0.12029909270614592,0.36258667435947456
lever_2_association_blind_spot_features,Physical,7,3,379,78,78,19,7.943475825491685,17.71725832240869,0.25716674391730676,0.5020024153894314
lever_2_association_blind_spot_features,Morgan+Physical,7,3,379,78,78,19,7.24937317592523,17.946097090482922,0.23785372763467505,0.4554202667642522
lever_2_association_blind_spot_features,Morgan,7,4,349,108,78,19,13.510199314258715,20.434073694614103,-0.4081088632485337,0.7830831304933195
lever_2_association_blind_spot_features,Physical,7,4,349,108,78,19,14.058316349735966,20.845637683838927,-0.46540170206432974,0.8145732803433328
lever_2_association_blind_spot_features,Morgan+Physical,7,4,349,108,78,19,9.148397758907741,16.718944160388666,0.05736401240733391,0.8139855477547724
lever_2_association_blind_spot_features,Morgan,8,0,321,136,77,20,8.401872533820656,16.22021713993842,0.241940556590863,0.663524753428235
lever_2_association_blind_spot_features,Physical,8,0,321,136,77,20,6.2157412703654344,14.447219318601546,0.39860686521836075,0.8282319419916275
lever_2_association_blind_spot_features,Morgan+Physical,8,0,321,136,77,20,4.723753653975094,14.194603409877509,0.41945423569553897,0.9767289862346329
lever_2_association_blind_spot_features,Morgan,8,1,375,82,77,20,10.659687834070718,12.767035486422492,0.304071524234966,0.5221556873692655
lever_2_association_blind_spot_features,Physical,8,1,375,82,77,20,6.264856446713704,8.34655596033896,0.702560189916179,0.9211093704577717
lever_2_association_blind_spot_features,Morgan+Physical,8,1,375,82,77,20,5.969350864648587,8.673532487248604,0.6787992910796534,0.8981761891127406
lever_2_association_blind_spot_features,Morgan,8,2,377,80,78,19,4.967265239295959,5.7639260575267945,0.667375773836971,0.8376032487957459
lever_2_association_blind_spot_features,Physical,8,2,377,80,78,19,4.242399227032662,5.677956036936477,0.6772240807485466,0.9020100911912392
lever_2_association_blind_spot_features,Morgan+Physical,8,2,377,80,78,19,4.531693124351501,5.151199107138797,0.7343353627310987,0.8965703240970252
lever_2_association_blind_spot_features,Morgan,8,3,406,51,78,19,17.606692211824303,29.3595783018521,-0.12721636982644902,0.41105938332601916
lever_2_association_blind_spot_features,Physical,8,3,406,51,78,19,12.677258935404756,21.994403843193638,0.36739583027705003,0.7103392577858914
lever_2_association_blind_spot_features,Morgan+Physical,8,3,406,51,78,19,14.656430133894377,25.23918650621549,0.16697436549509448,0.7023274849402175
lever_2_association_blind_spot_features,Morgan,8,4,349,108,78,19,13.178153026439523,17.44241166153482,-0.2296731940218506,0.41322385157165115
lever_2_association_blind_spot_features,Physical,8,4,349,108,78,19,6.815971721031047,9.809546416512537,0.6110672677205239,0.8720888378311994
lever_2_association_blind_spot_features,Morgan+Physical,8,4,349,108,78,19,9.527743582831487,12.33613043205048,0.38491583462188816,0.8584644658330335
lever_2_association_blind_spot_features,Morgan,9,0,389,68,77,20,9.872007392883301,17.598002881008338,0.1776076775296016,0.7566212274031847
lever_2_association_blind_spot_features,Physical,9,0,389,68,77,20,6.164868938025306,8.589739020498369,0.80406491198598,0.908657174284808
lever_2_association_blind_spot_features,Morgan+Physical,9,0,389,68,77,20,5.7598239735435035,11.440381994273626,0.6524371658793775,0.9181149442767292
lever_2_association_blind_spot_features,Morgan,9,1,351,106,77,20,13.192489055417619,17.479404123300643,-0.4505420380820542,0.751295310237066
lever_2_association_blind_spot_features,Physical,9,1,351,106,77,20,6.898232992064277,8.609070933660709,0.6481240009929412,0.9509433902362912
lever_2_association_blind_spot_features,Morgan+Physical,9,1,351,106,77,20,4.562955836314075,6.111689931772462,0.8226628606778383,0.9359934345342676
lever_2_association_blind_spot_features,Morgan,9,2,359,98,78,19,6.476206584323181,17.416933767468908,0.10253416671490678,0.6649451981336082
lever_2_association_blind_spot_features,Physical,9,2,359,98,78,19,6.327368144389562,16.3654393956829,0.2076266442424325,0.890566645942535
lever_2_association_blind_spot_features,Morgan+Physical,9,2,359,98,78,19,5.01107073217898,16.45050442120155,0.19936796765465004,0.7729842917176879
lever_2_association_blind_spot_features,Morgan,9,3,366,91,78,19,13.56390558754722,24.391372783054692,-2.5749084907470885,0.29690745033829374
lever_2_association_blind_spot_features,Physical,9,3,366,91,78,19,17.46481503367665,24.727121540058015,-2.6740035269969646,0.7281074064091407
lever_2_association_blind_spot_features,Morgan+Physical,9,3,366,91,78,19,12.519734295818623,18.035439782710533,-0.9545460876168015,0.6223519123511404
lever_2_association_blind_spot_features,Morgan,9,4,363,94,78,19,16.74775615171067,20.779215943209792,0.11983941321159719,0.5144819550393203
lever_2_association_blind_spot_features,Physical,9,4,363,94,78,19,21.558280930685488,23.494560231528897,-0.12522207844443933,0.4180800996813947
lever_2_association_blind_spot_features,Morgan+Physical,9,4,363,94,78,19,19.030605623431914,21.641506865613334,0.0452743341446431,0.4254483045658914
dummy_control,Morgan,0,0,328,129,77,20,14.072984391567024,18.093118103852763,-0.10369384025669626,0.03096814637532131
dummy_control,Physical,0,0,328,129,77,20,12.840069902897325,17.788208212927398,-0.06680782146983533,0.060875619592732515
dummy_control,Morgan+Physical,0,0,328,129,77,20,13.287700548992305,17.623235534699244,-0.0471118484294073,0.05021391449131408
dummy_control,Morgan,0,1,321,136,77,20,11.808216101413054,15.499892539188462,-0.12811135566178722,0.0023746838087919963
dummy_control,Physical,0,1,321,136,77,20,14.569239328543718,17.22252444127991,-0.39279826131806383,0.002501230020020992
dummy_control,Morgan+Physical,0,1,321,136,77,20,12.976358687111349,15.824157013812238,-0.17580624771052733,-0.02273481067885576
dummy_control,Morgan,0,2,385,72,78,19,14.928607341257727,24.314131167022563,-0.05021309228249371,-0.05286251616208767
dummy_control,Physical,0,2,385,72,78,19,14.593805615086024,23.8669568069107,-0.011938249603873352,0.2312963531487889
dummy_control,Morgan+Physical,0,2,385,72,78,19,14.670793135409882,24.007668864636475,-0.023905561857211266,0.12146820613929542
dummy_control,Morgan,0,3,411,46,78,19,16.60410900696464,23.231163895427322,-0.19783261192653678,0.0924941798652548
dummy_control,Physical,0,3,411,46,78,19,17.51584740000186,22.846127615313232,-0.1584555969320227,-0.04490091768483381
dummy_control,Morgan+Physical,0,3,411,46,78,19,16.799691628829294,22.487033954516917,-0.12232476662786973,-0.026470513456072826
dummy_control,Morgan,0,4,383,74,78,19,14.492647925452156,19.913074527370412,-0.06710022792626358,-0.029026488312800282
dummy_control,Physical,0,4,383,74,78,19,13.824743463720374,19.502509473843105,-0.02355119448855536,0.07441150602459393
dummy_control,Morgan+Physical,0,4,383,74,78,19,14.081506518026815,19.559426559799213,-0.029534277050480062,0.03770607940503131
dummy_control,Morgan,1,0,355,102,77,20,14.829476452152026,23.754188958763912,-0.0012647097296905052,0.11042638699472236
dummy_control,Physical,1,0,355,102,77,20,15.65185277465521,24.447366444101977,-0.06055369214197248,-0.07256099193829407
dummy_control,Morgan+Physical,1,0,355,102,77,20,15.189030778302955,24.032791288913746,-0.024889220714565896,0.006616072286774094
dummy_control,Morgan,1,1,379,78,77,20,12.952591264065473,16.509343957365722,-0.07103897072114407,0.05532269990489861
dummy_control,Physical,1,1,379,78,77,20,12.823366144010105,16.185386723309623,-0.029418107013253092,0.11782786249041398
dummy_control,Morgan+Physical,1,1,379,78,77,20,12.731071169805281,16.06701312555189,-0.014415645388350828,0.04250423054656891
dummy_control,Morgan,1,2,365,92,78,19,14.752213121414183,20.65261449442137,-0.03017470170703973,-0.01134410531553775
dummy_control,Physical,1,2,365,92,78,19,15.35543983622012,21.122201867375324,-0.07755434245660786,0.05482051459441469
dummy_control,Morgan+Physical,1,2,365,92,78,19,14.975240342563131,20.765255290477025,-0.041442635149726126,0.03763116214619419
dummy_control,Morgan,1,3,346,111,78,19,11.613155922068003,15.365803322035143,-0.01415791521123455,-0.015207931213369021
dummy_control,Physical,1,3,346,111,78,19,14.477864069546536,17.99492249089433,-0.3908971114457256,-0.05553620037820564
dummy_control,Morgan+Physical,1,3,346,111,78,19,12.746882018693803,16.183294625852586,-0.12493887726363018,-0.03359586459078701
dummy_control,Morgan,1,4,383,74,78,19,12.204534678818986,15.98294144652573,-0.10184089024084542,0.07443635462329998
dummy_control,Physical,1,4,383,74,78,19,14.10539229149071,17.28295764446765,-0.28837295514524897,-0.1557356909581166
dummy_control,Morgan+Physical,1,4,383,74,78,19,13.014350888045026,16.329901853075963,-0.15019802508737645,-0.09088048047326949
dummy_control,Morgan,2,0,383,74,77,20,13.155940525661158,17.398877868177,0.0007652007100583669,0.0745103570533938
dummy_control,Physical,2,0,383,74,77,20,15.532900487114157,20.229316764437506,-0.35078895547604194,-0.013652439886587412
dummy_control,Morgan+Physical,2,0,383,74,77,20,13.948968196237926,18.125261330033286,-0.08441027778657983,0.02960252166505435
dummy_control,Morgan,2,1,341,116,77,20,14.477801381875397,22.726092805216442,-0.03473947307917924,-0.04752226055942578
dummy_control,Physical,2,1,341,116,77,20,14.93189861041891,22.403710939887656,-0.005591019843411482,0.09283083191730426
dummy_control,Morgan+Physical,2,1,341,116,77,20,14.582344506764905,22.384069593694566,-0.003828588300248681,-0.004053899711018689
dummy_control,Morgan,2,2,380,77,78,19,14.155944758447424,19.347609053067547,-0.10182906590364627,0.08145996262785478
dummy_control,Physical,2,2,380,77,78,19,15.41086127954458,19.85333487278331,-0.1601831517358554,0.05655102433040571
dummy_control,Morgan+Physical,2,2,380,77,78,19,14.501571771914001,19.31302200661587,-0.0978931842241606,0.1130228825044926
dummy_control,Morgan,2,3,358,99,78,19,12.96847549332744,15.890938479077356,-0.07091748513499874,0.0724302404438266
dummy_control,Physical,2,3,358,99,78,19,13.296355543061845,16.238872124313847,-0.11832656314788514,-0.1152083485976321
dummy_control,Morgan+Physical,2,3,358,99,78,19,13.090447052100595,15.858769047483026,-0.06658596803553363,-0.046323692376228236
dummy_control,Morgan,2,4,366,91,78,19,13.29578542547205,17.854916346637786,-0.033310619266028185,0.08942070380676054
dummy_control,Physical,2,4,366,91,78,19,12.484240770625856,17.69768920276444,-0.015192454167889613,0.18068346577620362
dummy_control,Morgan+Physical,2,4,366,91,78,19,12.775645101623535,17.619166796853523,-0.0062038783615170345,0.16200418946899744
dummy_control,Morgan,3,0,348,109,77,20,13.760919805835405,22.20993851619277,-0.06299565002615326,0.011940103381673053
dummy_control,Physical,3,0,348,109,77,20,13.743108709364023,21.45563506607197,0.007982068946634557,0.04793300017296418
dummy_control,Morgan+Physical,3,0,348,109,77,20,13.581604812773259,21.688364962038957,-0.013655544488168303,0.02091511797388832
dummy_control,Morgan,3,1,417,40,77,20,15.049621825485229,21.46789581349935,-0.10996304119932776,0.001883252529670478
dummy_control,Physical,3,1,417,40,77,20,14.947565332298279,21.21265496028004,-0.08372630774557588,0.046627263550729436
dummy_control,Morgan+Physical,3,1,417,40,77,20,14.986150235061643,21.167507953591898,-0.07911821572134725,0.02936485611947347
dummy_control,Morgan,3,2,295,162,78,19,12.236394790600436,16.469282760992495,-0.03639178273798516,-0.09871731054756479
dummy_control,Physical,3,2,295,162,78,19,12.923919963316738,16.97451269932748,-0.10095411717011293,-0.044669584645223775
dummy_control,Morgan+Physical,3,2,295,162,78,19,12.492983046824136,16.612502721472524,-0.054495471707431076,-0.05634610684244295
dummy_control,Morgan,3,3,366,91,78,19,15.852239689720069,19.341900665029886,-0.2961136791428156,0.0372180383814908
dummy_control,Physical,3,3,366,91,78,19,14.922460631871486,18.725228962837818,-0.2147840207625049,0.17073723698140653
dummy_control,Morgan+Physical,3,3,366,91,78,19,15.00901946640853,18.353958690948247,-0.16708986298659845,0.10537701305335384
dummy_control,Morgan,3,4,402,55,78,19,14.399376182406339,20.550369324471692,-0.017372373522754003,0.15956522469691953
dummy_control,Physical,3,4,402,55,78,19,14.61712656304377,21.014600086921213,-0.06385622006322533,-0.11863850527763968
dummy_control,Morgan+Physical,3,4,402,55,78,19,14.353960114624025,20.69511622166095,-0.031754607877441776,-0.08619036708204592
dummy_control,Morgan,4,0,398,59,77,20,15.084180429630601,20.63589419415342,-0.04533746487803869,-0.09876226865783988
dummy_control,Physical,4,0,398,59,77,20,14.917434946878721,20.46551014029251,-0.028146686607771088,-0.10387983259324134
dummy_control,Morgan+Physical,4,0,398,59,77,20,14.920558291688044,20.48666221691765,-0.030273061748441465,-0.1562887323327209
dummy_control,Morgan,4,1,340,117,77,20,14.060352908359102,18.421967469404855,-0.13436648553068098,-0.0036080102141065737
dummy_control,Physical,4,1,340,117,77,20,14.026929911251232,18.50514600066266,-0.14463335340772598,0.005688200953187866
dummy_control,Morgan+Physical,4,1,340,117,77,20,13.92565341149485,18.032768673250427,-0.0869415431114613,0.015279775137930492
dummy_control,Morgan,4,2,346,111,78,19,11.906003605462153,15.792889891898566,-0.0018203645503420685,0.16772869049968536
dummy_control,Physical,4,2,346,111,78,19,13.555808096494934,18.049943751390977,-0.3086344420741438,0.03489453413076754
dummy_control,Morgan+Physical,4,2,346,111,78,19,12.282054820900308,16.40863212675848,-0.08146233262505786,0.06581129355586125
dummy_control,Morgan,4,3,384,73,78,19,16.517643307892264,26.351082749743128,-0.1086257387342866,-0.09672293317135011
dummy_control,Physical,4,3,384,73,78,19,16.062065915523164,25.375863092920525,-0.028086538830172758,0.21122685747420866
dummy_control,Morgan+Physical,4,3,384,73,78,19,16.206527741168294,25.782349147826412,-0.06128737625978098,0.13233057794224617
dummy_control,Morgan,4,4,360,97,78,19,14.974997102780682,18.340242843021354,-0.4105902042145848,-0.06317111595344191
dummy_control,Physical,4,4,360,97,78,19,12.74415859783998,16.213981107527086,-0.10247823679940615,0.04653111013204251
dummy_control,Morgan+Physical,4,4,360,97,78,19,13.771756045532225,17.092759069144947,-0.2252227212086524,0.029374719224596318
dummy_control,Morgan,5,0,394,63,77,20,12.235163125799268,14.518878152910705,-0.06763296631690108,-0.027577115365985803
dummy_control,Physical,5,0,394,63,77,20,11.94806798441569,14.59502186523168,-0.07886065306354806,0.0012031562097918496
dummy_control,Morgan+Physical,5,0,394,63,77,20,11.881527213052415,14.233900944344324,-0.026133184803069698,0.03368837387417179
dummy_control,Morgan,5,1,376,81,77,20,14.658683304688255,17.940421522194285,-0.04121997966028612,0.10374110613697246
dummy_control,Physical,5,1,376,81,77,20,14.579494758142543,18.50419635486641,-0.10768854316685728,0.03484095762976008
dummy_control,Morgan+Physical,5,1,376,81,77,20,14.61288320396141,17.977981052211078,-0.045584277391190975,0.12101041466928356
dummy_control,Morgan,5,2,346,111,78,19,11.996979864067557,14.947605492711817,-0.2162425364527707,-0.19211515495809306
dummy_control,Physical,5,2,346,111,78,19,12.050712191812325,14.809535090832565,-0.19387754587024375,0.14786357673541453
dummy_control,Morgan+Physical,5,2,346,111,78,19,11.87586355958406,14.582145377139751,-0.1574967524434887,0.0593550976811983
dummy_control,Morgan,5,3,329,128,78,19,15.407415911793708,24.385272368592958,-0.01362079346643097,0.11602675646256073
dummy_control,Physical,5,3,329,128,78,19,15.827507830023762,24.45758073672734,-0.019640978987393698,0.035847702070138994
dummy_control,Morgan+Physical,5,3,329,128,78,19,15.516458266437054,24.312837063725034,-0.007607911437470527,0.08866622529968396
dummy_control,Morgan,5,4,383,74,78,19,14.60063811687985,20.302443559043386,-0.26661426099750174,-0.16821777987119418
dummy_control,Physical,5,4,383,74,78,19,14.008890128050107,19.64535954955053,-0.18595364226497657,0.06538131948604158
dummy_control,Morgan+Physical,5,4,383,74,78,19,14.069864906715187,19.4959800343012,-0.16798668724196641,-0.10988805896384131
dummy_control,Morgan,6,0,414,43,77,20,14.70039863408998,19.75164713749425,-0.16072387909396335,-0.06945912459352387
dummy_control,Physical,6,0,414,43,77,20,15.281769097350363,20.71663173967313,-0.2769108421670514,-0.010131951994071053
dummy_control,Morgan+Physical,6,0,414,43,77,20,14.705022111049917,19.78262625044791,-0.1643677671098296,0.027068946372219682
dummy_control,Morgan,6,1,397,60,77,20,13.800926762054447,19.83231907139623,-0.07377615390244596,0.012463351989631728
dummy_control,Physical,6,1,397,60,77,20,17.204754914520265,23.42233414326475,-0.4977078215567876,-0.024311897373638452
dummy_control,Morgan+Physical,6,1,397,60,77,20,14.901030585016889,20.577946455608686,-0.15603456321157094,-0.07399273113716051
dummy_control,Morgan,6,2,331,126,78,19,14.027750402015807,19.152371721115,-0.08596540548415321,-0.05917127173718296
dummy_control,Physical,6,2,331,126,78,19,15.62469381255619,19.94033940897404,-0.17716125332964894,0.01953645913879451
dummy_control,Morgan+Physical,6,2,331,126,78,19,14.718977639172266,19.256202388460174,-0.09777200130437613,0.002202817019346516
dummy_control,Morgan,6,3,333,124,78,19,14.662696584728613,21.96272114099702,-0.06551605566724694,0.0312635765451485
dummy_control,Physical,6,3,333,124,78,19,14.812592291003813,21.69483318804889,-0.03968154201331253,0.08563079849500879
dummy_control,Morgan+Physical,6,3,333,124,78,19,14.690255259079475,21.761530602956487,-0.04608404941195632,0.062417449532589056
dummy_control,Morgan,6,4,353,104,78,19,12.217387198926485,14.956170332792606,-0.0371013826372848,0.03383941406191209
dummy_control,Physical,6,4,353,104,78,19,11.915283424800727,15.074650727943569,-0.05359796988316479,-0.0023785135200690326
dummy_control,Morgan+Physical,6,4,353,104,78,19,11.960974047772336,14.904929683941207,-0.030007225063671594,0.038275360263403016
dummy_control,Morgan,7,0,343,114,77,20,12.90298551807069,17.5330408401298,-0.08808001244179553,0.09309358070438802
dummy_control,Physical,7,0,343,114,77,20,14.076160698271632,18.175713657461852,-0.16930898826989838,-0.02550129861586326
dummy_control,Morgan+Physical,7,0,343,114,77,20,13.353551672015275,17.537851606282818,-0.08867719540301056,0.00443633018120676
dummy_control,Morgan,7,1,380,77,77,20,14.89568666286716,20.970363539286762,-0.06984970854784645,-0.019927473500563023
dummy_control,Physical,7,1,380,77,77,20,14.610415703434136,21.045248138663663,-0.0775041596869579,0.18254446856834405
dummy_control,Morgan+Physical,7,1,380,77,77,20,14.72518603042008,20.911588382171207,-0.063861022218477,0.16327306639143543
dummy_control,Morgan,7,2,377,80,78,19,15.106275686904905,18.929875583474328,-0.09893466806017659,-0.06155389391764307
dummy_control,Physical,7,2,377,80,78,19,14.171983702728273,18.97849645808139,-0.10458708587069276,-0.06527444131729937
dummy_control,Morgan+Physical,7,2,377,80,78,19,14.595681878730772,18.69202398681376,-0.07149220135239776,-0.1412301548501568
dummy_control,Morgan,7,3,379,78,78,19,14.747001978450676,23.25285901571936,-0.02437013029045154,0.1348172266297042
dummy_control,Physical,7,3,379,78,78,19,14.242652181568637,23.025328703106815,-0.004421191565902927,0.1876240914308495
dummy_control,Morgan+Physical,7,3,379,78,78,19,14.432035513454338,23.068721330328025,-0.008210544038800727,0.17479978348457795
dummy_control,Morgan,7,4,349,108,78,19,12.266945996093751,15.960546196084573,-0.0122472809030989,0.06953991189872166
dummy_control,Physical,7,4,349,108,78,19,13.168489463580098,17.366848074814843,-0.1984864545732974,-0.0010263730159668948
dummy_control,Morgan+Physical,7,4,349,108,78,19,12.573932258097331,16.395903124633705,-0.06822271082841724,0.008425806386891024
dummy_control,Morgan,8,0,321,136,77,20,14.572050853668662,23.900544197019855,-0.06447058702444575,0.07416922133513919
dummy_control,Physical,8,0,321,136,77,20,15.125336905946169,23.615649293506117,-0.03924481834958238,0.09589176179261413
dummy_control,Morgan+Physical,8,0,321,136,77,20,14.500778755037643,23.547330040568376,-0.03324051774028258,0.08803740770212704
dummy_control,Morgan,8,1,375,82,77,20,12.764847341859397,16.841852741825786,-0.06011282777978644,0.051953318422801556
dummy_control,Physical,8,1,375,82,77,20,12.201217836013424,16.622356427485215,-0.032660437999641134,0.13205616118751767
dummy_control,Morgan+Physical,8,1,375,82,77,20,12.362516987029284,16.52787143918579,-0.020954083008737356,0.07346625258439025
dummy_control,Morgan,8,2,377,80,78,19,14.887770055778503,18.767188871137893,-0.028469661096769183,0.11743577445052762
dummy_control,Physical,8,2,377,80,78,19,14.453981160839081,18.791155873000697,-0.03109819261605762,0.023803158977138108
dummy_control,Morgan+Physical,8,2,377,80,78,19,14.480888705547333,18.58569936630015,-0.008674057906046473,0.11532665770956943
dummy_control,Morgan,8,3,406,51,78,19,14.760865817224838,18.95735505330517,-0.18941189251798907,-0.1805695067032092
dummy_control,Physical,8,3,406,51,78,19,17.45678298937629,22.22680453167561,-0.6350492878668947,-0.1936207104256725
dummy_control,Morgan+Physical,8,3,406,51,78,19,15.50596423566631,19.515299754547556,-0.26045469772235497,-0.18592387404724053
dummy_control,Morgan,8,4,349,108,78,19,12.897988820684928,15.10968100501818,-0.269506486914747,-0.04646706442841431
dummy_control,Physical,8,4,349,108,78,19,12.327940868810016,14.068136940791314,-0.10051890502124139,0.027928140548607188
dummy_control,Morgan+Physical,8,4,349,108,78,19,12.480990462488244,14.301568737519933,-0.13734360151956793,-0.06327435789906144
dummy_control,Morgan,9,0,389,68,77,20,14.585328018179503,20.264252917598025,-0.08401256345901831,-0.1384736114026383
dummy_control,Physical,9,0,389,68,77,20,14.792317295402079,20.735536890619112,-0.13502046091804143,-0.1703047668690883
dummy_control,Morgan+Physical,9,0,389,68,77,20,14.623702815327364,20.40716478871581,-0.09935628603722102,-0.1934890168348678
dummy_control,Morgan,9,1,351,106,77,20,13.647390915766303,17.651875084547097,-0.06660882218119357,0.14327624967112865
dummy_control,Physical,9,1,351,106,77,20,13.056237306616442,17.251916818864444,-0.018821712053832984,0.2558363013724675
dummy_control,Morgan+Physical,9,1,351,106,77,20,13.152788176612136,17.141924225847077,-0.005871776687831787,0.2616721031875859
dummy_control,Morgan,9,2,359,98,78,19,16.26619845377708,25.35562548014085,-0.11606886324649057,-0.06932028532809832
dummy_control,Physical,9,2,359,98,78,19,15.760091173045879,23.719003759661067,0.02335839048982946,0.178906632573022
dummy_control,Morgan+Physical,9,2,359,98,78,19,15.875116095085922,24.308508150346672,-0.025791150686530484,0.05646478185431374
dummy_control,Morgan,9,3,366,91,78,19,12.140508077479772,14.979909990529107,-0.054112153213381475,0.04436669218985067
dummy_control,Physical,9,3,366,91,78,19,12.944273915809383,16.013204093794435,-0.20455016278877536,-0.07480098840266584
dummy_control,Morgan+Physical,9,3,366,91,78,19,12.492800201462966,15.298846608626233,-0.09947610022169129,-0.007251156922045776
dummy_control,Morgan,9,4,363,94,78,19,12.537312078636658,16.892477436720615,-0.047802187152492515,-0.012479227439962092
dummy_control,Physical,9,4,363,94,78,19,16.58034169111698,19.869745419614958,-0.449696903104039,0.06056458592823349
dummy_control,Morgan+Physical,9,4,363,94,78,19,14.11236741325541,17.570538588176763,-0.13360761287840628,0.07756759456847093
dummy_mean_reference,DummyMean,0,0,328,129,,,15.018556435526563,17.981824488904355,-0.8534256248994327,nan
dummy_mean_reference,DummyMean,0,1,321,136,,,15.35463141973612,18.62009170104264,-0.4894779642098488,nan
dummy_mean_reference,DummyMean,0,2,385,72,,,11.455430492063492,12.039248127293872,-0.7920547918089911,nan
dummy_mean_reference,DummyMean,0,3,411,46,,,14.086409694276945,27.325204038778505,-0.0024809324889623063,nan
dummy_mean_reference,DummyMean,0,4,383,74,,,16.16624524874744,23.05331977488437,-0.1002987135162201,nan
dummy_mean_reference,DummyMean,1,0,355,102,,,13.562477591273128,14.688025844225916,-1.0747332702102965,nan
dummy_mean_reference,DummyMean,1,1,379,78,,,12.318268010283473,24.77543843032655,-0.003665495676375974,nan
dummy_mean_reference,DummyMean,1,2,365,92,,,16.77615886956522,18.987326656564548,-0.2628674980676273,nan
dummy_mean_reference,DummyMean,1,3,346,111,,,13.70993762276728,19.219192051935494,-0.000466970586494142,nan
dummy_mean_reference,DummyMean,1,4,383,74,,,12.291644653164912,15.181154434079318,-0.14282306511242826,nan
dummy_mean_reference,DummyMean,2,0,383,74,,,18.39618276197869,23.96372740732386,-0.17458926873227765,nan
dummy_mean_reference,DummyMean,2,1,341,116,,,14.133869410456061,15.433929377694016,-2.2027641529336477,nan
dummy_mean_reference,DummyMean,2,2,380,77,,,13.793657542720435,25.51953319624981,-0.17290701696455724,nan
dummy_mean_reference,DummyMean,2,3,358,99,,,12.345891799559842,14.370440896938298,-1.893115432209791,nan
dummy_mean_reference,DummyMean,2,4,366,91,,,16.831432602534072,19.455831235035703,-0.4827983073748263,nan
dummy_mean_reference,DummyMean,3,0,348,109,,,13.287000698618579,19.921245727581734,-0.000674848668488659,nan
dummy_mean_reference,DummyMean,3,1,417,40,,,16.913198556354917,25.189571420612374,-0.05139142433022692,nan
dummy_mean_reference,DummyMean,3,2,295,162,,,11.746314016321408,14.553426485158878,-0.0005834584420927325,nan
dummy_mean_reference,DummyMean,3,3,366,91,,,16.511260832282474,21.699287245918363,-0.0032209930069262427,nan
dummy_mean_reference,DummyMean,3,4,402,55,,,10.791135253731342,12.113611688718157,-0.1221322871226258,nan
dummy_mean_reference,DummyMean,4,0,398,59,,,9.154664761945323,22.588665860821077,-0.0028648881087107725,nan
dummy_mean_reference,DummyMean,4,1,340,117,,,13.075013846153848,14.502117692836874,-1.201496762329529,nan
dummy_mean_reference,DummyMean,4,2,346,111,,,16.777544778940793,21.07712301255561,-0.10056930290385946,nan
dummy_mean_reference,DummyMean,4,3,384,73,,,14.005005966752282,19.67738662907032,-0.09465546007778025,nan
dummy_mean_reference,DummyMean,4,4,360,97,,,15.15720320332188,18.377788622852385,-0.3182914095143228,nan
dummy_mean_reference,DummyMean,5,0,394,63,,,9.319280490693739,17.176984752000287,-0.003051115047773445,nan
dummy_mean_reference,DummyMean,5,1,376,81,,,14.984482092198581,16.778488724279978,-0.018436328742106767,nan
dummy_mean_reference,DummyMean,5,2,346,111,,,18.176202275165338,23.919058585835625,-0.0326460122067469,nan
dummy_mean_reference,DummyMean,5,3,329,128,,,9.193235669642858,10.737741057436946,-0.01303668522701118,nan
dummy_mean_reference,DummyMean,5,4,383,74,,,15.37125954696211,21.733289728973386,-0.011901287595315724,nan
dummy_mean_reference,DummyMean,6,0,414,43,,,13.347961084147848,21.746995913026772,-0.022663611257179417,nan
dummy_mean_reference,DummyMean,6,1,397,60,,,17.681295736356002,25.465611328687007,-0.04989154663345907,nan
dummy_mean_reference,DummyMean,6,2,331,126,,,14.81537049201554,16.5445235327764,-1.590596207990492,nan
dummy_mean_reference,DummyMean,6,3,333,124,,,11.072021089799478,12.040300898870276,-0.015068150581596607,nan
dummy_mean_reference,DummyMean,6,4,353,104,,,16.03150115602528,23.548676089188195,-0.29271108264621626,nan
dummy_mean_reference,DummyMean,7,0,343,114,,,12.350415094880056,14.042936929714422,-0.14304421594716055,nan
dummy_mean_reference,DummyMean,7,1,380,77,,,19.968211021872868,24.430770163894117,-0.3822693036904745,nan
dummy_mean_reference,DummyMean,7,2,377,80,,,14.474930637267903,15.816566549454608,-1.0024048648994324,nan
dummy_mean_reference,DummyMean,7,3,379,78,,,12.923010429605577,21.68507619711339,-0.11280792240882653,nan
dummy_mean_reference,DummyMean,7,4,349,108,,,12.54258089886448,19.690815014896206,-0.3075361534143233,nan
dummy_mean_reference,DummyMean,8,0,321,136,,,13.565431119662819,18.948421808208007,-0.034513166753693314,nan
dummy_mean_reference,DummyMean,8,1,375,82,,,13.010868617886176,15.42556816876023,-0.015937087408492978,nan
dummy_mean_reference,DummyMean,8,2,377,80,,,11.457855618700266,13.369328171735237,-0.7895187093369274,nan
dummy_mean_reference,DummyMean,8,3,406,51,,,18.2255530831643,30.01715566895229,-0.17827519558027016,nan
dummy_mean_reference,DummyMean,8,4,349,108,,,13.541787037037041,16.935333211779657,-0.1592153775966323,nan
dummy_mean_reference,DummyMean,9,0,389,68,,,12.6786163269318,19.556308200388546,-0.01560779211974972,nan
dummy_mean_reference,DummyMean,9,1,351,106,,,14.304660683760682,17.662953399685023,-0.4811659482633863,nan
dummy_mean_reference,DummyMean,9,2,359,98,,,11.101832393837755,19.051833167488283,-0.07386098210358982,nan
dummy_mean_reference,DummyMean,9,3,366,91,,,11.644725700474387,12.920604251609554,-0.0031320146638191826,nan
dummy_mean_reference,DummyMean,9,4,363,94,,,19.190721530390952,23.228541958739648,-0.09988557127940823,nan
dummy_mean_control_floor,DummyMean,0,0,328,129,,,14.102296163263379,17.423914320079778,-0.023559836473424856,nan
dummy_mean_control_floor,DummyMean,0,1,321,136,,,11.355826553509257,14.799738302750164,-0.02849614569724146,nan
dummy_mean_control_floor,DummyMean,0,2,385,72,,,14.734351145743144,23.955450833101654,-0.019456301324952907,nan
dummy_mean_control_floor,DummyMean,0,3,411,46,,,16.266308063048765,22.315238987012766,-0.1052417454015071,nan
dummy_mean_control_floor,DummyMean,0,4,383,74,,,13.764416078611248,19.277040571728033,-2.140779338577481e-05,nan
dummy_mean_control_floor,DummyMean,1,0,355,102,,,14.564144925434963,23.866024948593303,-0.010714918949449759,nan
dummy_mean_control_floor,DummyMean,1,1,379,78,,,12.463838965902172,15.962725155631805,-0.0012896198371459278,nan
dummy_mean_control_floor,DummyMean,1,2,365,92,,,15.199825518463369,20.350716308361413,-0.00027681828409686915,nan
dummy_mean_control_floor,DummyMean,1,3,346,111,,,12.150952059574026,15.359998612145766,-0.013391826980576615,nan
dummy_mean_control_floor,DummyMean,1,4,383,74,,,12.316158193140922,15.326113705608012,-0.013140216837362884,nan
dummy_mean_control_floor,DummyMean,2,0,383,74,,,13.245353512102184,17.407092478454203,-0.00017856844911601222,nan
dummy_mean_control_floor,DummyMean,2,1,341,116,,,13.868141475376682,22.64632329360623,-0.027488266057043464,nan
dummy_mean_control_floor,DummyMean,2,2,380,77,,,13.961975482911825,18.545641486613867,-0.012379490327413922,nan
dummy_mean_control_floor,DummyMean,2,3,358,99,,,12.014102642627389,15.389955507354662,-0.004457683941539559,nan
dummy_mean_control_floor,DummyMean,2,4,366,91,,,13.837246617126043,17.613445927167234,-0.005550564070426978,nan
dummy_mean_control_floor,DummyMean,3,0,348,109,,,13.559744854740062,21.59442112348656,-0.004893200782674967,nan
dummy_mean_control_floor,DummyMean,3,1,417,40,,,15.068571714628296,20.42906558705213,-0.0051400219579462725,nan
dummy_mean_control_floor,DummyMean,3,2,295,162,,,12.978230878217202,16.233776986307923,-0.006963525925458347,nan
dummy_mean_control_floor,DummyMean,3,3,366,91,,,12.443318006965713,17.037377893384573,-0.005657992783671961,nan
dummy_mean_control_floor,DummyMean,3,4,402,55,,,14.874947345997281,20.40690749394476,-0.0032174307090948595,nan
dummy_mean_control_floor,DummyMean,4,0,398,59,,,14.589893355336004,20.258434539862822,-0.007445811795777857,nan
dummy_mean_control_floor,DummyMean,4,1,340,117,,,12.826178408748111,17.36382798964499,-0.007795267758518243,nan
dummy_mean_control_floor,DummyMean,4,2,346,111,,,12.265701790605632,15.850789050385323,-0.009179484162157081,nan
dummy_mean_control_floor,DummyMean,4,3,384,73,,,16.16689579730308,25.987228897290713,-0.07822145938523817,nan
dummy_mean_control_floor,DummyMean,4,4,360,97,,,13.024782640034367,15.809272675655203,-0.04812837929800895,nan
dummy_mean_control_floor,DummyMean,5,0,394,63,,,12.310655585367819,14.121642040901902,-0.010011344378552778,nan
dummy_mean_control_floor,DummyMean,5,1,376,81,,,13.463198496847916,17.59324590353273,-0.0013113828061699362,nan
dummy_mean_control_floor,DummyMean,5,2,346,111,,,11.945082036140189,14.330039383169458,-0.11781955251055543,nan
dummy_mean_control_floor,DummyMean,5,3,329,128,,,15.54693929711246,24.369023541521774,-0.012270415959953818,nan
dummy_mean_control_floor,DummyMean,5,4,383,74,,,12.988861098722742,18.12625692165062,-0.00963410551202526,nan
dummy_mean_control_floor,DummyMean,6,0,414,43,,,14.757844743849004,18.786515361106286,-0.05006152597439262,nan
dummy_mean_control_floor,DummyMean,6,1,397,60,,,13.79200397774979,19.274572008269185,-0.01422950345100027,nan
dummy_mean_control_floor,DummyMean,6,2,331,126,,,12.52085916846497,18.384576177254257,-0.0006405795513648727,nan
dummy_mean_control_floor,DummyMean,6,3,333,124,,,14.259206430059091,21.281392627120972,-0.00043250030732622236,nan
dummy_mean_control_floor,DummyMean,6,4,353,104,,,12.811695237796908,15.097772973127672,-0.056832570074036415,nan
dummy_mean_control_floor,DummyMean,7,0,343,114,,,12.597921614495421,16.8295990957663,-0.0025219379146168563,nan
dummy_mean_control_floor,DummyMean,7,1,380,77,,,15.100103750512647,20.573373180947552,-0.029726433915747696,nan
dummy_mean_control_floor,DummyMean,7,2,377,80,,,13.145547563992043,18.05811908607513,-4.9231671377159e-05,nan
dummy_mean_control_floor,DummyMean,7,3,379,78,,,13.987626324673569,22.97463830254549,-3.5809524152607963e-06,nan
dummy_mean_control_floor,DummyMean,7,4,349,108,,,12.801656888199082,15.95478390984067,-0.01151650319876718,nan
dummy_mean_control_floor,DummyMean,8,0,321,136,,,14.456327387987907,23.510293235127232,-0.029992775189981113,nan
dummy_mean_control_floor,DummyMean,8,1,375,82,,,12.885026826341463,16.473589177709616,-0.014258884583688847,nan
dummy_mean_control_floor,DummyMean,8,2,377,80,,,13.678617647546417,18.51041811940867,-0.0005193521041444438,nan
dummy_mean_control_floor,DummyMean,8,3,406,51,,,13.285412018738532,17.382476755894533,-2.3717321950833536e-07,nan
dummy_mean_control_floor,DummyMean,8,4,349,108,,,12.216289148095086,13.831145132753289,-0.06375253995234509,nan
dummy_mean_control_floor,DummyMean,9,0,389,68,,,14.210822227052777,19.46442730473825,-0.00012983145045186717,nan
dummy_mean_control_floor,DummyMean,9,1,351,106,,,13.641660951459443,17.09393882825712,-0.00024818398557124866,nan
dummy_mean_control_floor,DummyMean,9,2,359,98,,,15.21863111648002,24.229742037567064,-0.01915424166662194,nan
dummy_mean_control_floor,DummyMean,9,3,366,91,,,12.116324470365699,14.779836069505969,-0.026142433303902868,nan
dummy_mean_control_floor,DummyMean,9,4,363,94,,,11.787590618955514,16.515712688419352,-0.0015836904270190022,nan
