inchikey,name,list,rule_a_flagged,rule_a_hits,rule_a_max_abs_iqr_units,rule_b_flagged,rule_b_nn_distance,rule_b_threshold,flagged_any,in_primary_held_out_set
AFBPFSWMIHJQDM-UHFFFAOYSA-N,N-methylaniline,solvent,False,,0.000000,False,0.368555,1.853343,False,False
ALYCOCULEAWWJO-UHFFFAOYSA-N,triethylpentylammonium bis(trifluoromethylsulfonyl)imide,solvent,True,molecular_volume_A3:+7.498;tpsa_A2:+1.862;heavy_atom_count:+10.000,10.000000,False,1.324445,1.896877,True,False
AMQJEAYHLZJPGS-UHFFFAOYSA-N,pentan-1-ol,solvent,False,,0.000000,False,0.024587,1.855220,False,False
BAPJBEWLBFYGME-UHFFFAOYSA-N,methyl propenoate,solvent,False,,0.000000,False,0.359295,1.853508,False,False
BBMCTIGTTCKYKF-UHFFFAOYSA-N,heptan-1-ol,solvent,False,,0.000000,False,0.291298,1.855276,False,False
BDERNNFJNOPAEC-UHFFFAOYSA-N,propan-1-ol,solvent,False,,0.000000,False,0.036409,1.855507,False,False
BGTOWKSIORTVQH-UHFFFAOYSA-N,cyclopentanone,solvent,False,,0.000000,False,0.222643,1.853227,False,False
BKIMMITUMNQMOS-UHFFFAOYSA-N,nonane,solvent,True,molecular_volume_A3:+1.596,1.596150,False,0.415154,1.857555,True,False
BMRWNKZVCUKKSR-UHFFFAOYSA-N,"1,2-butanediol",solvent,True,hbd:+2.000,2.000000,False,0.235956,1.855653,True,False
BTANRVKWQNVYAZ-UHFFFAOYSA-N,butan-2-ol,solvent,False,,0.000000,False,0.016306,1.855032,False,False
BTGRAWJCKBQKAO-UHFFFAOYSA-N,hexanedinitrile,solvent,True,dipole_D:+1.583;mu_sq_over_Vm:+2.645,2.644889,False,0.847230,1.855312,True,False
BTNXBLUGMAMSSH-UHFFFAOYSA-N,octanedinitrile,solvent,False,,0.000000,False,0.424474,1.853280,False,False
CBTVGIZVANVGBH-UHFFFAOYSA-N,2-amino-2-methylpropan-1-ol,solvent,True,hbd:+2.000,2.000000,False,0.765805,1.855488,True,False
CGZZMOTZOONQIA-UHFFFAOYSA-N,cycloheptanone,solvent,False,,0.000000,False,0.025003,1.853184,False,False
CQEYYJKEWSMYFG-UHFFFAOYSA-N,butyl 2-propenoate,solvent,False,,0.000000,False,0.436117,1.853408,False,False
CRVGTESFCCXCTH-UHFFFAOYSA-N,N-methyldiethanolamine,solvent,True,hbd:+2.000,2.000000,False,0.611337,1.855503,True,False
DKGAVHZHDRPRBM-UHFFFAOYSA-N,2-methylpropan-2-ol,solvent,False,,0.000000,False,0.117353,1.855018,False,False
DNIAPMSPPWPWGF-UHFFFAOYSA-N,"1,2-propanediol",solvent,True,hbd:+2.000,2.000000,False,0.432930,1.855687,True,False
DURPTKYDGMDSBL-UHFFFAOYSA-N,dibutyl ether,solvent,False,,0.000000,False,0.825181,1.854428,False,False
FRZPYEHDSAQGAS-UHFFFAOYSA-M,1-butyl-3-methylimidazolium trifluoromethanesulfonate,solvent,True,dipole_D:+2.942;mu_sq_over_Vm:+3.106;molecular_volume_A3:+3.545;heavy_atom_count:+5.500,5.500000,False,1.326855,1.960457,True,False
FXHOOIRPVKKKFG-UHFFFAOYSA-N,"N,N-dimethylethanamide",solvent,True,mu_sq_over_Vm:+1.901,1.901405,False,0.283275,1.853823,True,False
FYIRUPZTYPILDH-UHFFFAOYSA-N,"1,1,1,2,3,3-hexafluoropropane",solvent,False,,0.000000,False,0.560194,1.854982,False,False
GRYUVYIMDGRRLN-UHFFFAOYSA-N,"1-butyl-2,3,4,5-tetramethylimidazolium bis(trifluoromethylsulfonyl)imide",solvent,True,dipole_D:+1.889;molecular_volume_A3:+7.164;tpsa_A2:+2.126;heavy_atom_count:+10.500,10.500000,False,0.866624,1.894917,True,False
GSEJCLTVZPLZKY-UHFFFAOYSA-N,triethanolamine,solvent,True,hbd:+3.000,3.000000,False,1.241494,1.860058,True,False
HPXRVTGHNJAIIH-UHFFFAOYSA-N,cyclohexanol,solvent,False,,0.000000,False,0.288273,1.854730,False,False
HQWOEDCLDNFWEV-UHFFFAOYSA-M,1-ethyl-3-methylimidazolium diethyl phosphate,solvent,True,dipole_D:+4.395;mu_sq_over_Vm:+6.176;molecular_volume_A3:+3.697;heavy_atom_count:+5.000,6.175855,True,1.994999,1.843074,True,False
HXJUTPCZVOIRIF-UHFFFAOYSA-N,sulfolane,solvent,True,dipole_D:+1.622;mu_sq_over_Vm:+3.151,3.150922,False,0.846955,1.856305,True,False
HZAXFHJVJLSVMW-UHFFFAOYSA-N,2-aminoethan-1-ol,solvent,True,hbd:+2.000,2.000000,False,0.661781,1.855837,True,False
HZKDSQCZNUUQIF-UHFFFAOYSA-M,1-ethyl-3-methylimidazolium hydrogen sulfate,solvent,True,molecular_volume_A3:+1.908;tpsa_A2:+1.978;heavy_atom_count:+3.000,3.000000,False,1.760664,1.915538,True,False
IAZDPXIOMUYVGZ-UHFFFAOYSA-N,dimethyl sulfoxide,solvent,True,mu_sq_over_Vm:+2.112,2.111581,False,0.386221,1.854348,True,False
IEJIGPNLZYLLBP-UHFFFAOYSA-N,dimethyl carbonate,solvent,False,,0.000000,False,0.417300,1.854464,False,False
IIRFCWANHMSDCG-UHFFFAOYSA-N,cyclooctanone,solvent,False,,0.000000,False,0.406932,1.853209,False,False
IMNFDUFMRHMDMM-UHFFFAOYSA-N,heptane,solvent,False,,0.000000,False,0.243361,1.857695,False,False
JHIVVAPYMSGYDF-UHFFFAOYSA-N,cyclohexanone,solvent,False,,0.000000,False,0.274448,1.853220,False,False
JIGUQPWFLRLWPJ-UHFFFAOYSA-N,ethyl propenoate,solvent,False,,0.000000,False,0.558070,1.853324,False,False
JYPJLAPMBJKRDG-UHFFFAOYSA-M,1-ethyl-3-methylimidazolium butylsulfonate,solvent,True,dipole_D:+5.653;mu_sq_over_Vm:+10.187;molecular_volume_A3:+3.394;heavy_atom_count:+4.500,10.187396,True,2.388686,1.868925,True,False
KBPLFHHGFOOTCA-UHFFFAOYSA-N,octan-1-ol,solvent,False,,0.000000,False,0.130073,1.855269,False,False
KFZMGEQAYNKOFK-UHFFFAOYSA-N,propan-2-ol,solvent,False,,0.000000,False,0.036403,1.855405,False,False
KLTUZFZUYLXTFF-UHFFFAOYSA-N,1-(2-hydroxyethyl)-3-methylimidazolium tetrafluoroborate,solvent,True,dipole_D:+3.269;mu_sq_over_Vm:+5.207;molecular_volume_A3:+1.922;heavy_atom_count:+3.500,5.207092,True,2.687706,1.827553,True,False
LBHLGZNUPKUZJC-UHFFFAOYSA-N,1-butyl-1-methylpyrrolidinium dicyanamide,solvent,True,dipole_D:+4.607;mu_sq_over_Vm:+7.575;molecular_volume_A3:+3.002;heavy_atom_count:+4.000,7.575263,True,1.992489,1.845939,True,False
LFQSCWFLJHTTHZ-UHFFFAOYSA-N,ethanol,solvent,True,heavy_atom_count:-2.000,2.000000,False,0.434102,1.855646,True,False
LLEVMYXEJUDBTA-UHFFFAOYSA-N,heptanedinitrile,solvent,False,,0.000000,False,0.424243,1.853130,False,False
LRHPLDYGYMQRHN-UHFFFAOYSA-N,butan-1-ol,solvent,False,,0.000000,False,0.016307,1.855072,False,False
LSBXQLQATZTAPE-UHFFFAOYSA-N,1-butyl-3-methylimidazolium tetrafluoroborate,solvent,True,dipole_D:+5.031;mu_sq_over_Vm:+9.483;molecular_volume_A3:+2.635;heavy_atom_count:+4.000,9.482764,True,3.048157,1.858942,True,False
LVTYICIALWPMFW-UHFFFAOYSA-N,N-(2-hydroxypropyl)-2-hydroxy-1-propanamine,solvent,True,hbd:+3.000,3.000000,False,1.271710,1.858477,True,False
LYCAIKOWRPUZTN-UHFFFAOYSA-N,"1,2-ethanediol",solvent,True,hbd:+2.000,2.000000,False,0.447469,1.856034,True,False
LZJIBRSVPKKOSI-UHFFFAOYSA-O,ethanolammonium nitrate,solvent,True,tpsa_A2:+2.812;hbd:+2.000,2.812107,True,2.225179,1.816293,True,False
MCTWTZJPVLRJOU-UHFFFAOYSA-N,1-methylimidazole,solvent,True,mu_sq_over_Vm:+2.021,2.020868,False,0.283392,1.853938,True,False
MTHSVFCYNBDYFN-UHFFFAOYSA-N,diethylene glycol,solvent,True,hbd:+2.000,2.000000,False,0.611633,1.856199,True,False
MWKFXSUHUHTGQN-UHFFFAOYSA-N,decan-1-ol,solvent,True,molecular_volume_A3:+2.308;heavy_atom_count:+2.000,2.308037,False,0.840565,1.855302,True,False
NEQXUPRFDXNNTA-UHFFFAOYSA-N,2-hydroxyethylammonium lactate,solvent,True,tpsa_A2:+2.504;hbd:+4.000,4.000000,False,1.807466,1.976115,True,False
OHLUUHNLEMFGTQ-UHFFFAOYSA-N,N-methylacetamide,solvent,False,,0.000000,False,0.461431,1.853358,False,False
OIFBSDVPJOWBCH-UHFFFAOYSA-N,diethyl carbonate,solvent,False,,0.000000,False,0.413788,1.854433,False,False
OKKJLVBELUTLKV-UHFFFAOYSA-N,methanol,solvent,True,molecular_volume_A3:-1.893;heavy_atom_count:-2.500,2.500000,False,0.557312,1.862166,True,False
OOKUTCYPKPJYFV-UHFFFAOYSA-N,1-methylimidazolium bromide,solvent,False,,0.000000,False,0.972770,1.856074,False,False
PEDCQBHIVMGVHV-UHFFFAOYSA-N,glycerol,solvent,True,hbd:+3.000,3.000000,False,0.659838,1.858875,True,False
QRCRANRUHQKZME-UHFFFAOYSA-N,"3-butyl-1,2,4,5-tetramethyl-1H-imidazol-3-ium tetrafluoroborate",solvent,True,dipole_D:+4.358;mu_sq_over_Vm:+5.766;molecular_volume_A3:+4.027;heavy_atom_count:+5.500,5.765624,True,2.709144,1.840585,True,False
QTBSBXVTEAMEQO-UHFFFAOYSA-N,acetic acid,solvent,False,,0.000000,False,0.647379,1.853684,False,False
RJQQOKKINHMXIM-UHFFFAOYSA-N,triethanolamine lactate,solvent,True,dipole_D:+1.824;molecular_volume_A3:+3.634;tpsa_A2:+3.034;hba:+2.500;hbd:+5.000;heavy_atom_count:+4.500,5.000000,True,2.257978,1.840828,True,False
RYHBNJHYFVUHQT-UHFFFAOYSA-N,"1,4-dioxane",solvent,False,,0.000000,False,0.760086,1.854728,False,False
SBZXBUIDTXKZTM-UHFFFAOYSA-N,"2,5,8-trioxanonane",solvent,False,,0.000000,False,1.113040,1.854614,False,False
SHQSVMDWKBRBGB-UHFFFAOYSA-N,cyclobutanone,solvent,False,,0.000000,False,0.208352,1.853423,False,False
SIXHYMZEOJSYQH-UHFFFAOYSA-M,1-butyl-3-methylimidazolium thiocyanate,solvent,True,dipole_D:+1.530;molecular_volume_A3:+2.395;heavy_atom_count:+3.000,3.000000,False,1.817878,1.855821,True,False
STCBHSHARMAIOM-UHFFFAOYSA-N,1-methylimidazolium chloride,solvent,True,mu_sq_over_Vm:+1.591,1.591112,False,0.258598,1.853755,True,False
TVMXDCGIABBOFY-UHFFFAOYSA-N,octane,solvent,False,,0.000000,False,0.412898,1.857577,False,False
UAEPNZWRGJTJPN-UHFFFAOYSA-N,methylcyclohexane,solvent,False,,0.000000,False,0.243317,1.857355,False,False
UCCKRVYTJPMHRO-UHFFFAOYSA-N,"1-butyl-2,3-dimethyl-1H-imidazolium bis(trifluoromethylsulfonyl)amide",solvent,True,molecular_volume_A3:+5.942;tpsa_A2:+2.126;heavy_atom_count:+9.500,9.500000,False,1.301465,1.881259,True,False
UEEJHVSXFDXPFK-UHFFFAOYSA-N,"2-(N,N-dimethylamino)ethanol",solvent,False,,0.000000,False,0.333048,1.854001,False,False
UODQEMVTULZGKO-UHFFFAOYSA-N,"1-pentyl-1-methylpyrrolidinium 1,1,1-trifluoro-N-[(trifluoromethyl)sulfonyl]methanesulfonamide",solvent,True,dipole_D:+2.226;molecular_volume_A3:+6.630;tpsa_A2:+1.862;heavy_atom_count:+9.500,9.500000,False,0.861209,1.964869,True,False
UPCXAARSWVHVLY-UHFFFAOYSA-N,triethanolammonium acetate,solvent,True,molecular_volume_A3:+3.040;tpsa_A2:+2.427;hba:+2.000;hbd:+4.000;heavy_atom_count:+3.500,4.000000,True,2.032707,1.821535,True,False
UWHCKJMYHZGTIT-UHFFFAOYSA-N,tetraethylene glycol,solvent,True,molecular_volume_A3:+2.383;hba:+2.000;hbd:+2.000;heavy_atom_count:+3.000,3.000000,False,1.530045,1.861780,True,False
VCAIYEJBOWHUGP-UHFFFAOYSA-N,"1-butyl-2,3-dimethylimidazolium tetrafluoroborate",solvent,True,molecular_volume_A3:+3.339;heavy_atom_count:+4.500,4.500000,True,2.288047,1.820299,True,False
VFTFKUDGYRBSAL-UHFFFAOYSA-N,"1,4,7,10,13-pentaoxacyclopentadecane",solvent,True,molecular_volume_A3:+2.996;hba:+2.000;heavy_atom_count:+4.000,4.000000,False,0.447646,1.860397,True,False
VRFOKYHDLYBVAL-UHFFFAOYSA-M,1-ethyl-3-methylimidazolium ethyl sulfate,solvent,True,dipole_D:+2.506;mu_sq_over_Vm:+2.575;molecular_volume_A3:+3.051;tpsa_A2:+1.648;heavy_atom_count:+4.000,4.000000,False,1.325562,1.961697,True,False
VVLAIYIMMFWRFW-UHFFFAOYSA-N,2-hydroxyethylammonium acetate,solvent,True,tpsa_A2:+1.898;hbd:+3.000,3.000000,False,1.787850,1.963385,True,False
WYJOVVXUZNRJQY-UHFFFAOYSA-N,2-acetylthiophene,solvent,False,,0.000000,False,0.904360,1.854074,False,False
WZLFPVPRZGTCKP-UHFFFAOYSA-N,"1,1,1,3,3-pentafluorobutane",solvent,False,,0.000000,False,0.423620,1.856183,False,False
XDJYSDBSJWNTQT-UHFFFAOYSA-N,"1-ethyl-2,3-dimethylimidazolium bis[(trifluoromethyl)sulfonyl]imide",solvent,True,dipole_D:+2.935;mu_sq_over_Vm:+2.465;molecular_volume_A3:+4.855;tpsa_A2:+2.126;heavy_atom_count:+8.500,8.500000,False,1.842725,1.868949,True,False
XDTMQSROBMDMFD-UHFFFAOYSA-N,cyclohexane,solvent,False,,0.000000,False,0.141931,1.858257,False,False
XLYOFNOQVPJJNP-UHFFFAOYSA-N,water,solvent,True,mu_sq_over_Vm:+2.263;molecular_volume_A3:-2.374;heavy_atom_count:-3.000,3.000000,True,1.949743,1.820671,True,False
XQQZRZQVBFHBHL-UHFFFAOYSA-N,"1,4,7,10-tetraoxacyclododecane",solvent,True,molecular_volume_A3:+1.815;heavy_atom_count:+2.500,2.500000,False,0.276036,1.856652,True,False
XTHFKEDIFFGKHM-UHFFFAOYSA-N,"1,2-dimethoxyethane",solvent,False,,0.000000,False,0.296069,1.854133,False,False
YEJRWHAVMIAJKC-UHFFFAOYSA-N,.gamma.-butyrolactone,solvent,True,mu_sq_over_Vm:+2.910,2.909550,False,0.534123,1.855884,True,False
YEYKMVJDLWJFOA-UHFFFAOYSA-N,2-propoxyethanol,solvent,False,,0.000000,False,0.831628,1.853998,False,False
YFMFNYKEUDLDTL-UHFFFAOYSA-N,"1,1,1,2,3,3,3-heptafluoropropane",solvent,False,,0.000000,False,0.423258,1.855216,False,False
YFNKIDBQEZZDLK-UHFFFAOYSA-N,"2,5,8,11-tetraoxadodecane",solvent,True,molecular_volume_A3:+2.146;heavy_atom_count:+2.500,2.500000,False,0.276310,1.857009,True,False
YIWUKEYIRIRTPP-UHFFFAOYSA-N,2-ethyl-1-hexanol,solvent,False,,0.000000,False,0.130034,1.854928,False,False
YXFVVABEGXRONW-UHFFFAOYSA-N,toluene,solvent,False,,0.000000,False,0.304620,1.854446,False,False
ZBCBWPMODOFKDW-UHFFFAOYSA-N,diethanolamine,solvent,True,hbd:+3.000,3.000000,False,0.659215,1.858148,True,False
ZHNUHDYFZUAESO-UHFFFAOYSA-N,formamide,solvent,True,molecular_volume_A3:-1.722;hbd:+2.000;heavy_atom_count:-2.000,2.000000,False,1.519230,1.856843,True,False
ZIBGPFATKBEMQZ-UHFFFAOYSA-N,triethylene glycol,solvent,True,hbd:+2.000,2.000000,False,1.229229,1.960081,True,False
ZMXDDKWLCZADIW-UHFFFAOYSA-N,dimethylformamide,solvent,True,mu_sq_over_Vm:+2.579,2.578904,False,0.248138,1.855122,True,False
ZPTRYWVRCNOTAS-UHFFFAOYSA-M,1-ethyl-3-methylimidazolium trifluoromethanesulfonate,solvent,True,molecular_volume_A3:+2.646;heavy_atom_count:+4.500,4.500000,False,1.759901,1.955249,True,False
ZSIAUFGUXNUGDI-UHFFFAOYSA-N,hexan-1-ol,solvent,False,,0.000000,False,0.288319,1.855231,False,False
ZTOMUSMDRMJOTH-UHFFFAOYSA-N,pentanedinitrile,solvent,False,,0.000000,False,0.867154,1.853217,False,False
ZUHZGEOKBKGPSW-UHFFFAOYSA-N,"2,5,8,11,14-pentaoxapentadecane",solvent,True,molecular_volume_A3:+3.328;hba:+2.000;heavy_atom_count:+4.000,4.000000,False,0.447777,1.860541,True,False
ZXEKIIBDNHEJCQ-UHFFFAOYSA-N,2-methyl-1-propanol,solvent,False,,0.000000,False,0.148665,1.855283,False,False
HXDLWJWIAHWIKI-UHFFFAOYSA-N,beta-Hydroxyethyl acetate (Glycol monoacetate),solvent,False,,0.000000,False,1.200321,1.854138,False,False
IYXGSMUGOJNHAZ-UHFFFAOYSA-N,Diethyl malonate,solvent,True,heavy_atom_count:+2.000,2.000000,False,1.230003,1.856164,True,False
SVONRAPFKPVNKG-UHFFFAOYSA-N,"beta-Ethoxyethyl acetate (""Cellosolve"" acetate)",solvent,False,,0.000000,False,0.609828,1.854060,False,False
KXKVLQRXCPHEJC-UHFFFAOYSA-N,Methyl acetate,solvent,False,,0.000000,False,0.424308,1.853016,False,False
XEKOWRVHYACXOJ-UHFFFAOYSA-N,Ethyl acetate,solvent,False,,0.000000,False,0.048609,1.852948,False,False
DIQMPQMYFZXDAX-UHFFFAOYSA-N,Amyl formate,solvent,False,,0.000000,False,0.074310,1.852969,False,False
DKPFZGUDAPQIHT-UHFFFAOYSA-N,Butyl acetate,solvent,False,,0.000000,False,0.125843,1.852867,False,False
GJRQTCIYDGXPES-UHFFFAOYSA-N,Isobutyl acetate,solvent,False,,0.000000,False,0.074300,1.852896,False,False
XNWFRZJHXBZDAG-UHFFFAOYSA-N,2-Methoxyethanol,solvent,False,,0.000000,False,0.753051,1.854129,False,False
SWXVUIWOUIDPGS-UHFFFAOYSA-N,4-Hydroxy-4-methyl-2-pentanone (Diacetone alcohol),solvent,False,,0.000000,False,1.198694,1.853386,False,False
CSCPPACGZOOCGX-UHFFFAOYSA-N,Acetone,solvent,False,,0.000000,False,0.420297,1.853735,False,False
RTZKZFJDLAIYFH-UHFFFAOYSA-N,Ethyl ether,solvent,False,,0.000000,False,0.405732,1.854660,False,False
XNLICIUVMPYHGG-UHFFFAOYSA-N,2-Pentanone,solvent,False,,0.000000,False,0.188205,1.853151,False,False
FDPIMTJIUBPUKL-UHFFFAOYSA-N,3-Pentanone,solvent,False,,0.000000,False,0.188227,1.853292,False,False
NTIZESTWPVYFNL-UHFFFAOYSA-N,4-Methyl-2-pentanone,solvent,False,,0.000000,False,0.286818,1.853149,False,False
JFDZBHWFFUWGJE-UHFFFAOYSA-N,Benzonitrile,solvent,False,,0.000000,False,0.395377,1.853545,False,False
DTQVDTLACAAQTR-UHFFFAOYSA-N,Trifluoroacetic acid,solvent,False,,0.000000,False,1.309472,1.853367,False,False
HEBKCHPVOIAQTA-NGQZWQHPSA-N,Xylitol,solvent,True,tpsa_A2:+2.425;hba:+2.000;hbd:+5.000,5.000000,True,3.022099,1.828665,True,False
NVJBFARDFTXOTO-UHFFFAOYSA-N,Ethyl sulfite,solvent,False,,0.000000,False,0.609649,1.853685,False,False
SQYNKIJPMDEDEG-UHFFFAOYSA-N,Paraldehyde,solvent,False,,0.000000,False,1.166515,1.855681,False,False
WFCLYEAZTHWNEH-UHFFFAOYSA-N,Ethyl thiocyanate,solvent,True,mu_sq_over_Vm:+1.624,1.623863,False,0.928841,1.853987,True,False
YPFDHNVEDLHUCE-UHFFFAOYSA-N,"1,3-Propanediol",solvent,True,hbd:+2.000,2.000000,False,0.659221,1.856891,True,False
FERIUCNNQQJTOY-UHFFFAOYSA-N,Butyric acid,solvent,False,,0.000000,False,0.418441,1.853026,False,False
YNAVUWVOSKDBBP-UHFFFAOYSA-N,Morpholine,solvent,False,,0.000000,False,0.333025,1.853758,False,False
WERYXYBDKMZEQL-UHFFFAOYSA-N,"1,4-Butanediol",solvent,True,hbd:+2.000,2.000000,False,0.236195,1.856331,True,False
SPEUIVXLLWOEMJ-UHFFFAOYSA-N,"1,1-Dimethoxyethane",solvent,False,,0.000000,False,0.296007,1.854232,False,False
NQPDZGIKBAWPEJ-UHFFFAOYSA-N,Valeric acid,solvent,False,,0.000000,False,0.022393,1.853056,False,False
GWYFCOCPABKNJV-UHFFFAOYSA-N,Isovaleric acid,solvent,False,,0.000000,False,0.022392,1.853029,False,False
ISPYQTSUDJAMAB-UHFFFAOYSA-N,o-Chlorophenol,solvent,False,,0.000000,False,0.374189,1.853544,False,False
SVTBMSDMJJWYQN-UHFFFAOYSA-N,"2-Methyl-2,4-pentanediol",solvent,True,hbd:+2.000,2.000000,False,1.018343,1.855216,True,False
DHKHKXVYLBGOIT-UHFFFAOYSA-N,"1,1-Diethoxyethane",solvent,False,,0.000000,False,0.836175,1.854068,False,False
QJPJQTDYNZXKQF-UHFFFAOYSA-N,p-Bromoanisole,solvent,False,,0.000000,False,0.763478,1.853743,False,False
WEVYAHXRMPXWCK-UHFFFAOYSA-N,Acetonitrile,solvent,True,mu_sq_over_Vm:+3.097;molecular_volume_A3:-1.636;heavy_atom_count:-2.000,3.096912,False,0.810152,1.858230,True,False
LCGLNKUTAGEVQW-UHFFFAOYSA-N,Methyl ether,solvent,True,heavy_atom_count:-2.000,2.000000,False,0.738724,1.855222,True,False
FVSKHRXBFJPNKK-UHFFFAOYSA-N,Propionitrile,solvent,True,mu_sq_over_Vm:+2.065,2.064513,False,0.386227,1.854650,True,False
NKKMVIVFRUYPLQ-NSCUHMNNSA-N,Crotononitrile (bp 108 C),solvent,True,mu_sq_over_Vm:+2.682,2.682258,False,0.248206,1.855489,True,False
ZWEHNKRNPOVVGH-UHFFFAOYSA-N,2-Butanone,solvent,False,,0.000000,False,0.208253,1.853302,False,False
XCIXKGXIYUWCLL-UHFFFAOYSA-N,Cyclopentanol,solvent,False,,0.000000,False,0.202797,1.854822,False,False
PHTQWCKDNZKARW-UHFFFAOYSA-N,3-Methyl-1-butanol,solvent,False,,0.000000,False,0.024588,1.855238,False,False
MSXVEPNJUHWQHW-UHFFFAOYSA-N,2-Methyl-2-butanol,solvent,False,,0.000000,False,0.093542,1.854915,False,False
POLCUAVZOMRGSN-UHFFFAOYSA-N,Propyl ether,solvent,False,,0.000000,False,0.108515,1.854336,False,False
ZAFNJMIOTHYJRJ-UHFFFAOYSA-N,Isopropyl ether,solvent,False,,0.000000,False,0.108531,1.854304,False,False
WVDDGKGOMKODPV-UHFFFAOYSA-N,Benzyl alcohol,solvent,False,,0.000000,False,0.126297,1.853078,False,False
QWVGKYWNOKOFNN-UHFFFAOYSA-N,o-Cresol,solvent,False,,0.000000,False,0.011683,1.853139,False,False
RLSSMJSEOOYNOY-UHFFFAOYSA-N,m-Cresol,solvent,False,,0.000000,False,0.011683,1.853132,False,False
RDOXTESZEPMUJZ-UHFFFAOYSA-N,Methoxybenzene (Anisole),solvent,False,,0.000000,False,0.417308,1.853373,False,False
LFSAPCRASZRSKS-UHFFFAOYSA-N,2-Methylcyclohexanone,solvent,False,,0.000000,False,0.025003,1.853184,False,False
UJBOOUHRTQVGRU-UHFFFAOYSA-N,3-Methylcyclohexanone,solvent,False,,0.000000,False,0.024401,1.853189,False,False
VGVHNLRUAMRIEW-UHFFFAOYSA-N,4-Methylcyclohexanone,solvent,False,,0.000000,False,0.024402,1.853223,False,False
NDVWOBYBJYUSMF-UHFFFAOYSA-N,2-Methylcyclohexanol,solvent,False,,0.000000,False,0.115037,1.854638,False,False
HTSABYAWKQAHBT-UHFFFAOYSA-N,3-Methylcyclohexanol,solvent,False,,0.000000,False,0.056525,1.854721,False,False
MQWCXKGKQLNYQG-UHFFFAOYSA-N,4-Methylcyclohexanol,solvent,False,,0.000000,False,0.056539,1.854865,False,False
QGJOPFRUJISHPQ-UHFFFAOYSA-N,Carbon disulfide,solvent,True,heavy_atom_count:-2.000,2.000000,False,1.313862,1.855869,True,False
LCZUOKDVTBMCMX-UHFFFAOYSA-N,"2,5-Dimethylpyrazine",solvent,False,,0.000000,False,1.173541,1.855101,False,False
MVPPADPHJFYWMZ-UHFFFAOYSA-N,Chlorobenzene,solvent,False,,0.000000,False,0.287853,1.854003,False,False
YWAKXRMUMFPDSH-UHFFFAOYSA-N,1-Pentene,solvent,False,,0.000000,False,0.122949,1.854472,False,False
MHNNAWXXUZQSNM-UHFFFAOYSA-N,2-Methyl-1-butene,solvent,False,,0.000000,False,0.122894,1.854370,False,False
RGSFGYAAUTVSQA-UHFFFAOYSA-N,Cyclopentane,solvent,False,,0.000000,False,0.200822,1.858108,False,False
FOTXAJDDGPYIFU-UHFFFAOYSA-N,Ethylcyclopropane,solvent,False,,0.000000,False,0.752794,1.855055,False,False
OFBQJSOFQDEBGM-UHFFFAOYSA-N,n-Pentane,solvent,False,,0.000000,False,0.046671,1.858397,False,False
QWTDNUCVQCZILF-UHFFFAOYSA-N,2-Methylbutane,solvent,False,,0.000000,False,0.046655,1.858206,False,False
UHOVQNZJYSORNB-UHFFFAOYSA-N,Benzene,solvent,False,,0.000000,False,0.275619,1.854696,False,False
HGCIXCUEYOPUTN-UHFFFAOYSA-N,Cyclohexene,solvent,False,,0.000000,False,0.220285,1.854461,False,False
GDOPTJXRTPNYNR-UHFFFAOYSA-N,Methylcyclopentane,solvent,False,,0.000000,False,0.141790,1.857655,False,False
NEZRFXZYPAIZAD-UHFFFAOYSA-N,Ethylcyclobutane,solvent,False,,0.000000,False,0.283302,1.856609,False,False
ZQDPJFUHLCOCRG-WAYWQWQTSA-N,cis-3-Hexene,solvent,False,,0.000000,False,0.126482,1.854473,False,False
ZQDPJFUHLCOCRG-AATRIKPKSA-N,trans-3-Hexene,solvent,False,,0.000000,False,0.126560,1.854604,False,False
VLKZOEOYAKHREP-UHFFFAOYSA-N,n-Hexane,solvent,False,,0.000000,False,0.224013,1.858171,False,False
RWNKSTSCBHKHTB-UHFFFAOYSA-N,"Hexachloro-1,3-butadiene",solvent,False,,0.000000,False,1.080807,1.855131,False,False
CYTYCFOTNPOANT-UHFFFAOYSA-N,Tetrachloroethylene,solvent,False,,0.000000,False,0.013620,1.855087,False,False
UQEAIHBTYFGYIE-UHFFFAOYSA-N,Hexamethyldisiloxane,solvent,True,molecular_volume_A3:+2.123,2.122677,False,1.276264,1.854632,True,False
GETTZEONDQJALK-UHFFFAOYSA-N,"alpha,alpha,alpha-Trifluorotoluene",solvent,False,,0.000000,False,0.535779,1.854013,False,False
KFUSEUYYWQURPO-UPHRSURJSA-N,"cis-1,2-Dichloroethylene",solvent,False,,0.000000,False,0.610727,1.854208,False,False
KFUSEUYYWQURPO-OWOJBTEDSA-N,"trans-1,2-Dichloroethylene",solvent,False,,0.000000,False,0.429573,1.855094,False,False
PIICEJLVQHRZGT-UHFFFAOYSA-N,"1,2-Ethanediamine",solvent,True,hbd:+2.000,2.000000,False,0.659724,1.856252,True,False
QBELEDRHMPMKHP-UHFFFAOYSA-N,1-Bromo-2-chlorobenzene,solvent,False,,0.000000,False,0.356973,1.854222,False,False
JRGGUPZKKTVKOV-UHFFFAOYSA-N,1-Bromo-3-chlorobenzene,solvent,False,,0.000000,False,0.157284,1.853921,False,False
WQONPSCCEXUXTQ-UHFFFAOYSA-N,o-Dibromobenzene,solvent,True,mu_sq_over_Vm:+1.761,1.761020,False,0.680482,1.855093,True,False
JSRLURSZEMLAFO-UHFFFAOYSA-N,m-Dibromobenzene,solvent,False,,0.000000,False,0.157291,1.853975,False,False
RFFLAFLAYFXFSW-UHFFFAOYSA-N,o-Dichlorobenzene,solvent,False,,0.000000,False,0.064196,1.853933,False,False
ZPQOPVIELGIULI-UHFFFAOYSA-N,m-Dichlorobenzene,solvent,False,,0.000000,False,0.071183,1.854127,False,False
SFPQFQUXAJOWNF-UHFFFAOYSA-N,m-Diiodobenzene,solvent,False,,0.000000,False,0.387110,1.853997,False,False
ROSDSFDQCJNGOL-UHFFFAOYSA-N,Dimethylamine,solvent,True,heavy_atom_count:-2.000,2.000000,False,0.595975,1.854883,True,False
GETQZCLCWQTVFV-UHFFFAOYSA-N,Trimethylamine,solvent,False,,0.000000,False,0.535552,1.854544,False,False
YLQBMQCUIZJEEH-UHFFFAOYSA-N,Furan,solvent,False,,0.000000,False,1.004470,1.853914,False,False
WQAQPCDUOCURKW-UHFFFAOYSA-N,1-Butanethiol,solvent,False,,0.000000,False,0.446757,1.853133,False,False
LJSQFQKUNVCTIA-UHFFFAOYSA-N,Ethyl sulfide,solvent,False,,0.000000,False,0.764007,1.853223,False,False
JUJWROOIHBZHMG-UHFFFAOYSA-N,Pyridine,solvent,False,,0.000000,False,0.753848,1.853613,False,False
OEPRBXUJOQLYID-UHFFFAOYSA-N,1-Fluoropentane,solvent,False,,0.000000,False,0.151574,1.856904,False,False
HLLCNVLEVVFTJB-UHFFFAOYSA-N,2-Fluoro-2-methylbutane,solvent,False,,0.000000,False,0.151417,1.856316,False,False
ZRKMQKLGEQPLNS-UHFFFAOYSA-N,1-Pentanethiol,solvent,False,,0.000000,False,0.446602,1.853115,False,False
QARVLSVVCXYDNA-UHFFFAOYSA-N,Bromobenzene,solvent,False,,0.000000,False,0.201027,1.853976,False,False
PYLWMHQQBFSUBP-UHFFFAOYSA-N,Fluorobenzene,solvent,False,,0.000000,False,0.308543,1.853786,False,False
SNHMUERNLJLMHN-UHFFFAOYSA-N,Iodobenzene,solvent,False,,0.000000,False,0.201002,1.853973,False,False
PAYRUJLWNCNPSJ-UHFFFAOYSA-N,Aniline,solvent,False,,0.000000,False,0.440270,1.853272,False,False
ZMANZCXQSJIPKH-UHFFFAOYSA-N,Triethylamine,solvent,False,,0.000000,False,0.472458,1.853934,False,False
IBSQPLPBRSHTTG-UHFFFAOYSA-N,o-Chlorotoluene,solvent,False,,0.000000,False,0.071186,1.854117,False,False
OSOUNOBYRMOXQQ-UHFFFAOYSA-N,m-Chlorotoluene,solvent,False,,0.000000,False,0.132653,1.853882,False,False
NPDACUSDTOMAMK-UHFFFAOYSA-N,p-Chlorotoluene,solvent,False,,0.000000,False,0.064193,1.853881,False,False
MMZYCBHLNZVROM-UHFFFAOYSA-N,o-Fluorotoluene,solvent,False,,0.000000,False,0.224651,1.853909,False,False
BTQZKHUEUDPRST-UHFFFAOYSA-N,m-Fluorotoluene,solvent,False,,0.000000,False,0.142591,1.853728,False,False
WRWPPGUCZBJXKX-UHFFFAOYSA-N,p-Fluorotoluene,solvent,False,,0.000000,False,0.142588,1.853760,False,False
QQONPFPTGQHPMA-UHFFFAOYSA-N,Propene,solvent,True,heavy_atom_count:-2.000,2.000000,False,0.504997,1.854974,True,False
PMJHHCWVYXUKFD-SNAWJCMRSA-N,"1,3-Pentadiene",solvent,False,,0.000000,False,0.143422,1.854880,False,False
RRHGJUQNOFWUDK-UHFFFAOYSA-N,"2-Methyl-1,3-butadiene (Isoprene)",solvent,False,,0.000000,False,0.143500,1.855005,False,False
APPOKADJQUIAHP-UHFFFAOYSA-N,"2,4-Hexadiene",solvent,False,,0.000000,False,0.111478,1.854971,False,False
RCJMVGJKROQDCB-UHFFFAOYSA-N,"2-Methyl-1,3-pentadiene",solvent,False,,0.000000,False,0.083701,1.854739,False,False
BOGRNZQRTNVZCZ-AATRIKPKSA-N,"3-Methyl-1,3-pentadiene",solvent,False,,0.000000,False,0.104783,1.854829,False,False
KVNRLNFWIYMESJ-UHFFFAOYSA-N,butanenitrile,solvent,True,mu_sq_over_Vm:+1.646,1.645770,False,0.500284,1.853314,True,False
RFFFKMOABOFIDF-UHFFFAOYSA-N,pentanenitrile,solvent,False,,0.000000,False,0.434115,1.852858,False,False
AILKHAQXUAOOFU-UHFFFAOYSA-N,hexanenitrile,solvent,False,,0.000000,False,0.433973,1.852734,False,False
YSIMAPNUZAVQER-UHFFFAOYSA-N,octanenitrile,solvent,False,,0.000000,False,0.723854,1.852743,False,False
HBZDPWBWBJMYRY-UHFFFAOYSA-N,decanenitrile,solvent,True,molecular_volume_A3:+2.102;heavy_atom_count:+2.000,2.102306,False,0.431907,1.859246,True,False
SZKKNEOUHLFYNA-UHFFFAOYSA-N,undecanenitrile,solvent,True,molecular_volume_A3:+2.567;heavy_atom_count:+2.500,2.566600,False,0.432547,1.855133,True,False
CJSBUWDGPXGFGA-UHFFFAOYSA-N,"4-methyl-1,3-pentadiene",solvent,False,,0.000000,False,0.083681,1.854674,False,False
SDJHPPZKZZWAKF-UHFFFAOYSA-N,"2,3-dimethyl-1,3-butadiene",solvent,False,,0.000000,False,0.013620,1.855111,False,False
ZGEGCLOFRBLKSE-UHFFFAOYSA-N,1-heptene,solvent,False,,0.000000,False,0.072332,1.854350,False,False
BWEKDYGHDCHWEN-UHFFFAOYSA-N,2-methyl-2-hexene,solvent,False,,0.000000,False,0.072340,1.854395,False,False
JBTWLSYIZRCDFO-UHFFFAOYSA-N,ethyl methyl carbonate,solvent,False,,0.000000,False,0.413866,1.854389,False,False
WNXJIVFYUVYPPR-UHFFFAOYSA-N,"1,3-dioxolane",solvent,False,,0.000000,False,0.612501,1.854441,False,False
WYURNTSHIVDZCO-UHFFFAOYSA-N,tetrahydrofuran,solvent,False,,0.000000,False,0.425958,1.854154,False,False
JWUJQDFVADABEY-UHFFFAOYSA-N,2-methyltetrahydrofuran,solvent,False,,0.000000,False,0.405532,1.854062,False,False
GAEKPEKOJKCEMS-UHFFFAOYSA-N,gamma-valerolactone,solvent,True,mu_sq_over_Vm:+2.415,2.415386,False,0.533477,1.854702,True,False
CWIFAKBLLXGZIC-UHFFFAOYSA-N,"1,1,2,2-tetrafluoroethyl 2,2,2-trifluoroethyl ether",solvent,True,heavy_atom_count:+2.500,2.500000,False,0.671651,1.854160,True,False
HCBRSIIGBBDDCD-UHFFFAOYSA-N,"1,1,2,2-tetrafluoroethyl 2,2,3,3-tetrafluoropropyl ether",solvent,True,heavy_atom_count:+3.500,3.500000,False,0.672873,1.854317,True,False
KGPPDNUWZNWPSI-UHFFFAOYSA-N,"bis(2,2,2-trifluoroethyl) ether",solvent,True,mu_sq_over_Vm:+1.565;heavy_atom_count:+2.000,2.000000,False,1.554464,1.854158,True,False
RJUFJBKOKNCXHH-UHFFFAOYSA-N,methyl propionate,solvent,False,,0.000000,False,0.048614,1.853003,False,False
UUIQMZJEGPQKFD-UHFFFAOYSA-N,methyl butyrate,solvent,False,,0.000000,False,0.448647,1.853027,False,False
GOYDNIKZWGIXJT-UHFFFAOYSA-N,"1,2-difluorobenzene",solvent,False,,0.000000,False,0.379803,1.853952,False,False
DLRJIFUOBPOJNS-UHFFFAOYSA-N,ethoxybenzene,solvent,False,,0.000000,False,0.417334,1.853384,False,False
SECXISVLQFMRJM-UHFFFAOYSA-N,N-methylpyrrolidone,solvent,True,mu_sq_over_Vm:+1.661,1.661217,False,0.258561,1.853548,True,False
WSLDOOZREJYCGB-UHFFFAOYSA-N,"1,2-dichloroethane",solvent,False,,0.000000,False,0.484329,1.854633,False,False
ZNSMNVMLTJELDZ-UHFFFAOYSA-N,"2,2'-dichlorodiethyl ether",solvent,False,,0.000000,False,0.786051,1.853246,False,False
KNKRKFALVUDBJE-UHFFFAOYSA-N,"1,2-dichloropropane",solvent,False,,0.000000,False,0.441045,1.853477,False,False
YHRUOJUYPBUZOS-UHFFFAOYSA-N,"1,3-dichloropropane",solvent,False,,0.000000,False,0.464435,1.853558,False,False
KJDRSWPQXHESDQ-UHFFFAOYSA-N,"1,4-dichlorobutane",solvent,False,,0.000000,False,0.440860,1.853429,False,False
YMWUJEATGCHHMB-UHFFFAOYSA-N,dichloromethane,solvent,True,heavy_atom_count:-2.000,2.000000,False,0.610537,1.853995,True,False
RUOJZAUFBMNUDX-UHFFFAOYSA-N,propylene carbonate,solvent,True,dipole_D:+1.735;mu_sq_over_Vm:+4.103,4.102821,False,0.611888,1.860324,True,True
KMTRUDSVKNLOMY-UHFFFAOYSA-N,ethylene carbonate,solvent,True,dipole_D:+1.632;mu_sq_over_Vm:+4.759,4.758588,False,0.613768,1.863779,True,True
