cohort,inchikey,compound_name,slope,intercept,n_points,n_distinct_temperatures,span_K,mean_temperature_K,mean_epsilon,r2
v11_all_bands,AMQJEAYHLZJPGS-UHFFFAOYSA-N,pentan-1-ol,-0.1167166666666651,50.547940833332866,15,5,20.0,298.15,15.748866666666666,0.268571634776676
v11_all_bands,BAPJBEWLBFYGME-UHFFFAOYSA-N,methyl propenoate,-0.035223384615384636,17.50428596923078,25,25,60.0,308.15,6.6502,0.9995350092835317
v11_all_bands,BDERNNFJNOPAEC-UHFFFAOYSA-N,propan-1-ol,-0.15710255786467753,68.29939578529016,17,10,34.85000000000002,300.8794117647058,21.030470588235293,0.5345854551442375
v11_all_bands,BGTOWKSIORTVQH-UHFFFAOYSA-N,cyclopentanone,-0.038895531901332096,25.09105588628975,30,29,69.99999999999997,278.8166666666666,14.246333333333334,0.9994602613198333
v11_all_bands,BKIMMITUMNQMOS-UHFFFAOYSA-N,nonane,-0.0013228571428571332,2.374086047619044,6,6,50.0,313.15000000000003,1.9598333333333333,0.9998631830160372
v11_all_bands,BMRWNKZVCUKKSR-UHFFFAOYSA-N,"1,2-butanediol",-0.1740999999999997,74.04728666666657,3,3,20.0,308.2,20.389666666666667,0.9998494713133446
v11_all_bands,BTANRVKWQNVYAZ-UHFFFAOYSA-N,butan-2-ol,-0.16963335222886144,67.30545431907495,15,7,25.0,299.14,16.561333333333334,0.9595718890450543
v11_all_bands,BTGRAWJCKBQKAO-UHFFFAOYSA-N,hexanedinitrile,-0.11077580645161277,65.20444782258059,31,31,75.0,315.6499999999999,30.238064516129036,0.9962745160912277
v11_all_bands,BTNXBLUGMAMSSH-UHFFFAOYSA-N,octanedinitrile,-0.08227384615384595,50.56051646153837,25,25,60.0,303.15,25.6192,0.9972841212929301
v11_all_bands,CBTVGIZVANVGBH-UHFFFAOYSA-N,2-amino-2-methylpropan-1-ol,-0.08691428571428562,46.919494285714265,6,6,25.0,315.65000000000003,19.485,0.9987204310127116
v11_all_bands,CGZZMOTZOONQIA-UHFFFAOYSA-N,cycloheptanone,-0.0447608100711549,26.275813191023534,28,28,67.49999999999997,279.3999999999999,13.769642857142857,0.9988871955110149
v11_all_bands,CQEYYJKEWSMYFG-UHFFFAOYSA-N,butyl 2-propenoate,-0.022827384615384652,12.111538569230781,25,25,60.0,308.15,5.07728,0.9996621366483509
v11_all_bands,CRVGTESFCCXCTH-UHFFFAOYSA-N,N-methyldiethanolamine,-0.10269920544835394,52.98000646992047,14,8,35.0,312.79285714285714,20.856428571428573,0.9995884946602144
v11_all_bands,DKGAVHZHDRPRBM-UHFFFAOYSA-N,2-methylpropan-2-ol,-0.20439999999999883,73.36185999999961,5,5,20.0,298.15,12.42,0.9987225335143715
v11_all_bands,DNIAPMSPPWPWGF-UHFFFAOYSA-N,"1,2-propanediol",-0.13325714285714282,68.20261714285715,6,6,25.0,315.65000000000003,26.14,0.9972902989180269
v11_all_bands,DURPTKYDGMDSBL-UHFFFAOYSA-N,dibutyl ether,-0.00773999999999995,5.4148809999999825,5,5,20.0,298.15,3.1071999999999997,0.9996062151266786
v11_all_bands,FXHOOIRPVKKKFG-UHFFFAOYSA-N,"N,N-dimethylethanamide",-0.14957032258064507,83.1646303870967,12,10,90.0,340.65000000000003,32.213499999999996,0.9935049296988469
v11_all_bands,FYIRUPZTYPILDH-UHFFFAOYSA-N,"1,1,1,2,3,3-hexafluoropropane",-0.03872349692783778,16.784729810514957,144,50,79.96000000000001,263.16256944444444,6.594154861111111,0.9827734663529424
v11_all_bands,GSEJCLTVZPLZKY-UHFFFAOYSA-N,triethanolamine,-0.132628571428571,68.2858752380951,6,6,25.0,315.65000000000003,26.421666666666667,0.9995440515644777
v11_all_bands,HXJUTPCZVOIRIF-UHFFFAOYSA-N,sulfolane,-0.11714285714285716,78.89042857142854,8,8,35.0,310.65,42.5,0.9992074499702794
v11_all_bands,IAZDPXIOMUYVGZ-UHFFFAOYSA-N,dimethyl sulfoxide,-0.13669685011714078,87.04509661374857,105,53,50.0,307.94057142857145,44.95059047619046,0.9268994164881794
v11_all_bands,IEJIGPNLZYLLBP-UHFFFAOYSA-N,dimethyl carbonate,0.0004899999999999962,2.9894065000000007,5,5,40.0,308.15,3.1403999999999996,0.971278317152106
v11_all_bands,IIRFCWANHMSDCG-UHFFFAOYSA-N,cyclooctanone,-0.05810703228659888,31.797694383016378,18,18,45.0,321.76111111111106,13.101111111111111,0.9984689521124984
v11_all_bands,IMNFDUFMRHMDMM-UHFFFAOYSA-N,heptane,-0.0010000000000000208,2.2281500000000065,3,3,20.0,298.15,1.93,1.0
v11_all_bands,JHIVVAPYMSGYDF-UHFFFAOYSA-N,cyclohexanone,-0.06926292306711707,36.425657333163365,30,29,69.99999999999997,278.8166666666666,17.113999999999997,0.9970126254431492
v11_all_bands,JIGUQPWFLRLWPJ-UHFFFAOYSA-N,ethyl propenoate,-0.03016738461538466,15.185399569230785,25,25,60.0,308.15,5.8893200000000006,0.9997358406465564
v11_all_bands,KFZMGEQAYNKOFK-UHFFFAOYSA-N,propan-2-ol,-0.1278588772112225,57.471589430786075,10,10,34.85000000000002,302.78999999999996,18.7572,0.9139387049703622
v11_all_bands,LCGLNKUTAGEVQW-UHFFFAOYSA-N,Methyl ether,-0.022330158539858334,12.230719745487196,145,10,89.30000000000001,348.0075862068965,4.459655172413793,0.8982364524147843
v11_all_bands,LFQSCWFLJHTTHZ-UHFFFAOYSA-N,ethanol,-0.10881209621445964,57.86397159538965,19,9,34.85000000000002,300.4868421052631,25.167368421052636,0.20016364624646432
v11_all_bands,LLEVMYXEJUDBTA-UHFFFAOYSA-N,heptanedinitrile,-0.1152078431372549,64.28687389355743,35,35,84.99999999999997,290.6499999999999,30.801714285714283,0.9940758471040786
v11_all_bands,LRHPLDYGYMQRHN-UHFFFAOYSA-N,butan-1-ol,-0.1486766965852588,62.42612443229886,23,7,25.0,298.7956521739129,18.002173913043478,0.4640557609416851
v11_all_bands,LVTYICIALWPMFW-UHFFFAOYSA-N,N-(2-hydroxypropyl)-2-hydroxy-1-propanamine,-0.024857142857142685,21.404490476190425,6,6,25.0,315.65000000000003,13.558333333333335,0.9986629957690852
v11_all_bands,MTHSVFCYNBDYFN-UHFFFAOYSA-N,diethylene glycol,-0.17800000000000166,84.00070000000048,3,3,10.0,298.15,30.929999999999996,0.9996214033316507
v11_all_bands,OHLUUHNLEMFGTQ-UHFFFAOYSA-N,N-methylacetamide,-1.010629696969698,478.3864290000005,10,10,90.0,348.15,126.53570000000002,0.9850910439745209
v11_all_bands,OIFBSDVPJOWBCH-UHFFFAOYSA-N,diethyl carbonate,-9.999999999982806e-06,2.840481499999994,5,5,40.0,308.15,2.8374,0.0034246575342486985
v11_all_bands,OKKJLVBELUTLKV-UHFFFAOYSA-N,methanol,-0.12559552315827976,71.96680308919616,17,9,34.85000000000002,300.46764705882345,34.22941176470589,0.16288276215622
v11_all_bands,RYHBNJHYFVUHQT-UHFFFAOYSA-N,"1,4-dioxane",-0.002050000000000005,2.8401433333333337,3,3,20.0,308.2,2.2083333333333335,0.9950670876085244
v11_all_bands,SBZXBUIDTXKZTM-UHFFFAOYSA-N,"2,5,8-trioxanonane",-0.025279166666666724,14.930219652777792,9,6,50.0,308.15,7.140444444444444,0.9971385382893078
v11_all_bands,SHQSVMDWKBRBGB-UHFFFAOYSA-N,cyclobutanone,-0.05292413793103455,30.742228275862082,29,29,69.99999999999997,278.1499999999999,16.02137931034483,0.9985582633233979
v11_all_bands,TVMXDCGIABBOFY-UHFFFAOYSA-N,octane,-0.0014000000000000238,2.3784100000000072,8,5,20.0,298.15,1.9609999999999999,1.0
v11_all_bands,UWHCKJMYHZGTIT-UHFFFAOYSA-N,tetraethylene glycol,-0.10900000000000078,52.398350000000235,3,3,10.0,298.15,19.900000000000002,0.9997475597441938
v11_all_bands,VFTFKUDGYRBSAL-UHFFFAOYSA-N,"1,4,7,10,13-pentaoxacyclopentadecane",-0.07985538461538451,39.399359846153786,25,25,60.0,303.15,15.191199999999998,0.994363512004655
v11_all_bands,WYJOVVXUZNRJQY-UHFFFAOYSA-N,2-acetylthiophene,-0.14602769230769236,72.8744333846154,25,25,60.0,308.15,27.875999999999998,0.9986524233438385
v11_all_bands,WZLFPVPRZGTCKP-UHFFFAOYSA-N,"1,1,1,3,3-pentafluorobutane",-0.09140983359621373,39.13172555903477,80,13,39.870000000000005,283.134875,13.250413750000002,0.9823225886416298
v11_all_bands,XDTMQSROBMDMFD-UHFFFAOYSA-N,cyclohexane,-0.010000000000082348,5.002000000024554,3,2,0.05000000000001137,298.1666666666667,2.0203333333333333,0.25
v11_all_bands,XLYOFNOQVPJJNP-UHFFFAOYSA-N,water,-0.333019115999567,177.7557983604992,33,32,60.0,302.6909090909091,76.95393939393941,0.9972193776677478
v11_all_bands,XQQZRZQVBFHBHL-UHFFFAOYSA-N,"1,4,7,10-tetraoxacyclododecane",-0.04054782608695648,22.84413144927535,24,24,57.5,324.4,9.690416666666666,0.9963459564654843
v11_all_bands,XTHFKEDIFFGKHM-UHFFFAOYSA-N,"1,2-dimethoxyethane",-0.029937500000000065,16.005907291666684,9,6,50.0,308.15,6.780666666666666,0.9973678945381942
v11_all_bands,YEJRWHAVMIAJKC-UHFFFAOYSA-N,.gamma.-butyrolactone,-0.13239285714285715,81.29971607142855,5,4,20.0,300.15,41.562,0.9663921516449243
v11_all_bands,YEYKMVJDLWJFOA-UHFFFAOYSA-N,2-propoxyethanol,-0.057000000000000314,28.47788333333342,3,3,10.0,298.15,11.483333333333333,0.9974416700777732
v11_all_bands,YFMFNYKEUDLDTL-UHFFFAOYSA-N,"1,1,1,2,3,3,3-heptafluoropropane",-0.02900117432786063,12.71219992882193,144,68,79.96000000000001,263.21055555555563,5.078784722222222,0.9845586523084368
v11_all_bands,YFNKIDBQEZZDLK-UHFFFAOYSA-N,"2,5,8,11-tetraoxadodecane",-0.02516306306306303,15.119511396396385,8,5,40.0,304.4,7.459875,0.9936976291726718
v11_all_bands,YIWUKEYIRIRTPP-UHFFFAOYSA-N,2-ethyl-1-hexanol,-0.0915499999999999,34.62770999999996,3,3,20.0,308.2,6.411999999999999,0.9976779301289979
v11_all_bands,YXFVVABEGXRONW-UHFFFAOYSA-N,toluene,-0.0021846248982985484,3.0459793527003423,73,57,116.00999999999999,332.91438356164383,2.3186863013698633,0.9643449230521386
v11_all_bands,ZBCBWPMODOFKDW-UHFFFAOYSA-N,diethanolamine,-0.1050857142857143,56.6519723809524,6,6,25.0,315.65000000000003,23.481666666666666,0.9928959211145042
v11_all_bands,ZIBGPFATKBEMQZ-UHFFFAOYSA-N,triethylene glycol,-0.1260000000000007,60.63023333333352,3,3,10.0,298.15,23.063333333333333,0.999916022841787
v11_all_bands,ZMXDDKWLCZADIW-UHFFFAOYSA-N,dimethylformamide,-0.17166329280498535,88.61470755715024,107,35,50.36999999999995,301.45084112149533,36.86666355140187,0.9967651161709706
v11_all_bands,ZTOMUSMDRMJOTH-UHFFFAOYSA-N,pentanedinitrile,-0.11447580645161282,68.86227217741933,31,31,74.99999999999997,285.6499999999999,36.16225806451614,0.9955402649480447
v11_all_bands,ZUHZGEOKBKGPSW-UHFFFAOYSA-N,"2,5,8,11,14-pentaoxapentadecane",-0.024540000000000166,15.11943433333339,6,5,20.0,298.15000000000003,7.802833333333332,0.9924852525443411
v11_all_bands,ZXEKIIBDNHEJCQ-UHFFFAOYSA-N,2-methyl-1-propanol,-0.14880000000000035,62.35272000000009,10,5,20.0,298.15,17.988,0.9993644924605696
v11_room_band,AMQJEAYHLZJPGS-UHFFFAOYSA-N,pentan-1-ol,-0.11654999999999656,50.58792096153743,13,3,10.0,298.15000000000003,15.838538461538462,0.11605733902781112
v11_room_band,BAPJBEWLBFYGME-UHFFFAOYSA-N,methyl propenoate,-0.032359999999999986,16.663733999999994,5,5,10.0,298.15,7.015600000000001,0.9927027781316928
v11_room_band,BDERNNFJNOPAEC-UHFFFAOYSA-N,propan-1-ol,-0.21951017187588606,87.1022437564545,13,6,10.0,298.6653846153846,21.542153846153845,0.16253959294211506
v11_room_band,BGTOWKSIORTVQH-UHFFFAOYSA-N,cyclopentanone,-0.037199999999999796,24.582846666666615,6,5,10.0,298.15000000000003,13.491666666666667,0.9886454562773871
v11_room_band,BTANRVKWQNVYAZ-UHFFFAOYSA-N,butan-2-ol,-0.17686012388327488,69.44419303394017,10,4,10.0,298.135,16.716,0.8504648586978125
v11_room_band,BTGRAWJCKBQKAO-UHFFFAOYSA-N,hexanedinitrile,-0.1191999999999987,67.6634799999996,5,5,10.0,298.15,32.123999999999995,0.9996847982708933
v11_room_band,BTNXBLUGMAMSSH-UHFFFAOYSA-N,octanedinitrile,-0.08119999999999927,50.16177999999978,5,5,10.0,298.15,25.951999999999998,0.9995391481517416
v11_room_band,CGZZMOTZOONQIA-UHFFFAOYSA-N,cycloheptanone,-0.04199999999999969,25.448299999999907,5,5,10.0,298.15,12.926000000000002,0.9993654822335025
v11_room_band,CQEYYJKEWSMYFG-UHFFFAOYSA-N,butyl 2-propenoate,-0.021040000000000055,11.585276000000015,5,5,10.0,298.15,5.3122,0.998945726582132
v11_room_band,CRVGTESFCCXCTH-UHFFFAOYSA-N,N-methyldiethanolamine,-0.10872727272727005,54.787945454544634,4,3,10.0,299.4,22.235,0.997589743017508
v11_room_band,DKGAVHZHDRPRBM-UHFFFAOYSA-N,2-methylpropan-2-ol,-0.20400000000000285,73.22593333333418,3,3,10.0,298.15,12.403333333333334,0.9946145756986708
v11_room_band,DURPTKYDGMDSBL-UHFFFAOYSA-N,dibutyl ether,-0.007700000000000052,5.402088333333349,3,3,10.0,298.15,3.106333333333333,0.9999437823251629
v11_room_band,FYIRUPZTYPILDH-UHFFFAOYSA-N,"1,1,1,2,3,3-hexafluoropropane",-0.0351704788793357,15.828609263170172,29,16,9.830000000000041,298.54413793103447,5.328668965517242,0.7871131328565552
v11_room_band,HXJUTPCZVOIRIF-UHFFFAOYSA-N,sulfolane,-0.11000000000000122,76.76316666666702,3,3,10.0,298.15,43.96666666666667,0.9972527472527468
v11_room_band,IAZDPXIOMUYVGZ-UHFFFAOYSA-N,dimethyl sulfoxide,-0.18486835427704096,101.4687546180741,35,20,10.0,299.60028571428575,46.082142857142856,0.5009759809357901
v11_room_band,IIRFCWANHMSDCG-UHFFFAOYSA-N,cyclooctanone,-0.0640000000000008,33.621600000000235,2,2,5.0,300.65,14.379999999999999,1.0
v11_room_band,JHIVVAPYMSGYDF-UHFFFAOYSA-N,cyclohexanone,-0.06159999999999952,34.14270666666654,6,5,10.0,298.15000000000003,15.776666666666666,0.9942425936277246
v11_room_band,JIGUQPWFLRLWPJ-UHFFFAOYSA-N,ethyl propenoate,-0.029999999999999975,15.14329999999999,5,5,10.0,298.15,6.1988,0.9957021071711792
v11_room_band,KFZMGEQAYNKOFK-UHFFFAOYSA-N,propan-2-ol,-0.19123745182929733,76.2713280841144,6,6,10.0,299.26666666666665,19.040333333333333,0.9074458138271889
v11_room_band,LFQSCWFLJHTTHZ-UHFFFAOYSA-N,ethanol,-0.15477053222543216,71.67932894977659,15,5,10.0,298.4633333333333,25.486,0.058724203084901117
v11_room_band,LLEVMYXEJUDBTA-UHFFFAOYSA-N,heptanedinitrile,-0.1100000000000002,62.520500000000055,5,5,10.0,298.15,29.724,0.9996431026278223
v11_room_band,LRHPLDYGYMQRHN-UHFFFAOYSA-N,butan-1-ol,-0.13655509913872893,58.93832040460808,18,4,10.0,298.14166666666665,18.22555555555556,0.13355060794179296
v11_room_band,MTHSVFCYNBDYFN-UHFFFAOYSA-N,diethylene glycol,-0.17800000000000166,84.00070000000048,3,3,10.0,298.15,30.929999999999996,0.9996214033316507
v11_room_band,OKKJLVBELUTLKV-UHFFFAOYSA-N,methanol,-0.08430673031510705,59.92102918044189,13,5,10.0,298.1269230769231,34.786923076923074,0.0091999854095699
v11_room_band,SHQSVMDWKBRBGB-UHFFFAOYSA-N,cyclobutanone,-0.04799999999999968,29.2711999999999,5,5,10.0,298.15,14.959999999999999,1.0
v11_room_band,TVMXDCGIABBOFY-UHFFFAOYSA-N,octane,-0.0014000000000000065,2.378410000000002,6,3,10.0,298.15000000000003,1.9610000000000003,1.0
v11_room_band,UWHCKJMYHZGTIT-UHFFFAOYSA-N,tetraethylene glycol,-0.10900000000000078,52.398350000000235,3,3,10.0,298.15,19.900000000000002,0.9997475597441938
v11_room_band,VFTFKUDGYRBSAL-UHFFFAOYSA-N,"1,4,7,10,13-pentaoxacyclopentadecane",-0.08079999999999984,39.572519999999955,5,5,10.0,298.15,15.482,0.9999019800039208
v11_room_band,WYJOVVXUZNRJQY-UHFFFAOYSA-N,2-acetylthiophene,-0.14840000000000073,73.48746000000021,5,5,10.0,298.15,29.242,0.9900235923698822
v11_room_band,WZLFPVPRZGTCKP-UHFFFAOYSA-N,"1,1,1,3,3-pentafluorobutane",-0.07755384503539861,35.01442089734044,32,4,9.789999999999964,298.1175,11.8942625,0.8380159636607651
v11_room_band,XDTMQSROBMDMFD-UHFFFAOYSA-N,cyclohexane,-0.010000000000082348,5.002000000024554,3,2,0.05000000000001137,298.1666666666667,2.0203333333333333,0.25
v11_room_band,XLYOFNOQVPJJNP-UHFFFAOYSA-N,water,-0.3298010311351012,176.80036801913715,8,7,10.0,297.50624999999997,78.6825,0.7959808173617762
v11_room_band,XQQZRZQVBFHBHL-UHFFFAOYSA-N,"1,4,7,10-tetraoxacyclododecane",-0.04919999999999859,25.492979999999573,4,4,7.5,299.4,10.7625,0.9996035678889991
v11_room_band,YEJRWHAVMIAJKC-UHFFFAOYSA-N,.gamma.-butyrolactone,-0.15109090909090678,86.8313909090902,4,3,10.0,296.9,41.972500000000004,0.9187378016899033
v11_room_band,YEYKMVJDLWJFOA-UHFFFAOYSA-N,2-propoxyethanol,-0.057000000000000314,28.47788333333342,3,3,10.0,298.15,11.483333333333333,0.9974416700777732
v11_room_band,YFMFNYKEUDLDTL-UHFFFAOYSA-N,"1,1,1,2,3,3,3-heptafluoropropane",-0.026205732411568525,11.951798826145858,29,16,9.830000000000041,298.54413793103447,4.128231034482758,0.7178007717171577
v11_room_band,YXFVVABEGXRONW-UHFFFAOYSA-N,toluene,0.0033885297244498004,1.4036125644338746,8,7,3.3999999999999773,297.165,2.410565,0.01320110162050403
v11_room_band,ZIBGPFATKBEMQZ-UHFFFAOYSA-N,triethylene glycol,-0.1260000000000007,60.63023333333352,3,3,10.0,298.15,23.063333333333333,0.999916022841787
v11_room_band,ZMXDDKWLCZADIW-UHFFFAOYSA-N,dimethylformamide,-0.16329200413705008,85.97467007974724,26,9,5.46999999999997,300.78499999999997,36.85888461538461,0.9851262656169526
v11_room_band,ZTOMUSMDRMJOTH-UHFFFAOYSA-N,pentanedinitrile,-0.10959999999999838,67.2732399999995,5,5,10.0,298.15,34.596,0.9997869280349438
v11_room_band,ZUHZGEOKBKGPSW-UHFFFAOYSA-N,"2,5,8,11,14-pentaoxapentadecane",-0.02470000000000032,15.171055000000097,4,3,10.0,298.15,7.80675,0.9696666269320945
v11_room_band,ZXEKIIBDNHEJCQ-UHFFFAOYSA-N,2-methyl-1-propanol,-0.1479999999999998,62.09286666666658,6,3,10.0,298.15000000000003,17.96666666666667,0.9999391320226428
lowfreq_primary_gate,AQIXEPGDORPWBJ-UHFFFAOYSA-N,3-pentanol,-0.18200000000000024,67.47330000000007,2,2,10.0,303.15,12.3,1.0
lowfreq_primary_gate,BMVXCPBXGZKUPN-UHFFFAOYSA-N,1-hexanamine,-0.011800000000000185,7.422836666666721,3,3,10.0,298.15,3.904666666666667,0.9999042512447338
lowfreq_primary_gate,HDGQICNBXPAKLR-UHFFFAOYSA-N,"2,4-dimethylhexane",-0.0014999999999999929,2.4013916666666644,3,3,20.0,303.15,1.9466666666666665,0.9642857142857143
lowfreq_primary_gate,HQABUPZFAYXKJW-UHFFFAOYSA-N,1-butanamine,-0.018200000000000268,10.063663333333412,3,3,10.0,298.15,4.637333333333333,0.9998390147703948
lowfreq_primary_gate,JQVDAXLFBXTEQA-UHFFFAOYSA-N,dibutylamine,-0.008000000000000044,5.282533333333347,3,3,10.0,298.15,2.8973333333333335,0.9991673605328889
lowfreq_primary_gate,JYVLIDXNZAXMDK-UHFFFAOYSA-N,pentan-2-ol,-0.14599999999999994,57.06989999999997,2,2,10.0,303.15,12.809999999999999,1.0
lowfreq_primary_gate,LAIUFBWHERIJIH-UHFFFAOYSA-N,3-methylheptane,-0.0015000000000000148,2.3913916666666712,3,3,20.0,303.15,1.9366666666666665,0.9642857142857143
lowfreq_primary_gate,LHIJANUOQQMGNT-UHFFFAOYSA-N,N-(2-aminoethyl)ethanolamine,-0.20263341176470634,80.0046240941178,12,12,55.0,321.3666666666666,14.885000000000003,0.9808380538021232
lowfreq_primary_gate,LPSXSORODABQKT-FIRGSJFUSA-N,exo-tetrahydrodicyclopentadiene,-0.0010000000000000258,2.4831500000000086,3,3,20.0,303.15,2.18,1.0
lowfreq_primary_gate,MSXVEPNJUHWQHW-UHFFFAOYSA-N,2-Methyl-2-butanol,-0.03999999999999995,17.55599999999998,2,2,10.0,303.15,5.43,1.0
lowfreq_primary_gate,MXLMTQWGSQIYOW-UHFFFAOYSA-N,3-methyl-2-butanol,-0.12000000000000044,47.75800000000012,2,2,10.0,303.15,11.379999999999999,1.0
lowfreq_primary_gate,NHTMVDHEPJAVLT-UHFFFAOYSA-N,"2,2,4-trimethylpentane",-0.0010000000000000152,2.2331500000000046,3,3,20.0,303.15,1.93,1.0
lowfreq_primary_gate,PAFZNILMFXTMIY-UHFFFAOYSA-N,cyclohexylamine,-0.0170000000000001,9.601883333333364,3,3,10.0,298.15,4.533333333333334,0.9988479262672809
lowfreq_primary_gate,PAYRUJLWNCNPSJ-UHFFFAOYSA-N,Aniline,-0.0261000000000003,14.767381666666752,3,3,10.0,298.15,6.985666666666667,0.9998776836213477
lowfreq_primary_gate,PHTQWCKDNZKARW-UHFFFAOYSA-N,3-Methyl-1-butanol,-0.14544999999999986,58.29141749999994,3,3,20.0,308.15,13.471000000000002,0.998315001219834
lowfreq_primary_gate,PUPZLCDOIYMWBV-UHFFFAOYSA-N,"1,3-butanediol",-0.17248000000000005,80.022736,5,5,20.0,308.2,26.8644,0.9958638644523294
lowfreq_primary_gate,QPRQEDXDYOZYLA-UHFFFAOYSA-N,2-methyl-1-butanol,-0.14499999999999996,58.75174999999997,2,2,10.0,303.15,14.795,1.0
lowfreq_primary_gate,SNRUBQQJIBEYMU-UHFFFAOYSA-N,dodecane,-0.0012035928143712675,2.3831625748503025,7,7,40.0,305.29285714285714,2.0157142857142856,0.975492563260574
lowfreq_primary_gate,UJPMYEOUBPIPHQ-UHFFFAOYSA-N,"1,1,1-trifluoroethane",-0.09772815121251233,38.37219417530815,42,42,76.0,245.18047619047624,14.411159523809525,0.9854534367868423
lowfreq_primary_gate,VLKZOEOYAKHREP-UHFFFAOYSA-N,n-Hexane,-0.0015000000000000178,2.3405583333333384,3,3,20.0,298.15,1.8933333333333333,0.9642857142857143
lowfreq_primary_gate,WEHWNAOGRSTTBQ-UHFFFAOYSA-N,dipropylamine,-0.011100000000000125,6.402131666666703,3,3,10.0,298.15,3.0926666666666662,0.9999729466507954
lowfreq_primary_gate,WERYXYBDKMZEQL-UHFFFAOYSA-N,"1,4-Butanediol",-0.21740302595925787,96.40470242227164,4,4,20.0,305.66249999999997,29.95275,0.9994270203383322
lowfreq_primary_gate,WEVYAHXRMPXWCK-UHFFFAOYSA-N,Acetonitrile,-0.15213333333333284,81.50921999999981,10,10,45.0,310.65,34.249,0.9818331242582187
lowfreq_primary_gate,ZWEHNKRNPOVVGH-UHFFFAOYSA-N,2-Butanone,-0.10250569465756097,48.94195953563317,4,4,20.05000000000001,305.6875,17.60725,0.9995747397575812
lowfreq_extended_gate,BSPCSKHALVHRSR-UHFFFAOYSA-N,2-chlorobutane,-0.04176666666666659,21.134398333333305,3,3,30.0,298.15,8.681666666666667,0.9983210921358183
lowfreq_extended_gate,BSYVTEYKTMYBMK-UHFFFAOYSA-N,2-tetrahydrofurylmethanol,-0.03556923076923082,25.048658461538476,25,25,60.0,308.15,14.088,0.9973907176422119
lowfreq_extended_gate,GSNUFIFRDBKVIE-UHFFFAOYSA-N,"2,5-dimethylfuran",-0.005406769230769235,4.07077593846154,25,25,60.0,308.15,2.40468,0.9994190474646715
lowfreq_extended_gate,HLPIHRDZBHXTFJ-UHFFFAOYSA-N,2-ethylfuran,-0.005616000000000005,4.400250400000002,25,25,60.0,308.15,2.66968,0.9996904080808484
lowfreq_extended_gate,JCCCMAAJYSNBPR-UHFFFAOYSA-N,2-ethylthiophene,-0.0038735384615384678,4.043790876923079,25,25,60.0,308.15,2.8501600000000002,0.9993489533084626
lowfreq_extended_gate,LPEKGGXMPWTOCB-UHFFFAOYSA-N,methyl 2-hydroxypropanoate,-0.10515384615384626,47.59175769230773,25,25,60.0,308.15,15.1886,0.9993752104930718
lowfreq_extended_gate,LQNUZADURLCDLV-UHFFFAOYSA-N,nitrobenzene,-0.16300000000000017,83.47745000000003,5,5,20.0,303.15,34.064,0.974777374040963
lowfreq_extended_gate,LZCLXQDLBQLTDK-UHFFFAOYSA-N,DL-ethyl lactate,-0.10470461538461545,46.90224723076926,25,25,60.0,308.15,14.63752,0.9998725468319232
lowfreq_extended_gate,MRABAEUHTLLEML-UHFFFAOYSA-N,butyl 2-hydroxypropanoate,-0.057914769230769284,27.574636138461557,25,25,60.0,308.15,9.7282,0.9996061698608909
lowfreq_extended_gate,NBRKLOOSMBRFMH-UHFFFAOYSA-N,2-chloro-2-methylpropane,-0.04923333333333326,24.362584999999974,3,3,30.0,298.15,9.683666666666667,0.9997432124685394
lowfreq_extended_gate,OUDFNZMQXZILJD-UHFFFAOYSA-N,5-methylfurfural,-0.27975384615384635,122.87014769230777,25,25,60.0,308.15,36.664,0.9991874455649932
lowfreq_extended_gate,PLDWAJLZAAHOGG-UHFFFAOYSA-N,1-bromo-3-methoxybenzene,-0.013400000000000087,11.06321000000003,4,4,30.0,318.15,6.800000000000001,0.9953436807095344
lowfreq_extended_gate,POAOYUHQDCAZBD-UHFFFAOYSA-N,2-butoxyethan-1-ol,-0.09400000000000014,37.358100000000036,5,5,20.0,303.15,8.862,0.999420887851313
lowfreq_extended_gate,QTBFPMKWQKYFLR-UHFFFAOYSA-N,1-chloro-2-methylpropane,-0.027166666666666624,15.167408333333315,3,3,30.0,298.15,7.067666666666667,0.9998188693029127
lowfreq_extended_gate,UAGJVSRUFNSIHR-UHFFFAOYSA-N,methyl levulinate,-0.05878153846153856,32.358571076923106,25,25,60.0,308.15,14.24504,0.9995947299113316
lowfreq_extended_gate,VFWCMGCRMGJXDK-UHFFFAOYSA-N,1-chlorobutane,-0.026499999999999933,15.056308333333309,3,3,30.0,298.15,7.155333333333334,0.9999868150414007
lowfreq_extended_gate,VLKZOEOYAKHREP-UHFFFAOYSA-N,n-Hexane,-0.0010666666666666747,2.207026666666669,2,2,30.0,298.15,1.889,1.0
lowfreq_extended_gate,VQKFNUFAXTZWDK-UHFFFAOYSA-N,2-methylfuran,-0.007806461538461544,5.160121123076927,25,25,60.0,308.15,2.75456,0.9991851028783343
lowfreq_extended_gate,XNWFRZJHXBZDAG-UHFFFAOYSA-N,2-Methoxyethanol,-0.08020000000000002,40.87663,5,5,20.0,303.15,16.564,0.9996829383532688
lowfreq_extended_gate,YLQBMQCUIZJEEH-UHFFFAOYSA-N,Furan,-0.010265454545454496,5.972836181818166,11,11,25.0,290.65000000000003,2.989181818181818,0.9972581226442955
lowfreq_extended_gate,ZNQVEEAIQZEUHB-UHFFFAOYSA-N,2-ethoxyethan-1-ol,-0.05900000000000006,31.595850000000013,5,5,20.0,303.15,13.709999999999999,0.9900455062571106
