arm,representation,repeat,fold,train_rows,test_rows,train_compounds,test_compounds,mae,rmse,r2,spearman
baseline,Morgan,0,0,328,129,77,20,15.80106188420732,19.79736735084448,-1.2465833595490716,-0.2692634868251015
baseline,Physical,0,0,328,129,77,20,18.707810244005778,22.068834615700332,-1.7916852659006017,0.5341175799905006
baseline,Morgan+Physical,0,0,328,129,77,20,8.309259865930837,9.80603209563924,0.44881895349169376,0.5057784148328935
baseline,Morgan,0,1,321,136,77,20,13.270327840625537,17.482831436499804,-0.31308848270569967,-0.022933490707184263
baseline,Physical,0,1,321,136,77,20,3.428869516310972,5.53189024207353,0.8685327553259132,0.8481192909406743
baseline,Morgan+Physical,0,1,321,136,77,20,7.839173476376252,10.562870067864445,0.5206703138537356,0.36187862555591604
baseline,Morgan,0,2,385,72,78,19,6.268117459636264,8.857746930671421,0.02993889940388106,0.0495327547692496
baseline,Physical,0,2,385,72,78,19,8.945496932856242,12.393051971798998,-0.8989306106858601,0.22511629796957838
baseline,Morgan+Physical,0,2,385,72,78,19,5.9120675322002825,9.694086800105929,-0.1618936053547555,0.2204951900098126
baseline,Morgan,0,3,411,46,78,19,9.867929656318998,26.08893468095654,0.08617721016724211,0.5992786766114082
baseline,Physical,0,3,411,46,78,19,8.52724353242957,24.42468719819851,0.19904647897859884,0.7093651627132864
baseline,Morgan+Physical,0,3,411,46,78,19,8.169022655818775,24.957106263192273,0.16374688167566387,0.8192838059082257
baseline,Morgan,0,4,383,74,78,19,16.23708513894571,23.56896636951814,-0.15007120440533428,0.26297376646379506
baseline,Physical,0,4,383,74,78,19,8.52862388536711,12.198760840372474,0.6919117820505831,0.8885283237138828
baseline,Morgan+Physical,0,4,383,74,78,19,10.953391586412998,17.163096858912656,0.3901332403782234,0.8242179464778916
baseline,Morgan,1,0,355,102,77,20,7.422386764436608,9.0745583131983,0.20807070838327002,0.8218613040372529
baseline,Physical,1,0,355,102,77,20,7.04940995862624,11.172940600748136,-0.20052275194450497,0.45330834802895514
baseline,Morgan+Physical,1,0,355,102,77,20,5.323196221063651,8.653252333709396,0.2798977770127249,0.8844221581548171
baseline,Morgan,1,1,379,78,77,20,10.373795394035241,24.03312431702561,0.05557654826417158,0.40165403100884084
baseline,Physical,1,1,379,78,77,20,6.941951966878452,22.07595653208704,0.20313388925174014,0.9072576085729132
baseline,Morgan+Physical,1,1,379,78,77,20,8.330839296297905,22.788814896817318,0.1508395106870407,0.8926405144919384
baseline,Morgan,1,2,365,92,78,19,14.909710118003515,17.71454997500406,-0.09923459961854486,0.8444538729664535
baseline,Physical,1,2,365,92,78,19,5.952657193681468,7.184900104319601,0.8191695301957583,0.9033169763385194
baseline,Morgan+Physical,1,2,365,92,78,19,6.146600221302198,7.485837694162419,0.8037042235431462,0.8910273553841033
baseline,Morgan,1,3,346,111,78,19,10.381847117738465,17.313417386600925,0.18810830258250388,0.772040636346388
baseline,Physical,1,3,346,111,78,19,12.390877646475436,19.19254141529826,0.00230573652928201,0.857834551477673
baseline,Morgan+Physical,1,3,346,111,78,19,9.50064488737089,15.602429666865754,0.34064854435863023,0.8601742936215496
baseline,Morgan,1,4,383,74,78,19,11.551480190586398,15.450778074813183,-0.1837775780761315,0.6054307253727218
baseline,Physical,1,4,383,74,78,19,17.986117296244647,24.43612783567078,-1.9609711599257271,0.7715392730034066
baseline,Morgan+Physical,1,4,383,74,78,19,8.056639739887137,11.466379079982838,0.3480384381588497,0.8388769668295742
baseline,Morgan,2,0,383,74,77,20,17.0548245483151,24.08207313108728,-0.18621941806634967,0.03218028789198679
baseline,Physical,2,0,383,74,77,20,12.318566374552958,16.161945691322707,0.4657253439628576,0.5604453163651264
baseline,Morgan+Physical,2,0,383,74,77,20,14.44714931040171,19.95309391764664,0.18567497605988703,0.43272261444424415
baseline,Morgan,2,1,341,116,77,20,6.299133330141264,7.992154460880511,0.14118488551702402,0.8904115261760212
baseline,Physical,2,1,341,116,77,20,7.081787087315526,10.811716704867901,-0.571669613704519,0.48270185857859105
baseline,Morgan+Physical,2,1,341,116,77,20,5.255862817961593,8.095500783212591,0.11883065531420267,0.8434360254481522
baseline,Morgan,2,2,380,77,78,19,9.717596913622572,23.713034818400796,-0.012727050664265604,0.6241040273746519
baseline,Physical,2,2,380,77,78,19,8.122421236508853,22.943890392270447,0.051904138113807896,0.7917222422455337
baseline,Morgan+Physical,2,2,380,77,78,19,8.169152891481078,23.017357738389933,0.04582272791077724,0.7870890362398834
baseline,Morgan,2,3,358,99,78,19,5.3638431406194504,6.41748197316443,0.42302779635107035,0.689508755078189
baseline,Physical,2,3,358,99,78,19,4.0920089546434815,7.604578632275814,0.18983050655130274,0.8221678324435785
baseline,Morgan+Physical,2,3,358,99,78,19,4.124234310311983,6.129200778756852,0.4737001183476688,0.7657110639530829
baseline,Morgan,2,4,366,91,78,19,15.364694404099014,18.23121267895863,-0.30200788879157603,0.6883674255525745
baseline,Physical,2,4,366,91,78,19,7.1942846869583965,8.494688593258948,0.7173314922828956,0.9150183847732065
baseline,Morgan+Physical,2,4,366,91,78,19,6.720492051847687,8.335912811713536,0.7277995568988198,0.9120164691866892
baseline,Morgan,3,0,348,109,77,20,9.850515186288819,18.62346037511424,0.12545782623629465,0.6104419011502987
baseline,Physical,3,0,348,109,77,20,6.33476714062822,16.882261648034888,0.28134367387228976,0.8240705581056469
baseline,Morgan+Physical,3,0,348,109,77,20,7.382438313531436,16.9771623857329,0.2732413583080485,0.799641532919014
baseline,Morgan,3,1,417,40,77,20,12.151753050231934,23.505476467129622,0.08449442878266733,0.6081145035610794
baseline,Physical,3,1,417,40,77,20,11.658883573436736,17.199779592082653,0.5098052712018711,0.6949646064590004
baseline,Morgan+Physical,3,1,417,40,77,20,11.366380926990509,17.99321860611051,0.4635359964598702,0.7709888256813365
baseline,Morgan,3,2,295,162,78,19,10.85950156441206,13.008316903320488,0.20059838194627222,0.5823115628924441
baseline,Physical,3,2,295,162,78,19,8.724482455851707,13.980304977004574,0.07667180586555189,0.7464286114446615
baseline,Morgan+Physical,3,2,295,162,78,19,8.258940378222054,9.702795837841885,0.5552493489777315,0.7715114745236148
baseline,Morgan,3,3,366,91,78,19,11.824455937027144,18.861687747531708,0.24200424139319576,0.7630677558307558
baseline,Physical,3,3,366,91,78,19,8.951035437162629,15.392625945399512,0.4951863317808033,0.9282659722429973
baseline,Morgan+Physical,3,3,366,91,78,19,9.947930633679064,16.184287445187696,0.4419246501328634,0.9112729109891047
baseline,Morgan,3,4,402,55,78,19,10.476464447515315,15.382098398837563,-0.809372282324345,0.18214316351441348
baseline,Physical,3,4,402,55,78,19,6.651674338227706,8.37549994800185,0.46356359515819456,0.8940890474516655
baseline,Morgan+Physical,3,4,402,55,78,19,6.152776605232932,9.560961384937615,0.3009634386546969,0.6609907677791698
baseline,Morgan,4,0,398,59,77,20,10.275598775443386,21.91928107986351,0.055691551084629975,0.24109108692760567
baseline,Physical,4,0,398,59,77,20,9.6338510679148,21.66995500197766,0.07705189431622717,0.7635762893376479
baseline,Morgan+Physical,4,0,398,59,77,20,7.367958848791607,20.76110020778039,0.15284672698561508,0.7777122280480024
baseline,Morgan,4,1,340,117,77,20,7.534073092740051,11.860218700221338,-0.4724501317174197,0.4417181414495794
baseline,Physical,4,1,340,117,77,20,4.368143005120693,6.028716956868658,0.6195435164154892,0.6524600224875374
baseline,Morgan+Physical,4,1,340,117,77,20,5.248253312015371,8.327235673182049,0.27413323425208047,0.5329591929565134
baseline,Morgan,4,2,346,111,78,19,13.628407963259583,20.004464658648356,0.008600713012182903,0.5976345029663745
baseline,Physical,4,2,346,111,78,19,22.290187128757786,30.89386425046601,-1.3644993701883092,0.7212588631456919
baseline,Morgan+Physical,4,2,346,111,78,19,13.483369948117367,19.685150000519208,0.03999788070518251,0.7168053829421622
baseline,Morgan,4,3,384,73,78,19,6.7408485747245885,15.66387906156617,0.30634862332241797,0.6533266904597351
baseline,Physical,4,3,384,73,78,19,6.020985156208195,8.533581397247502,0.7941242091207202,0.8329416320338915
baseline,Morgan+Physical,4,3,384,73,78,19,5.583846388704482,11.023311985278,0.6564683082558735,0.9092831780346011
baseline,Morgan,4,4,360,97,78,19,13.21303199697278,17.750742231435936,-0.22986644536605394,0.6568263533135187
baseline,Physical,4,4,360,97,78,19,8.923509608868471,9.764522731354534,0.6278423424696626,0.82975004653168
baseline,Morgan+Physical,4,4,360,97,78,19,6.88338522889442,7.7816083439547405,0.7636456198969277,0.9064151711915784
baseline,Morgan,5,0,394,63,77,20,7.254420235648988,16.439888323483142,0.08118742397029144,0.7334547289529771
baseline,Physical,5,0,394,63,77,20,6.15921705636524,9.493350578018632,0.69361447527967,0.5938887027167242
baseline,Morgan+Physical,5,0,394,63,77,20,6.175525371430413,12.4927186909845,0.4694294671458614,0.6895904282952904
baseline,Morgan,5,1,376,81,77,20,9.172393744631167,11.83284381052476,0.4934684910716626,0.8023833752067941
baseline,Physical,5,1,376,81,77,20,9.665134623690005,15.312702334051366,0.15173434684256193,0.8063537571851271
baseline,Morgan+Physical,5,1,376,81,77,20,7.098237754878291,10.968299715807344,0.5647820283798219,0.8145519798435091
baseline,Morgan,5,2,346,111,78,19,15.031620462487023,22.43039536883135,0.09189270466542254,0.47149653428813326
baseline,Physical,5,2,346,111,78,19,7.9320690605754685,16.499691344581393,0.5086228610872109,0.8993854236832184
baseline,Morgan+Physical,5,2,346,111,78,19,11.16449009153074,18.970940414208428,0.3504074625179693,0.8163152297440893
baseline,Morgan,5,3,329,128,78,19,6.0287598174572,8.74038531179953,0.3287868187874422,0.8442322922595502
baseline,Physical,5,3,329,128,78,19,10.514898349183799,14.48069779833603,-0.8423761371739784,0.9126052215265522
baseline,Morgan+Physical,5,3,329,128,78,19,3.9969469678282734,4.87998151710268,0.790764354225227,0.9048072888412921
baseline,Morgan,5,4,383,74,78,19,12.516003713968637,20.629905716388055,0.0882375642346862,0.6334981469037098
baseline,Physical,5,4,383,74,78,19,8.799968504364426,15.219818981817795,0.5037435282746545,0.7523926117075952
baseline,Morgan+Physical,5,4,383,74,78,19,10.585976308461781,17.282975215642136,0.3600821516849575,0.744159915864457
baseline,Morgan,6,0,414,43,77,20,11.0422242153079,20.548884462955137,0.08691594692311233,0.5194802158142786
baseline,Physical,6,0,414,43,77,20,10.216209004734838,13.777945788860961,0.5895094150297561,0.7070613952196215
baseline,Morgan+Physical,6,0,414,43,77,20,10.43162505358319,16.341192954398274,0.4225667692274564,0.7093334434047746
baseline,Morgan,6,1,397,60,77,20,13.966465471013388,23.608422842093464,0.09766006923418924,0.8408078806650149
baseline,Physical,6,1,397,60,77,20,7.724932819747924,13.256177561094793,0.7155061702836527,0.8356132200502165
baseline,Morgan+Physical,6,1,397,60,77,20,10.340416638437908,18.09045656612645,0.47017154151920093,0.8776822348962082
baseline,Morgan,6,2,331,126,78,19,15.740486170438736,19.218832892251406,-2.49578905194409,-0.5192273686056881
baseline,Physical,6,2,331,126,78,19,6.058384596827673,8.247012783243838,0.35629848364798866,0.901846129454554
baseline,Morgan+Physical,6,2,331,126,78,19,10.32898287956601,12.412702833795828,-0.45822289716764764,0.7269783746779054
baseline,Morgan,6,3,333,124,78,19,6.7340923874270535,9.077997580810711,0.422967006833706,0.8493674724113045
baseline,Physical,6,3,333,124,78,19,11.792290883882583,16.023600408792138,-0.7977973360043358,0.8044252113274851
baseline,Morgan+Physical,6,3,333,124,78,19,5.193559699876848,6.753503913217428,0.6806412409989151,0.8564731704751966
baseline,Morgan,6,4,353,104,78,19,15.48650596010208,23.2741685374006,-0.2627484084872047,0.2879003521272135
baseline,Physical,6,4,353,104,78,19,9.625787739904844,17.748763480152675,0.26564732006379244,0.8284759765692045
baseline,Morgan+Physical,6,4,353,104,78,19,11.277058686811008,19.724605371788368,0.0930462805520541,0.7404054947622619
baseline,Morgan,7,0,343,114,77,20,5.619109242302075,8.464374171458367,0.5847239869889165,0.9099401094819854
baseline,Physical,7,0,343,114,77,20,4.6436903450413745,7.683688574886021,0.6577947655646348,0.9269442320664649
baseline,Morgan+Physical,7,0,343,114,77,20,3.418817673612896,6.076806377384515,0.7859585238850064,0.9350437171685037
baseline,Morgan,7,1,380,77,77,20,18.662115705613967,24.250664021400894,-0.3619639650613853,0.5207328803931845
baseline,Physical,7,1,380,77,77,20,4.5572484268584805,8.392875195515195,0.8368677306476782,0.9504519194651178
baseline,Morgan+Physical,7,1,380,77,77,20,11.430764838082451,15.234352423773469,0.462515005855742,0.6984848567704732
baseline,Morgan,7,2,377,80,78,19,8.500720731601714,10.204867163487597,0.1664298053639257,0.7306705192333308
baseline,Physical,7,2,377,80,78,19,9.966273387596607,17.301159359502662,-1.3959507049769626,0.7093514149205459
baseline,Morgan+Physical,7,2,377,80,78,19,8.790723446235656,12.39067518569513,-0.228902450992845,0.7065875286360318
baseline,Morgan,7,3,379,78,78,19,7.380298582376334,19.28050336423922,0.12029909270614592,0.36258667435947456
baseline,Physical,7,3,379,78,78,19,8.571237016468537,18.079183226553344,0.22650783972006017,0.4829866889643582
baseline,Morgan+Physical,7,3,379,78,78,19,7.6808675830899755,18.20822836501134,0.21542640627275345,0.4578195664742614
baseline,Morgan,7,4,349,108,78,19,13.510199314258715,20.434073694614103,-0.4081088632485337,0.7830831304933195
baseline,Physical,7,4,349,108,78,19,13.719010704817595,20.902581121650506,-0.47341862955232283,0.864094403644815
baseline,Morgan+Physical,7,4,349,108,78,19,8.469483029330219,14.03528490900231,0.33569306304944324,0.8652615622642431
baseline,Morgan,8,0,321,136,77,20,8.401872533820656,16.22021713993842,0.241940556590863,0.663524753428235
baseline,Physical,8,0,321,136,77,20,7.1286246810296,14.86852296403729,0.36302030209643177,0.7956485233907937
baseline,Morgan+Physical,8,0,321,136,77,20,4.52445478927388,14.11285493972012,0.426121849631656,0.814779456708211
baseline,Morgan,8,1,375,82,77,20,10.659687834070718,12.767035486422492,0.304071524234966,0.5221556873692655
baseline,Physical,8,1,375,82,77,20,6.927960593112852,8.754253807181236,0.6727928813187256,0.8586899025890479
baseline,Morgan+Physical,8,1,375,82,77,20,5.837141502246392,8.702765643386709,0.6766305013816338,0.8870548052641064
baseline,Morgan,8,2,377,80,78,19,4.967265239295959,5.7639260575267945,0.667375773836971,0.8376032487957459
baseline,Physical,8,2,377,80,78,19,3.5654472019052506,4.789216811593219,0.7703607751669884,0.8975162845859209
baseline,Morgan+Physical,8,2,377,80,78,19,4.198869341192245,4.774358786060338,0.7717834264866437,0.8925254618727461
baseline,Morgan,8,3,406,51,78,19,17.606692211824303,29.3595783018521,-0.12721636982644902,0.41105938332601916
baseline,Physical,8,3,406,51,78,19,11.805470121196672,18.969915965075106,0.5294145725659654,0.6988137227208994
baseline,Morgan+Physical,8,3,406,51,78,19,13.75130773447074,23.59585822369546,0.27191980721869446,0.719028941985849
baseline,Morgan,8,4,349,108,78,19,13.178153026439523,17.44241166153482,-0.2296731940218506,0.41322385157165115
baseline,Physical,8,4,349,108,78,19,5.93237174212491,8.98349949602199,0.6738121823612417,0.8793266753673494
baseline,Morgan+Physical,8,4,349,108,78,19,7.967854383980785,10.403494443673758,0.5625432514581624,0.8595435240257073
baseline,Morgan,9,0,389,68,77,20,9.872007392883301,17.598002881008338,0.1776076775296016,0.7566212274031847
baseline,Physical,9,0,389,68,77,20,5.307263039504781,7.121995510728184,0.8653036989613,0.8812710002864316
baseline,Morgan+Physical,9,0,389,68,77,20,6.7105848470295175,11.21243382188993,0.666149474735175,0.9213995325860296
baseline,Morgan,9,1,351,106,77,20,13.192489055417619,17.479404123300643,-0.4505420380820542,0.751295310237066
baseline,Physical,9,1,351,106,77,20,8.087346746120812,10.000404923791304,0.5251983238964839,0.9425562093992721
baseline,Morgan+Physical,9,1,351,106,77,20,4.42342320532169,6.0895937630237515,0.8239428300447731,0.9287941672867402
baseline,Morgan,9,2,359,98,78,19,6.476206584323181,17.416933767468908,0.10253416671490678,0.6649451981336082
baseline,Physical,9,2,359,98,78,19,6.197939206321872,16.329128479890866,0.21113890965718185,0.8835701283162948
baseline,Morgan+Physical,9,2,359,98,78,19,4.953953104587477,16.4179597333431,0.20253267857030888,0.7767574455065677
baseline,Morgan,9,3,366,91,78,19,13.56390558754722,24.391372783054692,-2.5749084907470885,0.29690745033829374
baseline,Physical,9,3,366,91,78,19,18.29727022062532,25.48678907916737,-2.9032169549970277,0.6847787330647529
baseline,Morgan+Physical,9,3,366,91,78,19,12.849823528294827,18.302320793090132,-1.0128192079977518,0.6278549038137965
baseline,Morgan,9,4,363,94,78,19,16.74775615171067,20.779215943209792,0.11983941321159719,0.5144819550393203
baseline,Physical,9,4,363,94,78,19,27.45948037417797,30.29179981481371,-0.8704829788387554,0.06850408855664057
baseline,Morgan+Physical,9,4,363,94,78,19,21.84339985549602,24.497248006059944,-0.2233147217606426,0.07300069256386349
plus_coordination_block,Morgan,0,0,328,129,77,20,15.80106188420732,19.79736735084448,-1.2465833595490716,-0.2692634868251015
plus_coordination_block,Physical,0,0,328,129,77,20,8.57683440245399,10.242144222901471,0.3987024583861347,0.5037417288058593
plus_coordination_block,Morgan+Physical,0,0,328,129,77,20,10.294619357027749,12.360070877719167,0.12431164055667299,0.49715097371792777
plus_coordination_block,Morgan,0,1,321,136,77,20,13.270327840625537,17.482831436499804,-0.31308848270569967,-0.022933490707184263
plus_coordination_block,Physical,0,1,321,136,77,20,5.336647867696425,6.1505484824669585,0.8374832442902106,0.8398785356934156
plus_coordination_block,Morgan+Physical,0,1,321,136,77,20,8.689675732881883,10.72955796413068,0.5054227765327557,0.4879583477217039
plus_coordination_block,Morgan,0,2,385,72,78,19,6.268117459636264,8.857746930671421,0.02993889940388106,0.0495327547692496
plus_coordination_block,Physical,0,2,385,72,78,19,10.297656227938335,13.81152166168327,-1.358498537160573,0.3089084594619959
plus_coordination_block,Morgan+Physical,0,2,385,72,78,19,6.428766763665941,9.455465479550183,-0.10539725118628818,0.29478519638004097
plus_coordination_block,Morgan,0,3,411,46,78,19,9.867929656318998,26.08893468095654,0.08617721016724211,0.5992786766114082
plus_coordination_block,Physical,0,3,411,46,78,19,9.014714189944058,25.229000767595306,0.1454265542184202,0.7003869592794018
plus_coordination_block,Morgan+Physical,0,3,411,46,78,19,8.45433231760108,25.366160821663666,0.13610934326006452,0.8707957525757752
plus_coordination_block,Morgan,0,4,383,74,78,19,16.23708513894571,23.56896636951814,-0.15007120440533428,0.26297376646379506
plus_coordination_block,Physical,0,4,383,74,78,19,11.415814922983325,16.42870547128266,0.4412077890324704,0.9086323672462084
plus_coordination_block,Morgan+Physical,0,4,383,74,78,19,10.285708826329,14.192832086705065,0.5829560880429379,0.8302852973929603
plus_coordination_block,Morgan,1,0,355,102,77,20,7.422386764436608,9.0745583131983,0.20807070838327002,0.8218613040372529
plus_coordination_block,Physical,1,0,355,102,77,20,5.865298984856698,8.821178680765893,0.2516777581565748,0.6677726851234768
plus_coordination_block,Morgan+Physical,1,0,355,102,77,20,4.862535668833115,7.326657164800759,0.483765344972778,0.8398948310025603
plus_coordination_block,Morgan,1,1,379,78,77,20,10.373795394035241,24.03312431702561,0.05557654826417158,0.40165403100884084
plus_coordination_block,Physical,1,1,379,78,77,20,7.282831628878668,22.939821713814776,0.13954854458658716,0.8833990395902208
plus_coordination_block,Morgan+Physical,1,1,379,78,77,20,8.060360761819497,23.09610977338438,0.12778416493962919,0.8835387375407022
plus_coordination_block,Morgan,1,2,365,92,78,19,14.909710118003515,17.71454997500406,-0.09923459961854486,0.8444538729664535
plus_coordination_block,Physical,1,2,365,92,78,19,8.45448093721141,12.21416322949345,0.4774142281673769,0.749498318077111
plus_coordination_block,Morgan+Physical,1,2,365,92,78,19,9.207317615757818,11.042238190904092,0.5728854521194586,0.7011144671404705
plus_coordination_block,Morgan,1,3,346,111,78,19,10.381847117738465,17.313417386600925,0.18810830258250388,0.772040636346388
plus_coordination_block,Physical,1,3,346,111,78,19,9.838919548295852,15.097093123679315,0.3826674591721967,0.8680237136284945
plus_coordination_block,Morgan+Physical,1,3,346,111,78,19,8.555194978538719,14.551449125394392,0.42648472050880193,0.8775445113208187
plus_coordination_block,Morgan,1,4,383,74,78,19,11.551480190586398,15.450778074813183,-0.1837775780761315,0.6054307253727218
plus_coordination_block,Physical,1,4,383,74,78,19,10.779696401132123,13.574205207748703,0.08631136875556333,0.7557034623941074
plus_coordination_block,Morgan+Physical,1,4,383,74,78,19,4.494191110559412,9.492012503208368,0.5532279419735728,0.7705772851265121
plus_coordination_block,Morgan,2,0,383,74,77,20,17.0548245483151,24.08207313108728,-0.18621941806634967,0.03218028789198679
plus_coordination_block,Physical,2,0,383,74,77,20,13.690579635677853,17.225346920515186,0.3931054436202882,0.756058910948802
plus_coordination_block,Morgan+Physical,2,0,383,74,77,20,12.43593102161923,17.633965611059736,0.3639704898715146,0.5992722269551741
plus_coordination_block,Morgan,2,1,341,116,77,20,6.299133330141264,7.992154460880511,0.14118488551702402,0.8904115261760212
plus_coordination_block,Physical,2,1,341,116,77,20,4.768005918622839,7.140428545079395,0.3144794210282178,0.48013609260173995
plus_coordination_block,Morgan+Physical,2,1,341,116,77,20,4.470967179364171,6.425122901014155,0.4449465321824584,0.8359099909898986
plus_coordination_block,Morgan,2,2,380,77,78,19,9.717596913622572,23.713034818400796,-0.012727050664265604,0.6241040273746519
plus_coordination_block,Physical,2,2,380,77,78,19,8.622379822173675,23.70000025670343,-0.011614006693441592,0.7681287317703273
plus_coordination_block,Morgan+Physical,2,2,380,77,78,19,8.082915416568905,23.402202610951743,0.013648742542953007,0.7829556827997942
plus_coordination_block,Morgan,2,3,358,99,78,19,5.3638431406194504,6.41748197316443,0.42302779635107035,0.689508755078189
plus_coordination_block,Physical,2,3,358,99,78,19,5.206203729463828,7.618744975355569,0.1868092137847528,0.8053718435561406
plus_coordination_block,Morgan+Physical,2,3,358,99,78,19,4.273991866071298,5.9270498720981575,0.5078440507646664,0.7431791212276806
plus_coordination_block,Morgan,2,4,366,91,78,19,15.364694404099014,18.23121267895863,-0.30200788879157603,0.6883674255525745
plus_coordination_block,Physical,2,4,366,91,78,19,6.113192218654757,10.424201556332573,0.57433484438449,0.8439194868740876
plus_coordination_block,Morgan+Physical,2,4,366,91,78,19,10.27695302095518,12.258948078202376,0.41130694543069113,0.784781298119807
plus_coordination_block,Morgan,3,0,348,109,77,20,9.850515186288819,18.62346037511424,0.12545782623629465,0.6104419011502987
plus_coordination_block,Physical,3,0,348,109,77,20,7.4491009110127,17.352255068370237,0.24077264899906647,0.7894840520632479
plus_coordination_block,Morgan+Physical,3,0,348,109,77,20,7.997894515627238,17.34787036832107,0.24115629522759385,0.7715240370305666
plus_coordination_block,Morgan,3,1,417,40,77,20,12.151753050231934,23.505476467129622,0.08449442878266733,0.6081145035610794
plus_coordination_block,Physical,3,1,417,40,77,20,14.726543404483795,20.309378312515392,0.31653523114791215,0.773963725831042
plus_coordination_block,Morgan+Physical,3,1,417,40,77,20,10.695760157966614,15.063250687375188,0.6240238631417376,0.769643054546063
plus_coordination_block,Morgan,3,2,295,162,78,19,10.85950156441206,13.008316903320488,0.20059838194627222,0.5823115628924441
plus_coordination_block,Physical,3,2,295,162,78,19,5.314805554340504,7.109521388259939,0.7612169274633456,0.8443798562033425
plus_coordination_block,Morgan+Physical,3,2,295,162,78,19,6.648473426451506,8.213380637053081,0.6813112695837401,0.8164317428012158
plus_coordination_block,Morgan,3,3,366,91,78,19,11.824455937027144,18.861687747531708,0.24200424139319576,0.7630677558307558
plus_coordination_block,Physical,3,3,366,91,78,19,8.709823133288372,13.787687728715287,0.5949687324270807,0.8981461366166981
plus_coordination_block,Morgan+Physical,3,3,366,91,78,19,9.625152288214714,15.803254679522274,0.46789326990560587,0.8942738169797648
plus_coordination_block,Morgan,3,4,402,55,78,19,10.476464447515315,15.382098398837563,-0.809372282324345,0.18214316351441348
plus_coordination_block,Physical,3,4,402,55,78,19,10.205492423117898,15.086457694938701,-0.7404891537697449,0.9357438031782321
plus_coordination_block,Morgan+Physical,3,4,402,55,78,19,7.46774262980513,10.031829254327615,0.23041423481724777,0.7477159323272469
plus_coordination_block,Morgan,4,0,398,59,77,20,10.275598775443386,21.91928107986351,0.055691551084629975,0.24109108692760567
plus_coordination_block,Physical,4,0,398,59,77,20,8.50967969063581,20.899050219690682,0.14155126912120874,0.5119199387606184
plus_coordination_block,Morgan+Physical,4,0,398,59,77,20,7.64298629043062,20.839001601200152,0.14647729237853124,0.3921902710678655
plus_coordination_block,Morgan,4,1,340,117,77,20,7.534073092740051,11.860218700221338,-0.4724501317174197,0.4417181414495794
plus_coordination_block,Physical,4,1,340,117,77,20,3.708255630259065,5.261657050548464,0.7101987355785719,0.9252443472612268
plus_coordination_block,Morgan+Physical,4,1,340,117,77,20,5.086149239770612,7.455647029231552,0.4181301176064619,0.5680055105332942
plus_coordination_block,Morgan,4,2,346,111,78,19,13.628407963259583,20.004464658648356,0.008600713012182903,0.5976345029663745
plus_coordination_block,Physical,4,2,346,111,78,19,14.687118007089424,19.03441296980917,0.10241887798228211,0.8399242128375048
plus_coordination_block,Morgan+Physical,4,2,346,111,78,19,9.048634877811466,13.743775165763543,0.5320420619020603,0.8255504633779863
plus_coordination_block,Morgan,4,3,384,73,78,19,6.7408485747245885,15.66387906156617,0.30634862332241797,0.6533266904597351
plus_coordination_block,Physical,4,3,384,73,78,19,6.7013352095512495,8.555560109742723,0.7930623543958305,0.8000719472717196
plus_coordination_block,Morgan+Physical,4,3,384,73,78,19,5.144219355314071,8.074075603160184,0.8156987701749392,0.8881266493047824
plus_coordination_block,Morgan,4,4,360,97,78,19,13.21303199697278,17.750742231435936,-0.22986644536605394,0.6568263533135187
plus_coordination_block,Physical,4,4,360,97,78,19,7.14610202600538,13.752193303588053,0.2618088156598344,0.7799241347905893
plus_coordination_block,Morgan+Physical,4,4,360,97,78,19,9.641217871675785,12.111470800570498,0.42744304979265246,0.8588105222156882
plus_coordination_block,Morgan,5,0,394,63,77,20,7.254420235648988,16.439888323483142,0.08118742397029144,0.7334547289529771
plus_coordination_block,Physical,5,0,394,63,77,20,6.348372351449635,7.791724907500747,0.7936063046431197,0.5095998906932658
plus_coordination_block,Morgan+Physical,5,0,394,63,77,20,5.697769134279281,9.41950844210537,0.6983622558670713,0.5931784215425187
plus_coordination_block,Morgan,5,1,376,81,77,20,9.172393744631167,11.83284381052476,0.4934684910716626,0.8023833752067941
plus_coordination_block,Physical,5,1,376,81,77,20,13.634316419869883,20.524108903748665,-0.5239012410542068,0.8020076773974992
plus_coordination_block,Morgan+Physical,5,1,376,81,77,20,8.776965355541089,11.831630619671888,0.4935723524765153,0.8307427118283188
plus_coordination_block,Morgan,5,2,346,111,78,19,15.031620462487023,22.43039536883135,0.09189270466542254,0.47149653428813326
plus_coordination_block,Physical,5,2,346,111,78,19,7.918297911343962,16.93485727386291,0.4823617161202496,0.8682082174828061
plus_coordination_block,Morgan+Physical,5,2,346,111,78,19,11.253526311703244,18.980116671496468,0.3497788937960644,0.7857232151125557
plus_coordination_block,Morgan,5,3,329,128,78,19,6.0287598174572,8.74038531179953,0.3287868187874422,0.8442322922595502
plus_coordination_block,Physical,5,3,329,128,78,19,4.939041938360035,5.965452880330406,0.6873300394707538,0.8819047487748688
plus_coordination_block,Morgan+Physical,5,3,329,128,78,19,4.593972640115023,5.241367111464934,0.7586271168638059,0.891792523637197
plus_coordination_block,Morgan,5,4,383,74,78,19,12.516003713968637,20.629905716388055,0.0882375642346862,0.6334981469037098
plus_coordination_block,Physical,5,4,383,74,78,19,7.862953990833179,13.845392005874233,0.5893255141069348,0.8195190549708847
plus_coordination_block,Morgan+Physical,5,4,383,74,78,19,10.103381436940785,16.84442535984046,0.3921455383079535,0.7844567977802455
plus_coordination_block,Morgan,6,0,414,43,77,20,11.0422242153079,20.548884462955137,0.08691594692311233,0.5194802158142786
plus_coordination_block,Physical,6,0,414,43,77,20,8.676742717787278,11.736327410913303,0.702149255122769,0.7481008462764285
plus_coordination_block,Morgan+Physical,6,0,414,43,77,20,9.5725505985881,14.820612764341854,0.5250295648598423,0.7214926082419728
plus_coordination_block,Morgan,6,1,397,60,77,20,13.966465471013388,23.608422842093464,0.09766006923418924,0.8408078806650149
plus_coordination_block,Physical,6,1,397,60,77,20,8.401505182647703,15.259588814273178,0.6230168935830924,0.8159232192335227
plus_coordination_block,Morgan+Physical,6,1,397,60,77,20,10.57236172396342,18.93013249452387,0.4198456758266639,0.8802896883533622
plus_coordination_block,Morgan,6,2,331,126,78,19,15.740486170438736,19.218832892251406,-2.49578905194409,-0.5192273686056881
plus_coordination_block,Physical,6,2,331,126,78,19,6.368852585553365,7.968174874255252,0.399090720935771,0.9199432338823536
plus_coordination_block,Morgan+Physical,6,2,331,126,78,19,10.462165798780653,12.6413287510359,-0.5124347534293279,0.5288524668811826
plus_coordination_block,Morgan,6,3,333,124,78,19,6.7340923874270535,9.077997580810711,0.422967006833706,0.8493674724113045
plus_coordination_block,Physical,6,3,333,124,78,19,8.223438300212736,11.582997791736581,0.060574234414914274,0.8252171993241124
plus_coordination_block,Morgan+Physical,6,3,333,124,78,19,4.730410937942997,5.785098455159767,0.7656623721742165,0.8162148182519646
plus_coordination_block,Morgan,6,4,353,104,78,19,15.48650596010208,23.2741685374006,-0.2627484084872047,0.2879003521272135
plus_coordination_block,Physical,6,4,353,104,78,19,6.85238511669159,16.253224198273404,0.38418887246467237,0.8949701057593332
plus_coordination_block,Morgan+Physical,6,4,353,104,78,19,10.377634231094948,18.6934813462406,0.1853916490648574,0.8480843512134593
plus_coordination_block,Morgan,7,0,343,114,77,20,5.619109242302075,8.464374171458367,0.5847239869889165,0.9099401094819854
plus_coordination_block,Physical,7,0,343,114,77,20,10.02436152114868,18.040282643388892,-0.8864001171310862,0.874380801883282
plus_coordination_block,Morgan+Physical,7,0,343,114,77,20,5.775267768204003,9.295067414675392,0.4992139442055409,0.9272956444864201
plus_coordination_block,Morgan,7,1,380,77,77,20,18.662115705613967,24.250664021400894,-0.3619639650613853,0.5207328803931845
plus_coordination_block,Physical,7,1,380,77,77,20,7.47413732994377,8.400479496237601,0.8365719872270596,0.765372303129919
plus_coordination_block,Morgan+Physical,7,1,380,77,77,20,12.807452251087536,15.270632453251393,0.4599519575412909,0.673027900083548
plus_coordination_block,Morgan,7,2,377,80,78,19,8.500720731601714,10.204867163487597,0.1664298053639257,0.7306705192333308
plus_coordination_block,Physical,7,2,377,80,78,19,7.141399034605025,10.681697011919423,0.08671152829450668,0.7219767752558853
plus_coordination_block,Morgan+Physical,7,2,377,80,78,19,7.3377704523658736,9.682904272003283,0.2495206577328155,0.7476448698267791
plus_coordination_block,Morgan,7,3,379,78,78,19,7.380298582376334,19.28050336423922,0.12029909270614592,0.36258667435947456
plus_coordination_block,Physical,7,3,379,78,78,19,8.378187191925049,18.674190350780133,0.17475696694688259,0.47182824372292315
plus_coordination_block,Morgan+Physical,7,3,379,78,78,19,7.6186243660129636,18.35921189841296,0.2023610141273141,0.453500851638038
plus_coordination_block,Morgan,7,4,349,108,78,19,13.510199314258715,20.434073694614103,-0.4081088632485337,0.7830831304933195
plus_coordination_block,Physical,7,4,349,108,78,19,10.802032189687091,15.37589004704888,0.20272737792313245,0.8408937536664477
plus_coordination_block,Morgan+Physical,7,4,349,108,78,19,6.9451646731694545,14.014234881193325,0.3376842151025624,0.8296085806397007
plus_coordination_block,Morgan,8,0,321,136,77,20,8.401872533820656,16.22021713993842,0.241940556590863,0.663524753428235
plus_coordination_block,Physical,8,0,321,136,77,20,6.257438719979454,14.967208133318811,0.3545367347976899,0.7505658132296698
plus_coordination_block,Morgan+Physical,8,0,321,136,77,20,5.016621172568377,14.511209663481875,0.3932676259572736,0.9256684581515918
plus_coordination_block,Morgan,8,1,375,82,77,20,10.659687834070718,12.767035486422492,0.304071524234966,0.5221556873692655
plus_coordination_block,Physical,8,1,375,82,77,20,9.324754911417147,15.376159601385362,-0.009439355094571056,0.9122749619366926
plus_coordination_block,Morgan+Physical,8,1,375,82,77,20,7.243335568549924,9.130005652939635,0.6441011628610336,0.9200604850058421
plus_coordination_block,Morgan,8,2,377,80,78,19,4.967265239295959,5.7639260575267945,0.667375773836971,0.8376032487957459
plus_coordination_block,Physical,8,2,377,80,78,19,4.059074049768448,5.318071041568338,0.7168442764365884,0.8647295540388928
plus_coordination_block,Morgan+Physical,8,2,377,80,78,19,4.445682656345367,5.072670240835091,0.7423736161554076,0.9005353098901412
plus_coordination_block,Morgan,8,3,406,51,78,19,17.606692211824303,29.3595783018521,-0.12721636982644902,0.41105938332601916
plus_coordination_block,Physical,8,3,406,51,78,19,10.417395428825827,15.73443127048027,0.6762500129413944,0.6358567486441595
plus_coordination_block,Morgan+Physical,8,3,406,51,78,19,12.734261665493834,20.601784903520116,0.4449688504595142,0.8104092336182398
plus_coordination_block,Morgan,8,4,349,108,78,19,13.178153026439523,17.44241166153482,-0.2296731940218506,0.41322385157165115
plus_coordination_block,Physical,8,4,349,108,78,19,4.19162222343021,7.282880356851136,0.7856206289694938,0.8927591213384312
plus_coordination_block,Morgan+Physical,8,4,349,108,78,19,7.98228129061946,10.470320679703606,0.5569052462267583,0.8717117550200398
plus_coordination_block,Morgan,9,0,389,68,77,20,9.872007392883301,17.598002881008338,0.1776076775296016,0.7566212274031847
plus_coordination_block,Physical,9,0,389,68,77,20,8.833163861471064,11.638218250332823,0.6403125600781449,0.8921721028992472
plus_coordination_block,Morgan+Physical,9,0,389,68,77,20,5.11064081915687,8.012782545416417,0.8295021165820262,0.9198065779338209
plus_coordination_block,Morgan,9,1,351,106,77,20,13.192489055417619,17.479404123300643,-0.4505420380820542,0.751295310237066
plus_coordination_block,Physical,9,1,351,106,77,20,2.9731850592955107,4.4474286953385604,0.9060936283552652,0.9440853251895533
plus_coordination_block,Morgan+Physical,9,1,351,106,77,20,7.474298201147116,9.425617897330456,0.57820955919974,0.879103035363639
plus_coordination_block,Morgan,9,2,359,98,78,19,6.476206584323181,17.416933767468908,0.10253416671490678,0.6649451981336082
plus_coordination_block,Physical,9,2,359,98,78,19,6.769475076815548,17.036009717157725,0.1413616506295916,0.798375531167779
plus_coordination_block,Morgan+Physical,9,2,359,98,78,19,5.274034674881916,16.75771824483493,0.1691850715165234,0.7331900527558135
plus_coordination_block,Morgan,9,3,366,91,78,19,13.56390558754722,24.391372783054692,-2.5749084907470885,0.29690745033829374
plus_coordination_block,Physical,9,3,366,91,78,19,7.373082924376269,9.763986695223124,0.4271422409056802,0.8091786503362394
plus_coordination_block,Morgan+Physical,9,3,366,91,78,19,7.5051250597825945,14.024793267232216,-0.18191264303646038,0.357923168351128
plus_coordination_block,Morgan,9,4,363,94,78,19,16.74775615171067,20.779215943209792,0.11983941321159719,0.5144819550393203
plus_coordination_block,Physical,9,4,363,94,78,19,18.51369524089732,20.459853383631355,0.14668645633140975,0.48482364054300187
plus_coordination_block,Morgan+Physical,9,4,363,94,78,19,17.22225872289779,20.022866714551707,0.18274776460061415,0.5056374731623
placebo_shuffled_target,Morgan,0,0,328,129,77,20,12.803205352381035,18.357910739430068,-0.027381780897312913,0.09479881730694831
placebo_shuffled_target,Physical,0,0,328,129,77,20,12.587904848746366,18.37023243805545,-0.028761386365727892,0.11346354278818244
placebo_shuffled_target,Morgan+Physical,0,0,328,129,77,20,12.572905755520607,18.185088332311825,-0.008129171987857786,0.105795515442693
placebo_shuffled_target,Morgan,0,1,321,136,77,20,14.074604691943,21.109949087313694,-0.02638488235869052,0.061636947656372176
placebo_shuffled_target,Physical,0,1,321,136,77,20,14.408522803912444,20.3633471079106,0.04493219963678685,0.10058169173516059
placebo_shuffled_target,Morgan+Physical,0,1,321,136,77,20,14.150252923449347,20.639301046544748,0.018871601550474182,0.10035453437646524
placebo_shuffled_target,Morgan,0,2,385,72,78,19,11.943237664582993,17.879929334022354,-0.07985686911883794,0.07997278996176138
placebo_shuffled_target,Physical,0,2,385,72,78,19,12.20002666223314,18.065310606496855,-0.10236512506724615,0.10213400237763696
placebo_shuffled_target,Morgan+Physical,0,2,385,72,78,19,11.972893237686158,17.848745503280956,-0.0760934639902584,0.0635287160376987
placebo_shuffled_target,Morgan,0,3,411,46,78,19,16.935689497275973,20.215800751273235,-0.5900428099020572,-0.1317297251162135
placebo_shuffled_target,Physical,0,3,411,46,78,19,14.102486101930038,16.82912015119612,-0.10191918006943834,0.037479278398084424
placebo_shuffled_target,Morgan+Physical,0,3,411,46,78,19,14.842601498180885,17.422623714026845,-0.1810112494084566,-0.18516990020439728
placebo_shuffled_target,Morgan,0,4,383,74,78,19,14.083821229363519,16.94914220348366,-0.14801235181743544,0.154362948509115
placebo_shuffled_target,Physical,0,4,383,74,78,19,14.185666686079697,16.571791542022513,-0.09746337873689792,-0.00847213072304183
placebo_shuffled_target,Morgan+Physical,0,4,383,74,78,19,14.075145872679016,16.31671063982691,-0.06393804163399786,0.03281375565258633
placebo_shuffled_target,Morgan,1,0,355,102,77,20,12.82730971295226,16.843254060813667,-0.038689385601958115,0.12816139558952414
placebo_shuffled_target,Physical,1,0,355,102,77,20,12.672310355466955,16.706183110224107,-0.021852399323924132,0.05608124439775509
placebo_shuffled_target,Morgan+Physical,1,0,355,102,77,20,12.710599609973386,16.712336550839193,-0.022605302130931593,0.019208550146563273
placebo_shuffled_target,Morgan,1,1,379,78,77,20,14.970333600479517,24.363060235129133,-0.06730433648820133,0.07744156330177866
placebo_shuffled_target,Physical,1,1,379,78,77,20,15.847140220563839,24.17491158199663,-0.050883044061254434,-0.09034044272751336
placebo_shuffled_target,Morgan+Physical,1,1,379,78,77,20,15.262451296410196,24.13089342465597,-0.04705959086337708,-0.029529984648926016
placebo_shuffled_target,Morgan,1,2,365,92,78,19,14.065768244220902,19.110374524061967,-0.06048435887778325,0.024586939575603338
placebo_shuffled_target,Physical,1,2,365,92,78,19,14.041671500678687,18.771225847320057,-0.023177875266983117,0.043168776864895494
placebo_shuffled_target,Morgan+Physical,1,2,365,92,78,19,13.989196989490676,18.71112324685801,-0.016636245893033808,0.06727953304181149
placebo_shuffled_target,Morgan,1,3,346,111,78,19,12.409657480353278,16.182494655115022,-0.07257511968367103,0.12096484175008426
placebo_shuffled_target,Physical,1,3,346,111,78,19,13.859978827357939,18.173271706367142,-0.35270474500392757,-0.20213840041759595
placebo_shuffled_target,Morgan+Physical,1,3,346,111,78,19,13.070530791713958,16.907666917313094,-0.17085776693836752,-0.13404939830138643
placebo_shuffled_target,Morgan,1,4,383,74,78,19,13.762725192586538,17.817465526664265,-0.12345939005489548,0.10391654969730564
placebo_shuffled_target,Physical,1,4,383,74,78,19,12.707235461751576,16.12064525385389,0.08033350146342966,0.1587292263542069
placebo_shuffled_target,Morgan+Physical,1,4,383,74,78,19,13.103577182538832,16.505460324190583,0.0359028344504565,0.1518369971731895
placebo_shuffled_target,Morgan,2,0,383,74,77,20,12.659998581674937,16.143707125916563,-0.03805772943552754,-0.009573647720938477
placebo_shuffled_target,Physical,2,0,383,74,77,20,14.064290348589099,18.62834089814901,-0.38217591246362526,-0.10686179042915164
placebo_shuffled_target,Morgan+Physical,2,0,383,74,77,20,13.243399296652303,17.062714522884857,-0.15960803402981538,-0.0666311205408568
placebo_shuffled_target,Morgan,2,1,341,116,77,20,14.380238927788568,19.412888684428168,-0.1245197719324398,-0.0768934944174677
placebo_shuffled_target,Physical,2,1,341,116,77,20,14.357853059255664,19.575194965027645,-0.14340203231219606,-0.003157597598588203
placebo_shuffled_target,Morgan+Physical,2,1,341,116,77,20,14.202049232824914,19.31813162789599,-0.11356868398012954,-0.060067607553118685
placebo_shuffled_target,Morgan,2,2,380,77,78,19,11.935337248146752,14.476147270355662,0.018201959714478688,0.19704643806324973
placebo_shuffled_target,Physical,2,2,380,77,78,19,12.552273541414335,15.064501203283873,-0.06322624524646403,-0.0015503474174081782
placebo_shuffled_target,Morgan+Physical,2,2,380,77,78,19,12.121060643556273,14.61017429289539,-6.210117599980691e-05,0.10247466567915418
placebo_shuffled_target,Morgan,2,3,358,99,78,19,15.322399598031092,22.799532006805965,-0.1639394976241193,-0.17906194799690697
placebo_shuffled_target,Physical,2,3,358,99,78,19,14.674371775247593,21.476816374842592,-0.03280504043314414,0.0882549591163291
placebo_shuffled_target,Morgan+Physical,2,3,358,99,78,19,14.781101444529524,21.9122259147197,-0.07510661618148085,-0.08460734344588365
placebo_shuffled_target,Morgan,2,4,366,91,78,19,14.229307030579285,20.07026954069761,-0.09256169815469328,0.22800184816435423
placebo_shuffled_target,Physical,2,4,366,91,78,19,13.52870711996896,18.95114349878077,0.02588461719437085,0.13480744186164115
placebo_shuffled_target,Morgan+Physical,2,4,366,91,78,19,13.81563012395167,19.117942022142998,0.008661799385458524,0.20225111284042926
placebo_shuffled_target,Morgan,3,0,348,109,77,20,12.266126903036977,17.53774374171117,-0.04756572175837226,0.05336398679690313
placebo_shuffled_target,Physical,3,0,348,109,77,20,12.182093753947688,17.1960608989161,-0.0071445063298050115,0.23869960695711862
placebo_shuffled_target,Morgan+Physical,3,0,348,109,77,20,12.175433615756255,17.313166433091816,-0.02090856433234345,0.18813207343929808
placebo_shuffled_target,Morgan,3,1,417,40,77,20,14.216077269775392,17.7970693400792,-0.7304720527525184,0.07924528442619688
placebo_shuffled_target,Physical,3,1,417,40,77,20,12.628874798042295,15.71588531030325,-0.34941429446941696,0.016982548320510417
placebo_shuffled_target,Morgan+Physical,3,1,417,40,77,20,13.07948148272705,16.047150998106158,-0.40690082124162563,-0.00863201351097767
placebo_shuffled_target,Morgan,3,2,295,162,78,19,14.231738500053499,21.707909236148076,-0.028043687496293934,0.033353846340534773
placebo_shuffled_target,Physical,3,2,295,162,78,19,15.212147893834995,21.754381132298015,-0.032450033315806426,-0.08670974834379867
placebo_shuffled_target,Morgan+Physical,3,2,295,162,78,19,14.63716789627075,21.49245815396526,-0.007738280600732006,-0.0463106635402426
placebo_shuffled_target,Morgan,3,3,366,91,78,19,14.419340021657417,18.178890793487373,-0.07398214884434018,-0.05785822045434218
placebo_shuffled_target,Physical,3,3,366,91,78,19,14.373198629861347,17.86027069273841,-0.03666485435129285,-0.014910331487904617
placebo_shuffled_target,Morgan+Physical,3,3,366,91,78,19,14.369631305652659,17.694803356954797,-0.01754537053145433,-0.02318676147958643
placebo_shuffled_target,Morgan,3,4,402,55,78,19,12.320318538735128,14.499004614061974,-0.126808737055359,0.01946272955416971
placebo_shuffled_target,Physical,3,4,402,55,78,19,13.077972806479714,14.927830606445609,-0.19444794110058572,0.09134383322977942
placebo_shuffled_target,Morgan+Physical,3,4,402,55,78,19,12.67403417108709,14.4343575639867,-0.11678288145433924,0.023089289065213656
placebo_shuffled_target,Morgan,4,0,398,59,77,20,12.821724961077159,16.826906667198696,-0.05686988240291391,0.26918722219889774
placebo_shuffled_target,Physical,4,0,398,59,77,20,14.113117505193161,18.546184952588,-0.28387317016729696,-0.14817012215636274
placebo_shuffled_target,Morgan+Physical,4,0,398,59,77,20,12.889055506276277,17.126752462502044,-0.09487109874936861,0.06893476271445755
placebo_shuffled_target,Morgan,4,1,340,117,77,20,14.29668048892551,22.049425044956457,-0.04656547577455372,-0.17529776469632624
placebo_shuffled_target,Physical,4,1,340,117,77,20,14.710925886053102,22.031791875412214,-0.044892245076231685,-0.10885723130764106
placebo_shuffled_target,Morgan+Physical,4,1,340,117,77,20,14.478174623355702,21.977980763318197,-0.03979432575929076,-0.17901125257269837
placebo_shuffled_target,Morgan,4,2,346,111,78,19,13.006109141114383,16.117083866759327,-0.13216274187569876,-0.09522867784998182
placebo_shuffled_target,Physical,4,2,346,111,78,19,13.991302176480682,17.16652371502296,-0.28440102263941625,-0.16292275632119949
placebo_shuffled_target,Morgan+Physical,4,2,346,111,78,19,13.454045940447285,16.411946726256296,-0.17396763532687687,-0.17912628162492053
placebo_shuffled_target,Morgan,4,3,384,73,78,19,13.444081091538521,19.484197779930287,-0.12989661063897096,-0.07613603363396182
placebo_shuffled_target,Physical,4,3,384,73,78,19,13.588179118911535,19.3584642696412,-0.11536098685062979,-0.0023544146658747702
placebo_shuffled_target,Morgan+Physical,4,3,384,73,78,19,13.202091877934706,19.158160981896703,-0.09239897413586862,-0.033819373578028986
placebo_shuffled_target,Morgan,4,4,360,97,78,19,14.547643958004038,19.328312598969354,-0.10117297392365643,0.08401138269446055
placebo_shuffled_target,Physical,4,4,360,97,78,19,13.611085662901573,18.44318396482635,-0.0026271453790445154,0.09992925284342677
placebo_shuffled_target,Morgan+Physical,4,4,360,97,78,19,13.958354726949475,18.62528609121184,-0.022524133505560817,0.0502861491142598
placebo_shuffled_target,Morgan,5,0,394,63,77,20,12.56885984591045,14.811352332777075,0.01729607803995259,0.21766050106967003
placebo_shuffled_target,Physical,5,0,394,63,77,20,12.94973155630929,15.825614771938262,-0.1219007619509469,0.03387152757031323
placebo_shuffled_target,Morgan+Physical,5,0,394,63,77,20,12.67952641036745,15.097753586640762,-0.021075672191820605,0.15346907481218683
placebo_shuffled_target,Morgan,5,1,376,81,77,20,12.866503251516086,15.05344078848683,-0.261859844755463,-0.06310276764766048
placebo_shuffled_target,Physical,5,1,376,81,77,20,13.148334071199393,15.55143658908807,-0.3467301740776383,-0.24138426486308714
placebo_shuffled_target,Morgan+Physical,5,1,376,81,77,20,12.902037103798946,15.08691107080485,-0.2674773987652117,-0.19612259620928016
placebo_shuffled_target,Morgan,5,2,346,111,78,19,13.409652857283858,18.956008957482947,-0.12118961932116368,-0.08884577948329338
placebo_shuffled_target,Physical,5,2,346,111,78,19,14.203327562033163,19.190472520095398,-0.14909674468957657,-0.09246958052249936
placebo_shuffled_target,Morgan+Physical,5,2,346,111,78,19,13.699041022800754,18.870369930983657,-0.11108193318351933,-0.11276252938211549
placebo_shuffled_target,Morgan,5,3,329,128,78,19,14.556335763978957,23.05252332913296,-0.037322247158917854,-0.04238440310059376
placebo_shuffled_target,Physical,5,3,329,128,78,19,14.231551649022101,22.367595975732673,0.02340303383089537,0.0193027238353564
placebo_shuffled_target,Morgan+Physical,5,3,329,128,78,19,14.351241752552987,22.614130982465195,0.0017563450892665866,-0.0061175757720708
placebo_shuffled_target,Morgan,5,4,383,74,78,19,15.07012331318211,19.77235774103839,-0.3096906195654119,-0.1782579530283045
placebo_shuffled_target,Physical,5,4,383,74,78,19,13.921270025614145,17.897944604472627,-0.07314428483357172,-0.016412289097958884
placebo_shuffled_target,Morgan+Physical,5,4,383,74,78,19,14.443319274799245,18.315552251236205,-0.12380726157906796,-0.12046056813090872
placebo_shuffled_target,Morgan,6,0,414,43,77,20,13.39374419626635,15.614479639754204,-0.13575519198039587,-0.19401767595006533
placebo_shuffled_target,Physical,6,0,414,43,77,20,13.721210271187715,16.267817690612,-0.2327877006061312,-0.18124096216259938
placebo_shuffled_target,Morgan+Physical,6,0,414,43,77,20,13.33429387817383,15.757772284170116,-0.1566962823358986,-0.13753746774041228
placebo_shuffled_target,Morgan,6,1,397,60,77,20,15.005006424153645,19.004582522058886,-0.07479750291282516,0.09455435544230816
placebo_shuffled_target,Physical,6,1,397,60,77,20,15.9172559513855,19.173086908228466,-0.0939414111723611,-0.021027756379697886
placebo_shuffled_target,Morgan+Physical,6,1,397,60,77,20,15.381333232447306,18.832382478270404,-0.05540831891585962,-0.011960231803267317
placebo_shuffled_target,Morgan,6,2,331,126,78,19,12.061833367653497,14.629290862081564,-0.055964100004641804,0.25459322610355756
placebo_shuffled_target,Physical,6,2,331,126,78,19,13.098581587098138,15.745674036628323,-0.223277864712486,-0.07806085833894261
placebo_shuffled_target,Morgan+Physical,6,2,331,126,78,19,12.48954220961313,14.796519913465724,-0.08024376936589417,0.020368412724109934
placebo_shuffled_target,Morgan,6,3,333,124,78,19,13.353125775626395,21.958083558338334,-0.03569237189124497,-0.0026438922943129205
placebo_shuffled_target,Physical,6,3,333,124,78,19,14.189512722273795,21.48629568981588,0.008334950757728943,-0.0059122589137318516
placebo_shuffled_target,Morgan+Physical,6,3,333,124,78,19,13.579656267855242,21.570507047270862,0.0005464412175792965,-0.00020996807357178543
placebo_shuffled_target,Morgan,6,4,353,104,78,19,13.61488427575625,19.65096939618595,-0.023043912218705165,0.176798015245421
placebo_shuffled_target,Physical,6,4,353,104,78,19,15.354427892344548,20.353892676209245,-0.09754232518204686,-0.06743664286546722
placebo_shuffled_target,Morgan+Physical,6,4,353,104,78,19,14.331299937788156,19.754497085495935,-0.03385176227193831,0.03539728637562583
placebo_shuffled_target,Morgan,7,0,343,114,77,20,13.017717927738659,16.393998541689474,-0.08337328116183018,-0.06415944615909575
placebo_shuffled_target,Physical,7,0,343,114,77,20,12.70424130815205,15.952703968832237,-0.0258336680918414,-0.02578814095273378
placebo_shuffled_target,Morgan+Physical,7,0,343,114,77,20,12.809218361744128,16.01398599825796,-0.03373024999708174,-0.015071623124988692
placebo_shuffled_target,Morgan,7,1,380,77,77,20,15.965221018605414,21.958479753428477,-0.07801827774228398,0.000525134530528013
placebo_shuffled_target,Physical,7,1,380,77,77,20,15.3030463577865,20.84660578681089,0.028389290091574537,0.21426844336748888
placebo_shuffled_target,Morgan+Physical,7,1,380,77,77,20,15.479261462719407,21.166707958647724,-0.001678197721167063,0.1611565770936779
placebo_shuffled_target,Morgan,7,2,377,80,78,19,12.575155459804535,14.81176934156126,-0.11339421875348688,-0.030103877662087646
placebo_shuffled_target,Physical,7,2,377,80,78,19,13.274881542987824,15.655207478804412,-0.24380625553738633,-0.07434557748660625
placebo_shuffled_target,Morgan+Physical,7,2,377,80,78,19,12.765725881404876,15.02776453031448,-0.1461035144875491,-0.06785983772479946
placebo_shuffled_target,Morgan,7,3,379,78,78,19,11.856662398779454,17.202764823842614,-0.113497464904184,-0.01764298748653075
placebo_shuffled_target,Physical,7,3,379,78,78,19,12.521458391215008,17.358953489283234,-0.13380875778371482,-0.025932549370934456
placebo_shuffled_target,Morgan+Physical,7,3,379,78,78,19,12.095252346797846,17.14380357335613,-0.10587767904089462,-0.03125302813486049
placebo_shuffled_target,Morgan,7,4,349,108,78,19,13.83091486118458,22.17153964455941,-0.011339935948937896,0.2141432024952392
placebo_shuffled_target,Physical,7,4,349,108,78,19,14.59448261049059,22.313727843867916,-0.02435316914722896,-0.08718086170662914
placebo_shuffled_target,Morgan+Physical,7,4,349,108,78,19,14.199686520187944,22.091599971646406,-0.004060293742822685,-0.04861214975795248
placebo_shuffled_target,Morgan,8,0,321,136,77,20,12.33930597784379,17.162159951981884,-0.03275214336214671,0.05286990853854511
placebo_shuffled_target,Physical,8,0,321,136,77,20,12.719563814914927,17.835016513605403,-0.11531937312506657,-0.05164981424421436
placebo_shuffled_target,Morgan+Physical,8,0,321,136,77,20,12.464094447551055,17.412571482998178,-0.06310959789486681,-0.019370324326269516
placebo_shuffled_target,Morgan,8,1,375,82,77,20,11.913190724554296,15.098185154633283,-0.049603611628251,0.03131014875122778
placebo_shuffled_target,Physical,8,1,375,82,77,20,11.608039347969614,15.620976660909013,-0.1235494448811314,0.07344485541827184
placebo_shuffled_target,Morgan+Physical,8,1,375,82,77,20,11.396695137042535,15.092604679523282,-0.048827862184537274,0.08993425536601561
placebo_shuffled_target,Morgan,8,2,377,80,78,19,15.104793043838502,23.3906226487255,-0.03105403415177954,-0.12235562624685954
placebo_shuffled_target,Physical,8,2,377,80,78,19,15.415277935253144,22.814474650813796,0.019113390448405654,-0.03542765204119693
placebo_shuffled_target,Morgan+Physical,8,2,377,80,78,19,15.215550531135559,23.014660548455463,0.0018242659228548952,-0.03244105276523807
placebo_shuffled_target,Morgan,8,3,406,51,78,19,15.41159630961699,20.280614923535126,-0.19279625316962234,-0.0871302339265349
placebo_shuffled_target,Physical,8,3,406,51,78,19,16.72580588699042,20.71270473569116,-0.24416407422058128,-0.18591965881199954
placebo_shuffled_target,Morgan+Physical,8,3,406,51,78,19,15.85180180496515,19.71796792769104,-0.12753060774815173,-0.12149407145306243
placebo_shuffled_target,Morgan,8,4,349,108,78,19,13.746006147624827,18.501635999959774,-0.015461304498926243,0.11574338650884913
placebo_shuffled_target,Physical,8,4,349,108,78,19,14.367620779207016,18.717837562681257,-0.03933239002048028,0.1460542746513885
placebo_shuffled_target,Morgan+Physical,8,4,349,108,78,19,13.989757818674159,18.414141027302495,-0.005879700279893818,0.12258591222721991
placebo_shuffled_target,Morgan,9,0,389,68,77,20,13.352984682105571,15.271804083763428,-0.08287456817879191,0.11227642136663739
placebo_shuffled_target,Physical,9,0,389,68,77,20,15.094678055392993,17.25642106728419,-0.38260755200588004,0.07084038853739738
placebo_shuffled_target,Morgan+Physical,9,0,389,68,77,20,14.07786712547751,15.823709057547573,-0.16255643532022312,0.15094245942274193
placebo_shuffled_target,Morgan,9,1,351,106,77,20,14.58078210571577,20.33478230476243,-0.09929706935699789,-0.07794907187171586
placebo_shuffled_target,Physical,9,1,351,106,77,20,14.61667820473437,20.152036624032608,-0.07962741213026314,-0.020698670851529162
placebo_shuffled_target,Morgan+Physical,9,1,351,106,77,20,14.446549628563647,19.99953373002256,-0.06334882770936834,-0.06639139102719485
placebo_shuffled_target,Morgan,9,2,359,98,78,19,14.20013954101874,23.709990739463713,-0.007601885025653843,0.10402928638327245
placebo_shuffled_target,Physical,9,2,359,98,78,19,14.55679446101286,23.142542215219823,0.040050621367617056,0.1380884090688479
placebo_shuffled_target,Morgan+Physical,9,2,359,98,78,19,14.299385313477806,23.32931331660545,0.02449361978877207,0.13680642968743537
placebo_shuffled_target,Morgan,9,3,366,91,78,19,11.835763250376942,15.32663557614198,-0.0805186162513487,0.057482186970368644
placebo_shuffled_target,Physical,9,3,366,91,78,19,12.06058839094225,15.343393878002946,-0.0828828085226827,0.1091582302764295
placebo_shuffled_target,Morgan+Physical,9,3,366,91,78,19,11.853412271735223,15.17973103427603,-0.05990452000122404,0.12372436068309131
placebo_shuffled_target,Morgan,9,4,363,94,78,19,13.550795696875387,16.346850783847035,-0.041521024457806366,0.18387237054676617
placebo_shuffled_target,Physical,9,4,363,94,78,19,14.668083713255541,18.013713594208433,-0.2647548440098908,-0.13602621505801837
placebo_shuffled_target,Morgan+Physical,9,4,363,94,78,19,13.938929931202342,16.954342445981258,-0.12037070919732118,-0.06689265197065795
baseline_features_shuffled_target,Morgan,0,0,328,129,77,20,12.803205352381035,18.357910739430068,-0.027381780897312913,0.09479881730694831
baseline_features_shuffled_target,Physical,0,0,328,129,77,20,13.92121694101733,18.724559551213062,-0.06882984886682286,0.03533250119323364
baseline_features_shuffled_target,Morgan+Physical,0,0,328,129,77,20,13.013957277709014,18.089194928083913,0.0024749063771922764,0.0736913408184359
baseline_features_shuffled_target,Morgan,0,1,321,136,77,20,14.074604691943,21.109949087313694,-0.02638488235869052,0.061636947656372176
baseline_features_shuffled_target,Physical,0,1,321,136,77,20,14.086077016089943,20.36916213544509,0.044386656853438344,0.05830412058681996
baseline_features_shuffled_target,Morgan+Physical,0,1,321,136,77,20,14.058837973134658,20.67099002558022,0.015856496993153057,0.053249271573325686
baseline_features_shuffled_target,Morgan,0,2,385,72,78,19,11.943237664582993,17.879929334022354,-0.07985686911883794,0.07997278996176138
baseline_features_shuffled_target,Physical,0,2,385,72,78,19,11.61662582783169,17.359094241426952,-0.01786157800941046,0.1238037206266036
baseline_features_shuffled_target,Morgan+Physical,0,2,385,72,78,19,11.673875423685708,17.520139700000737,-0.036835190192739065,0.10379339521652181
baseline_features_shuffled_target,Morgan,0,3,411,46,78,19,16.935689497275973,20.215800751273235,-0.5900428099020572,-0.1317297251162135
baseline_features_shuffled_target,Physical,0,3,411,46,78,19,15.350731362749185,18.291046817640474,-0.3016794334787305,-0.09351265501304232
baseline_features_shuffled_target,Morgan+Physical,0,3,411,46,78,19,15.460747367062778,18.17281123245109,-0.2849053908375745,-0.2519646537851418
baseline_features_shuffled_target,Morgan,0,4,383,74,78,19,14.083821229363519,16.94914220348366,-0.14801235181743544,0.154362948509115
baseline_features_shuffled_target,Physical,0,4,383,74,78,19,13.601919894549393,15.764747794680446,0.0068263963380735815,0.032917526282614844
baseline_features_shuffled_target,Morgan+Physical,0,4,383,74,78,19,13.730213576338482,16.049865946952234,-0.029423155084713493,0.0823716436790585
baseline_features_shuffled_target,Morgan,1,0,355,102,77,20,12.82730971295226,16.843254060813667,-0.038689385601958115,0.12816139558952414
baseline_features_shuffled_target,Physical,1,0,355,102,77,20,12.233486014497046,16.734510669134668,-0.025320711055361933,0.0796983913326326
baseline_features_shuffled_target,Morgan+Physical,1,0,355,102,77,20,12.456601928785737,16.68191061970341,-0.018885248253359688,0.08371822898052773
baseline_features_shuffled_target,Morgan,1,1,379,78,77,20,14.970333600479517,24.363060235129133,-0.06730433648820133,0.07744156330177866
baseline_features_shuffled_target,Physical,1,1,379,78,77,20,16.26985399776361,24.098101108821346,-0.044215752607164704,-0.12626446143055992
baseline_features_shuffled_target,Morgan+Physical,1,1,379,78,77,20,15.386314149827227,24.004150293716464,-0.036089495625162726,-0.08809856176135071
baseline_features_shuffled_target,Morgan,1,2,365,92,78,19,14.065768244220902,19.110374524061967,-0.06048435887778325,0.024586939575603338
baseline_features_shuffled_target,Physical,1,2,365,92,78,19,13.967339004284407,18.68639211409402,-0.013950576011768412,0.08416325254695615
baseline_features_shuffled_target,Morgan+Physical,1,2,365,92,78,19,13.879640566220493,18.595403184412483,-0.0041002354795081075,0.08342816851717212
baseline_features_shuffled_target,Morgan,1,3,346,111,78,19,12.409657480353278,16.182494655115022,-0.07257511968367103,0.12096484175008426
baseline_features_shuffled_target,Physical,1,3,346,111,78,19,13.518596248413639,17.691914833926887,-0.28199536248267476,-0.2501477733838068
baseline_features_shuffled_target,Morgan+Physical,1,3,346,111,78,19,12.838128998517561,16.709444557488244,-0.14356485899528426,-0.16530204727931072
baseline_features_shuffled_target,Morgan,1,4,383,74,78,19,13.762725192586538,17.817465526664265,-0.12345939005489548,0.10391654969730564
baseline_features_shuffled_target,Physical,1,4,383,74,78,19,13.146175207680368,16.316350968118567,0.05786833397453561,0.11903949279455493
baseline_features_shuffled_target,Morgan+Physical,1,4,383,74,78,19,13.339691539430362,16.597540128448255,0.02511591907942745,0.22055133379255698
baseline_features_shuffled_target,Morgan,2,0,383,74,77,20,12.659998581674937,16.143707125916563,-0.03805772943552754,-0.009573647720938477
baseline_features_shuffled_target,Physical,2,0,383,74,77,20,13.045024807203136,17.053863992793122,-0.15840535505290632,-0.05020680873679243
baseline_features_shuffled_target,Morgan+Physical,2,0,383,74,77,20,12.809509237464699,16.411376740964318,-0.07276599079818746,-0.038822448208343484
baseline_features_shuffled_target,Morgan,2,1,341,116,77,20,14.380238927788568,19.412888684428168,-0.1245197719324398,-0.0768934944174677
baseline_features_shuffled_target,Physical,2,1,341,116,77,20,13.813962339348627,18.898731503294997,-0.06574199020447247,0.04021214035808908
baseline_features_shuffled_target,Morgan+Physical,2,1,341,116,77,20,13.974947448743622,18.997348598915178,-0.07689348959475795,-0.008316163638772594
baseline_features_shuffled_target,Morgan,2,2,380,77,78,19,11.935337248146752,14.476147270355662,0.018201959714478688,0.19704643806324973
baseline_features_shuffled_target,Physical,2,2,380,77,78,19,12.848493365672718,15.529557304505822,-0.12988521771587402,-0.06906632813977114
baseline_features_shuffled_target,Morgan+Physical,2,2,380,77,78,19,12.186566521955218,14.70489308170414,-0.01307108004346813,0.010232292954893975
baseline_features_shuffled_target,Morgan,2,3,358,99,78,19,15.322399598031092,22.799532006805965,-0.1639394976241193,-0.17906194799690697
baseline_features_shuffled_target,Physical,2,3,358,99,78,19,14.239981276248201,21.12466627640334,0.000786588865868576,0.11991786445875718
baseline_features_shuffled_target,Morgan+Physical,2,3,358,99,78,19,14.547690021722968,21.673036046402515,-0.051763384462629514,-0.10788025584015634
baseline_features_shuffled_target,Morgan,2,4,366,91,78,19,14.229307030579285,20.07026954069761,-0.09256169815469328,0.22800184816435423
baseline_features_shuffled_target,Physical,2,4,366,91,78,19,14.497913863733311,19.438039645186706,-0.024812675708023813,0.06968638189147715
baseline_features_shuffled_target,Morgan+Physical,2,4,366,91,78,19,14.272202342207352,19.224947201564106,-0.002466510115015863,0.12891820672003412
baseline_features_shuffled_target,Morgan,3,0,348,109,77,20,12.266126903036977,17.53774374171117,-0.04756572175837226,0.05336398679690313
baseline_features_shuffled_target,Physical,3,0,348,109,77,20,12.416148259812102,17.746487200700987,-0.07265148798711318,0.09414515029132244
baseline_features_shuffled_target,Morgan+Physical,3,0,348,109,77,20,12.177956797216574,17.461048556469013,-0.03842343165241213,0.0658969514644155
baseline_features_shuffled_target,Morgan,3,1,417,40,77,20,14.216077269775392,17.7970693400792,-0.7304720527525184,0.07924528442619688
baseline_features_shuffled_target,Physical,3,1,417,40,77,20,12.839792402488708,15.513189398502488,-0.3148305741129669,-0.011165321823981986
baseline_features_shuffled_target,Morgan+Physical,3,1,417,40,77,20,13.185134709579467,15.980120599810208,-0.39517186550148065,-0.006474010133233253
baseline_features_shuffled_target,Morgan,3,2,295,162,78,19,14.231738500053499,21.707909236148076,-0.028043687496293934,0.033353846340534773
baseline_features_shuffled_target,Physical,3,2,295,162,78,19,15.265415718455372,21.875674214015337,-0.04399512459401311,-0.12012880207463465
baseline_features_shuffled_target,Morgan+Physical,3,2,295,162,78,19,14.647981635011272,21.56588280737386,-0.014635511643739108,-0.07932946122253011
baseline_features_shuffled_target,Morgan,3,3,366,91,78,19,14.419340021657417,18.178890793487373,-0.07398214884434018,-0.05785822045434218
baseline_features_shuffled_target,Physical,3,3,366,91,78,19,14.234380711062922,17.662185169983736,-0.013797389477776534,0.09343505137326463
baseline_features_shuffled_target,Morgan+Physical,3,3,366,91,78,19,14.305154129195998,17.62380256882452,-0.009395906937112342,0.013974203997724843
baseline_features_shuffled_target,Morgan,3,4,402,55,78,19,12.320318538735128,14.499004614061974,-0.126808737055359,0.01946272955416971
baseline_features_shuffled_target,Physical,3,4,402,55,78,19,12.10745219671076,14.014227465183856,-0.05271825529090646,0.09315502967993924
baseline_features_shuffled_target,Morgan+Physical,3,4,402,55,78,19,12.09990094382546,14.05955159609851,-0.059538566512443936,0.10502560067256554
baseline_features_shuffled_target,Morgan,4,0,398,59,77,20,12.821724961077159,16.826906667198696,-0.05686988240291391,0.26918722219889774
baseline_features_shuffled_target,Physical,4,0,398,59,77,20,14.283800758206644,18.87084840069516,-0.3292167389164733,-0.15622487256897563
baseline_features_shuffled_target,Morgan+Physical,4,0,398,59,77,20,12.964216082401599,17.222907477715157,-0.10719951624482493,0.007830306171563073
baseline_features_shuffled_target,Morgan,4,1,340,117,77,20,14.29668048892551,22.049425044956457,-0.04656547577455372,-0.17529776469632624
baseline_features_shuffled_target,Physical,4,1,340,117,77,20,14.336326276026016,21.63549993755359,-0.0076407797521931275,-0.08368951437167285
baseline_features_shuffled_target,Morgan+Physical,4,1,340,117,77,20,14.300740897036821,21.78936472617562,-0.02202378316284448,-0.14556715782974292
baseline_features_shuffled_target,Morgan,4,2,346,111,78,19,13.006109141114383,16.117083866759327,-0.13216274187569876,-0.09522867784998182
baseline_features_shuffled_target,Physical,4,2,346,111,78,19,14.18369344523662,17.269218791893447,-0.2998143003381424,-0.10645012447628144
baseline_features_shuffled_target,Morgan+Physical,4,2,346,111,78,19,13.515148020921314,16.470039816448825,-0.18229329114414305,-0.11991347713026171
baseline_features_shuffled_target,Morgan,4,3,384,73,78,19,13.444081091538521,19.484197779930287,-0.12989661063897096,-0.07613603363396182
baseline_features_shuffled_target,Physical,4,3,384,73,78,19,13.144242107610834,18.776934129466685,-0.04935639289554761,0.16725699417773945
baseline_features_shuffled_target,Morgan+Physical,4,3,384,73,78,19,12.877386412278268,18.81009657659098,-0.05306625900862216,0.10117746203219459
baseline_features_shuffled_target,Morgan,4,4,360,97,78,19,14.547643958004038,19.328312598969354,-0.10117297392365643,0.08401138269446055
baseline_features_shuffled_target,Physical,4,4,360,97,78,19,15.244258875405222,18.967916232701057,-0.060490807207348674,0.1174368818503813
baseline_features_shuffled_target,Morgan+Physical,4,4,360,97,78,19,14.7378905093604,18.585670679028624,-0.018179004471374327,0.14392625521709929
baseline_features_shuffled_target,Morgan,5,0,394,63,77,20,12.56885984591045,14.811352332777075,0.01729607803995259,0.21766050106967003
baseline_features_shuffled_target,Physical,5,0,394,63,77,20,13.010680885503858,15.645124369986709,-0.09645623867357278,0.03209008262347373
baseline_features_shuffled_target,Morgan+Physical,5,0,394,63,77,20,12.732789331049844,14.986628237036058,-0.006099959640982089,0.11162919214182121
baseline_features_shuffled_target,Morgan,5,1,376,81,77,20,12.866503251516086,15.05344078848683,-0.261859844755463,-0.06310276764766048
baseline_features_shuffled_target,Physical,5,1,376,81,77,20,13.086048453418119,15.652803481478665,-0.3643438217986974,-0.1478748467215265
baseline_features_shuffled_target,Morgan+Physical,5,1,376,81,77,20,12.926751001504025,15.187516056277328,-0.2844377561594249,-0.1546453205244109
baseline_features_shuffled_target,Morgan,5,2,346,111,78,19,13.409652857283858,18.956008957482947,-0.12118961932116368,-0.08884577948329338
baseline_features_shuffled_target,Physical,5,2,346,111,78,19,14.779464348691649,19.157852476313806,-0.14519358610864597,-0.057678734714983845
baseline_features_shuffled_target,Morgan+Physical,5,2,346,111,78,19,13.899227886605477,18.575509366885445,-0.07663060396300936,-0.09377082691196093
baseline_features_shuffled_target,Morgan,5,3,329,128,78,19,14.556335763978957,23.05252332913296,-0.037322247158917854,-0.04238440310059376
baseline_features_shuffled_target,Physical,5,3,329,128,78,19,14.377133702087402,22.5607574604023,0.006462862861263519,0.022366093069917707
baseline_features_shuffled_target,Morgan+Physical,5,3,329,128,78,19,14.366014738428593,22.69549728800789,-0.005439997797167528,0.007703190753144345
baseline_features_shuffled_target,Morgan,5,4,383,74,78,19,15.07012331318211,19.77235774103839,-0.3096906195654119,-0.1782579530283045
baseline_features_shuffled_target,Physical,5,4,383,74,78,19,13.49264790818498,17.370286839963622,-0.010801268162761613,0.028688147610253338
baseline_features_shuffled_target,Morgan+Physical,5,4,383,74,78,19,14.245521808830468,18.104363664429382,-0.09804042039110694,-0.0465978542320549
baseline_features_shuffled_target,Morgan,6,0,414,43,77,20,13.39374419626635,15.614479639754204,-0.13575519198039587,-0.19401767595006533
baseline_features_shuffled_target,Physical,6,0,414,43,77,20,14.88541756024028,17.457424292493638,-0.4196785937614915,-0.32490296804868146
baseline_features_shuffled_target,Morgan+Physical,6,0,414,43,77,20,13.917854083677781,16.32538469222539,-0.2415280811666567,-0.307512304178261
baseline_features_shuffled_target,Morgan,6,1,397,60,77,20,15.005006424153645,19.004582522058886,-0.07479750291282516,0.09455435544230816
baseline_features_shuffled_target,Physical,6,1,397,60,77,20,15.057880679651896,18.53510763123935,-0.02235142274399715,0.09812952977192348
baseline_features_shuffled_target,Morgan+Physical,6,1,397,60,77,20,15.019386879170735,18.53617589487754,-0.02246927178427849,0.11403941951952558
baseline_features_shuffled_target,Morgan,6,2,331,126,78,19,12.061833367653497,14.629290862081564,-0.055964100004641804,0.25459322610355756
baseline_features_shuffled_target,Physical,6,2,331,126,78,19,12.835876019117569,15.660094373886576,-0.21001667162320503,0.00481519124672993
baseline_features_shuffled_target,Morgan+Physical,6,2,331,126,78,19,12.333146163020057,14.765026591864924,-0.07565022174974567,0.07795192729549914
baseline_features_shuffled_target,Morgan,6,3,333,124,78,19,13.353125775626395,21.958083558338334,-0.03569237189124497,-0.0026438922943129205
baseline_features_shuffled_target,Physical,6,3,333,124,78,19,13.982466535888179,21.31304987741726,0.02426223699549135,0.10222287768305771
baseline_features_shuffled_target,Morgan+Physical,6,3,333,124,78,19,13.459047883630566,21.44968294681954,0.011711674598224975,0.08613585009135476
baseline_features_shuffled_target,Morgan,6,4,353,104,78,19,13.61488427575625,19.65096939618595,-0.023043912218705165,0.176798015245421
baseline_features_shuffled_target,Physical,6,4,353,104,78,19,16.278208820736225,20.99598603923686,-0.16788173786025795,-0.08349397401152363
baseline_features_shuffled_target,Morgan+Physical,6,4,353,104,78,19,14.736999150155874,19.810247758029487,-0.039695420351103294,-0.06685934364649962
baseline_features_shuffled_target,Morgan,7,0,343,114,77,20,13.017717927738659,16.393998541689474,-0.08337328116183018,-0.06415944615909575
baseline_features_shuffled_target,Physical,7,0,343,114,77,20,12.305233654330072,15.535043056094569,0.02717827915748383,0.0538688714472933
baseline_features_shuffled_target,Morgan+Physical,7,0,343,114,77,20,12.56855899419952,15.745301221474636,0.000666874948757834,0.007132117785583548
baseline_features_shuffled_target,Morgan,7,1,380,77,77,20,15.965221018605414,21.958479753428477,-0.07801827774228398,0.000525134530528013
baseline_features_shuffled_target,Physical,7,1,380,77,77,20,14.952016539536514,20.967234815001536,0.01711229285627458,0.18670305488401281
baseline_features_shuffled_target,Morgan+Physical,7,1,380,77,77,20,15.336484521444742,21.229736381962265,-0.007652503732016314,0.17883854002707086
baseline_features_shuffled_target,Morgan,7,2,377,80,78,19,12.575155459804535,14.81176934156126,-0.11339421875348688,-0.030103877662087646
baseline_features_shuffled_target,Physical,7,2,377,80,78,19,13.104823302097321,15.952311697746508,-0.29146409064514245,-0.1326421425631814
baseline_features_shuffled_target,Morgan+Physical,7,2,377,80,78,19,12.647028868980408,15.131118536350925,-0.1619224643435031,-0.12497144124243505
baseline_features_shuffled_target,Morgan,7,3,379,78,78,19,11.856662398779454,17.202764823842614,-0.113497464904184,-0.01764298748653075
baseline_features_shuffled_target,Physical,7,3,379,78,78,19,11.880212418165941,17.04846907654732,-0.0936125880421168,-0.034315395054863536
baseline_features_shuffled_target,Morgan+Physical,7,3,379,78,78,19,11.80254373420911,17.00200494439657,-0.08765961768159225,-0.019974252075995114
baseline_features_shuffled_target,Morgan,7,4,349,108,78,19,13.83091486118458,22.17153964455941,-0.011339935948937896,0.2141432024952392
baseline_features_shuffled_target,Physical,7,4,349,108,78,19,15.410567555604162,22.37411734207683,-0.029905256451928652,-0.04668121045780542
baseline_features_shuffled_target,Morgan+Physical,7,4,349,108,78,19,14.346673310597739,22.00349332234148,0.003932606689556972,-0.007086798274235531
baseline_features_shuffled_target,Morgan,8,0,321,136,77,20,12.33930597784379,17.162159951981884,-0.03275214336214671,0.05286990853854511
baseline_features_shuffled_target,Physical,8,0,321,136,77,20,13.192327364495222,18.16412216275433,-0.1568606327644173,-0.04728042183442265
baseline_features_shuffled_target,Morgan+Physical,8,0,321,136,77,20,12.623861259595087,17.497151671836555,-0.07346262305788875,0.005429542410796179
baseline_features_shuffled_target,Morgan,8,1,375,82,77,20,11.913190724554296,15.098185154633283,-0.049603611628251,0.03131014875122778
baseline_features_shuffled_target,Physical,8,1,375,82,77,20,11.8316075025605,15.474687283554758,-0.10260405503597769,0.015606878567385398
baseline_features_shuffled_target,Morgan+Physical,8,1,375,82,77,20,11.28930772392459,14.741737483579067,-0.0006291921450731763,0.1357536867565311
baseline_features_shuffled_target,Morgan,8,2,377,80,78,19,15.104793043838502,23.3906226487255,-0.03105403415177954,-0.12235562624685954
baseline_features_shuffled_target,Physical,8,2,377,80,78,19,15.267758930908204,22.553569089206366,0.04141988107924599,-0.04149598841076362
baseline_features_shuffled_target,Morgan+Physical,8,2,377,80,78,19,15.141791046844483,22.87619723606138,0.01379880354402041,-0.0322433458336041
baseline_features_shuffled_target,Morgan,8,3,406,51,78,19,15.41159630961699,20.280614923535126,-0.19279625316962234,-0.0871302339265349
baseline_features_shuffled_target,Physical,8,3,406,51,78,19,16.22699344264012,19.682235856877618,-0.12344778352909325,-0.20970554161251098
baseline_features_shuffled_target,Morgan+Physical,8,3,406,51,78,19,15.481334413296569,19.476632279593563,-0.10009896954769437,-0.07091283992142437
baseline_features_shuffled_target,Morgan,8,4,349,108,78,19,13.746006147624827,18.501635999959774,-0.015461304498926243,0.11574338650884913
baseline_features_shuffled_target,Physical,8,4,349,108,78,19,14.774114718642059,19.012004451702445,-0.07225709469496722,0.03191062821905999
baseline_features_shuffled_target,Morgan+Physical,8,4,349,108,78,19,14.202105991250496,18.507525579029856,-0.016107905863954164,0.06090335852703862
baseline_features_shuffled_target,Morgan,9,0,389,68,77,20,13.352984682105571,15.271804083763428,-0.08287456817879191,0.11227642136663739
baseline_features_shuffled_target,Physical,9,0,389,68,77,20,12.89400250448339,15.541812714012131,-0.12150395274946368,0.05304947723474046
baseline_features_shuffled_target,Morgan+Physical,9,0,389,68,77,20,13.0533073662253,15.175941092182393,-0.06932256233511436,0.12043820327814951
baseline_features_shuffled_target,Morgan,9,1,351,106,77,20,14.58078210571577,20.33478230476243,-0.09929706935699789,-0.07794907187171586
baseline_features_shuffled_target,Physical,9,1,351,106,77,20,14.559758376283465,20.024384651279174,-0.06599305091859642,-0.04523983581116228
baseline_features_shuffled_target,Morgan+Physical,9,1,351,106,77,20,14.36442874865262,19.964664514437864,-0.059644159678537756,-0.09025751171432331
baseline_features_shuffled_target,Morgan,9,2,359,98,78,19,14.20013954101874,23.709990739463713,-0.007601885025653843,0.10402928638327245
baseline_features_shuffled_target,Physical,9,2,359,98,78,19,14.790317832650944,23.041772059672034,0.04839228419066999,0.12029453525484232
baseline_features_shuffled_target,Morgan+Physical,9,2,359,98,78,19,14.256746421907385,23.23407351268606,0.032442194429090465,0.12949914721338412
baseline_features_shuffled_target,Morgan,9,3,366,91,78,19,11.835763250376942,15.32663557614198,-0.0805186162513487,0.057482186970368644
baseline_features_shuffled_target,Physical,9,3,366,91,78,19,12.336121132698477,15.100214730596964,-0.04882936360224277,0.10652579707040628
baseline_features_shuffled_target,Morgan+Physical,9,3,366,91,78,19,11.877650038629891,14.83764746840626,-0.012671733955940567,0.15879156181544907
baseline_features_shuffled_target,Morgan,9,4,363,94,78,19,13.550795696875387,16.346850783847035,-0.041521024457806366,0.18387237054676617
baseline_features_shuffled_target,Physical,9,4,363,94,78,19,13.387467519930576,16.49030881496257,-0.059881769259555684,-0.028578892423400525
baseline_features_shuffled_target,Morgan+Physical,9,4,363,94,78,19,13.377093147651182,16.306793424809683,-0.03642286031669295,-0.03013588910838212
no_information_floor,Morgan+Physical,0,0,328,129,77,20,13.189227358668935,18.145798734427718,-0.003777672487803141,nan
no_information_floor,Morgan+Physical,0,1,321,136,77,20,13.945906443100604,20.850050469744545,-0.001267445493470909,nan
no_information_floor,Morgan+Physical,0,2,385,72,78,19,12.13059151226551,17.228669741625787,-0.00262398863947344,nan
no_information_floor,Morgan+Physical,0,3,411,46,78,19,14.206023633767057,16.032272927365188,-3.941036166255074e-05,nan
no_information_floor,Morgan+Physical,0,4,383,74,78,19,13.212559146849198,15.945974396651794,-0.016139277587046363,nan
no_information_floor,Morgan+Physical,1,0,355,102,77,20,13.002812189450431,16.75900626979543,-0.028324590785119064,nan
no_information_floor,Morgan+Physical,1,1,379,78,77,20,15.111780686015836,24.20410838466315,-0.05342294604391129,nan
no_information_floor,Morgan+Physical,1,2,365,92,78,19,14.119818645026802,18.56459292777373,-0.0007756550320330291,nan
no_information_floor,Morgan+Physical,1,3,346,111,78,19,12.308571195646515,15.765882152731638,-0.018059886911317324,nan
no_information_floor,Morgan+Physical,1,4,383,74,78,19,13.281309898384023,16.862205451451448,-0.006223085751330348,nan
no_information_floor,Morgan+Physical,2,0,383,74,77,20,12.856661955401881,16.152646183720044,-0.039207629767526786,nan
no_information_floor,Morgan+Physical,2,1,341,116,77,20,13.70035254019618,18.725580152074734,-0.04630266364512625,nan
no_information_floor,Morgan+Physical,2,2,380,77,78,19,12.211875550239235,14.68322386806037,-0.010087545390351282,nan
no_information_floor,Morgan+Physical,2,3,358,99,78,19,13.868609636589358,21.16743546377808,-0.003263539683518335,nan
no_information_floor,Morgan+Physical,2,4,366,91,78,19,14.037432964630998,19.209598914565074,-0.0008665055211067862,nan
no_information_floor,Morgan+Physical,3,0,348,109,77,20,12.54707442159654,17.253059376848043,-0.01383218246927087,nan
no_information_floor,Morgan+Physical,3,1,417,40,77,20,11.91416581294964,13.874647283046208,-0.05174754663294534,nan
no_information_floor,Morgan+Physical,3,2,295,162,78,19,13.917958285415358,21.533094407345338,-0.011552588020611099,nan
no_information_floor,Morgan+Physical,3,3,366,91,78,19,14.47010633579535,17.678784764706347,-0.01570389580483167,nan
no_information_floor,Morgan+Physical,3,4,402,55,78,19,12.187223375848035,13.942491764514575,-0.04196857918126029,nan
no_information_floor,Morgan+Physical,4,0,398,59,77,20,12.908945192062005,16.369973275592,-0.00025076247567490384,nan
no_information_floor,Morgan+Physical,4,1,340,117,77,20,14.263850194067372,21.556677599767493,-0.0003120910234997165,nan
no_information_floor,Morgan+Physical,4,2,346,111,78,19,12.48854190959746,15.22736515436433,-0.01061432915473759,nan
no_information_floor,Morgan+Physical,4,3,384,73,78,19,12.967011619577626,18.414604385522317,-0.00924924508038294,nan
no_information_floor,Morgan+Physical,4,4,360,97,78,19,13.92893082760596,18.419052448190747,-5.137696059476227e-06,nan
no_information_floor,Morgan+Physical,5,0,394,63,77,20,13.167707844653934,15.079993278755872,-0.018674791578760397,nan
no_information_floor,Morgan+Physical,5,1,376,81,77,20,12.451342545967954,13.930831364336402,-0.08067133804285165,nan
no_information_floor,Morgan+Physical,5,2,346,111,78,19,13.041508171119098,17.92663346956979,-0.0027270608005924846,nan
no_information_floor,Morgan+Physical,5,3,329,128,78,19,14.204246807085866,22.668905127071543,-0.0030852436168891106,nan
no_information_floor,Morgan+Physical,5,4,383,74,78,19,13.626550482675889,17.493685559220832,-0.02521376812556575,nan
no_information_floor,Morgan+Physical,6,0,414,43,77,20,12.82977400292102,14.656396238008384,-0.0006543663829363666,nan
no_information_floor,Morgan+Physical,6,1,397,60,77,20,15.060647659109994,18.764770389207545,-0.04784366098556703,nan
no_information_floor,Morgan+Physical,6,2,331,126,78,19,12.220717184577762,14.61082749372903,-0.05330035490058371,nan
no_information_floor,Morgan+Physical,6,3,333,124,78,19,13.530860321127578,21.578605368412504,-0.00020415914920213218,nan
no_information_floor,Morgan+Physical,6,4,353,104,78,19,14.176357088690347,19.437769326941645,-0.0009656282207062272,nan
no_information_floor,Morgan+Physical,7,0,343,114,77,20,12.5867585586415,15.7621015804961,-0.0014668552512981936,nan
no_information_floor,Morgan+Physical,7,1,380,77,77,20,15.506069084757351,21.343024357646286,-0.01843544441428069,nan
no_information_floor,Morgan+Physical,7,2,377,80,78,19,12.718551418435014,14.457634959844299,-0.0607904260173624,nan
no_information_floor,Morgan+Physical,7,3,379,78,78,19,11.76485681347676,16.49554592437298,-0.023825906571647737,nan
no_information_floor,Morgan+Physical,7,4,349,108,78,19,14.38231623474477,22.127581897276638,-0.0073337048866566334,nan
no_information_floor,Morgan+Physical,8,0,321,136,77,20,12.61192314870808,16.902810417778124,-0.0017746906822011521,nan
no_information_floor,Morgan+Physical,8,1,375,82,77,20,11.840520704390244,14.737468542763184,-4.974778694344373e-05,nan
no_information_floor,Morgan+Physical,8,2,377,80,78,19,14.95612518766578,23.142234833561943,-0.00927252984907323,nan
no_information_floor,Morgan+Physical,8,3,406,51,78,19,14.644332461122382,18.59635928422699,-0.0029052036385628366,nan
no_information_floor,Morgan+Physical,8,4,349,108,78,19,13.756230625066328,18.362967973199186,-0.00029677213843926076,nan
no_information_floor,Morgan+Physical,9,0,389,68,77,20,12.511690866475123,14.738318820376216,-0.008540540076270586,nan
no_information_floor,Morgan+Physical,9,1,351,106,77,20,14.166521879804336,19.449540375745247,-0.005668160984636517,nan
no_information_floor,Morgan+Physical,9,2,359,98,78,19,14.477803726905805,23.62358485585981,-0.0002712967014544265,nan
no_information_floor,Morgan+Physical,9,3,366,91,78,19,11.866763876778958,14.744692081224285,-2.3040337131963184e-05,nan
no_information_floor,Morgan+Physical,9,4,363,94,78,19,13.357872767715849,16.049569034601177,-0.0039835447434388715,nan
no_information_floor_real_labels,Morgan+Physical,0,0,328,129,77,20,15.018556435526563,17.981824488904355,-0.8534256248994327,nan
no_information_floor_real_labels,Morgan+Physical,0,1,321,136,77,20,15.35463141973612,18.62009170104264,-0.4894779642098488,nan
no_information_floor_real_labels,Morgan+Physical,0,2,385,72,78,19,11.455430492063492,12.039248127293872,-0.7920547918089911,nan
no_information_floor_real_labels,Morgan+Physical,0,3,411,46,78,19,14.086409694276945,27.325204038778505,-0.0024809324889623063,nan
no_information_floor_real_labels,Morgan+Physical,0,4,383,74,78,19,16.16624524874744,23.05331977488437,-0.1002987135162201,nan
no_information_floor_real_labels,Morgan+Physical,1,0,355,102,77,20,13.562477591273128,14.688025844225916,-1.0747332702102965,nan
no_information_floor_real_labels,Morgan+Physical,1,1,379,78,77,20,12.318268010283473,24.77543843032655,-0.003665495676375974,nan
no_information_floor_real_labels,Morgan+Physical,1,2,365,92,78,19,16.77615886956522,18.987326656564548,-0.2628674980676273,nan
no_information_floor_real_labels,Morgan+Physical,1,3,346,111,78,19,13.70993762276728,19.219192051935494,-0.000466970586494142,nan
no_information_floor_real_labels,Morgan+Physical,1,4,383,74,78,19,12.291644653164912,15.181154434079318,-0.14282306511242826,nan
no_information_floor_real_labels,Morgan+Physical,2,0,383,74,77,20,18.39618276197869,23.96372740732386,-0.17458926873227765,nan
no_information_floor_real_labels,Morgan+Physical,2,1,341,116,77,20,14.133869410456061,15.433929377694016,-2.2027641529336477,nan
no_information_floor_real_labels,Morgan+Physical,2,2,380,77,78,19,13.793657542720435,25.51953319624981,-0.17290701696455724,nan
no_information_floor_real_labels,Morgan+Physical,2,3,358,99,78,19,12.345891799559842,14.370440896938298,-1.893115432209791,nan
no_information_floor_real_labels,Morgan+Physical,2,4,366,91,78,19,16.831432602534072,19.455831235035703,-0.4827983073748263,nan
no_information_floor_real_labels,Morgan+Physical,3,0,348,109,77,20,13.287000698618579,19.921245727581734,-0.000674848668488659,nan
no_information_floor_real_labels,Morgan+Physical,3,1,417,40,77,20,16.913198556354917,25.189571420612374,-0.05139142433022692,nan
no_information_floor_real_labels,Morgan+Physical,3,2,295,162,78,19,11.746314016321408,14.553426485158878,-0.0005834584420927325,nan
no_information_floor_real_labels,Morgan+Physical,3,3,366,91,78,19,16.511260832282474,21.699287245918363,-0.0032209930069262427,nan
no_information_floor_real_labels,Morgan+Physical,3,4,402,55,78,19,10.791135253731342,12.113611688718157,-0.1221322871226258,nan
no_information_floor_real_labels,Morgan+Physical,4,0,398,59,77,20,9.154664761945323,22.588665860821077,-0.0028648881087107725,nan
no_information_floor_real_labels,Morgan+Physical,4,1,340,117,77,20,13.075013846153848,14.502117692836874,-1.201496762329529,nan
no_information_floor_real_labels,Morgan+Physical,4,2,346,111,78,19,16.777544778940793,21.07712301255561,-0.10056930290385946,nan
no_information_floor_real_labels,Morgan+Physical,4,3,384,73,78,19,14.005005966752282,19.67738662907032,-0.09465546007778025,nan
no_information_floor_real_labels,Morgan+Physical,4,4,360,97,78,19,15.15720320332188,18.377788622852385,-0.3182914095143228,nan
no_information_floor_real_labels,Morgan+Physical,5,0,394,63,77,20,9.319280490693739,17.176984752000287,-0.003051115047773445,nan
no_information_floor_real_labels,Morgan+Physical,5,1,376,81,77,20,14.984482092198581,16.778488724279978,-0.018436328742106767,nan
no_information_floor_real_labels,Morgan+Physical,5,2,346,111,78,19,18.176202275165338,23.919058585835625,-0.0326460122067469,nan
no_information_floor_real_labels,Morgan+Physical,5,3,329,128,78,19,9.193235669642858,10.737741057436946,-0.01303668522701118,nan
no_information_floor_real_labels,Morgan+Physical,5,4,383,74,78,19,15.37125954696211,21.733289728973386,-0.011901287595315724,nan
no_information_floor_real_labels,Morgan+Physical,6,0,414,43,77,20,13.347961084147848,21.746995913026772,-0.022663611257179417,nan
no_information_floor_real_labels,Morgan+Physical,6,1,397,60,77,20,17.681295736356002,25.465611328687007,-0.04989154663345907,nan
no_information_floor_real_labels,Morgan+Physical,6,2,331,126,78,19,14.81537049201554,16.5445235327764,-1.590596207990492,nan
no_information_floor_real_labels,Morgan+Physical,6,3,333,124,78,19,11.072021089799478,12.040300898870276,-0.015068150581596607,nan
no_information_floor_real_labels,Morgan+Physical,6,4,353,104,78,19,16.03150115602528,23.548676089188195,-0.29271108264621626,nan
no_information_floor_real_labels,Morgan+Physical,7,0,343,114,77,20,12.350415094880056,14.042936929714422,-0.14304421594716055,nan
no_information_floor_real_labels,Morgan+Physical,7,1,380,77,77,20,19.968211021872868,24.430770163894117,-0.3822693036904745,nan
no_information_floor_real_labels,Morgan+Physical,7,2,377,80,78,19,14.474930637267903,15.816566549454608,-1.0024048648994324,nan
no_information_floor_real_labels,Morgan+Physical,7,3,379,78,78,19,12.923010429605577,21.68507619711339,-0.11280792240882653,nan
no_information_floor_real_labels,Morgan+Physical,7,4,349,108,78,19,12.54258089886448,19.690815014896206,-0.3075361534143233,nan
no_information_floor_real_labels,Morgan+Physical,8,0,321,136,77,20,13.565431119662819,18.948421808208007,-0.034513166753693314,nan
no_information_floor_real_labels,Morgan+Physical,8,1,375,82,77,20,13.010868617886176,15.42556816876023,-0.015937087408492978,nan
no_information_floor_real_labels,Morgan+Physical,8,2,377,80,78,19,11.457855618700266,13.369328171735237,-0.7895187093369274,nan
no_information_floor_real_labels,Morgan+Physical,8,3,406,51,78,19,18.2255530831643,30.01715566895229,-0.17827519558027016,nan
no_information_floor_real_labels,Morgan+Physical,8,4,349,108,78,19,13.541787037037041,16.935333211779657,-0.1592153775966323,nan
no_information_floor_real_labels,Morgan+Physical,9,0,389,68,77,20,12.6786163269318,19.556308200388546,-0.01560779211974972,nan
no_information_floor_real_labels,Morgan+Physical,9,1,351,106,77,20,14.304660683760682,17.662953399685023,-0.4811659482633863,nan
no_information_floor_real_labels,Morgan+Physical,9,2,359,98,78,19,11.101832393837755,19.051833167488283,-0.07386098210358982,nan
no_information_floor_real_labels,Morgan+Physical,9,3,366,91,78,19,11.644725700474387,12.920604251609554,-0.0031320146638191826,nan
no_information_floor_real_labels,Morgan+Physical,9,4,363,94,78,19,19.190721530390952,23.228541958739648,-0.09988557127940823,nan
